record_type,run_id,dgp,N,T,replication,method,target,primary_status,status,completed_dgp_replication,point_estimate_valid,inference_valid,retained_for_bias_rmse,retained_for_coverage,retained_for_rejection,supplied_rank_vector,selected_rank_vector,cap_pilot_rank,candidate_coverage,rank_selection_diagnostics,expected_fit_count,semantic_replication_id,dgp_realization_hash,replication_runtime_seconds,exception_type,exception_message,unconstrained_outside_box,constrained_fallback_used,boundary_active,constrained_solver_status,estimate,truth,standard_error,variance,extreme_estimate_flag,true_rank_vector,rank_classification,pilot_accepted,final_postrefit_valid
replication,f6c655e22d7c8930,1,100,100,0,selected_rank,__replication__,rank_selection_numerically_unresolved,rank_selection_numerically_unresolved,True,False,False,False,False,False,,,,,,3,dgp1_N100_T100_r00000_truth1-0-2,2268ea6113e315728d2388f2cb5de7da6c6bf28e519e2993bdb9ca868ba79f76,48.55352699999639,,rank_selection_numerically_unresolved: cap+1 pilot failed maintained acceptance diagnostics,True,True,True,constrained_optimality_failure,,,,,False,"(1,0,2)",unresolved,False,False
replication,f6c655e22d7c8930,1,100,100,1,selected_rank,__replication__,rank_selection_numerically_unresolved,rank_selection_numerically_unresolved,True,False,False,False,False,False,,,,,,3,dgp1_N100_T100_r00001_truth1-0-2,94eb109b2c181cf733dd5ec62e9c8f55bbac69f83470943a1c5831b2f6570700,48.48079719999805,,rank_selection_numerically_unresolved: cap+1 pilot failed maintained acceptance diagnostics,True,True,True,constrained_optimality_failure,,,,,False,"(1,0,2)",unresolved,False,False
replication,f6c655e22d7c8930,1,100,100,2,selected_rank,__replication__,rank_selection_numerically_unresolved,rank_selection_numerically_unresolved,True,False,False,False,False,False,,,,,,3,dgp1_N100_T100_r00002_truth1-0-2,460d040e00dd04334e45d958229d30108a574268d218d5034f0263cec6568bae,18.96649909998814,,rank_selection_numerically_unresolved: cap+1 pilot failed maintained acceptance diagnostics,False,False,False,not_needed_interior_fast_path,,,,,False,"(1,0,2)",unresolved,False,False
replication,f6c655e22d7c8930,1,100,100,0,selected_rank,__replication__,rank_selection_numerically_unresolved,rank_selection_numerically_unresolved,True,False,False,False,False,False,,,,,,3,dgp1_N100_T100_r00000_truth1-1-1,015cf4ed92c19e21649ba55ad263d11a69ced524679632f7b4e8e17e7e7bd087,100.78500869999698,,rank_selection_numerically_unresolved: cap+1 pilot failed maintained acceptance diagnostics,True,True,True,success,,,,,False,"(1,1,1)",unresolved,False,False
replication,f6c655e22d7c8930,1,100,100,1,selected_rank,__replication__,rank_selection_numerically_unresolved,rank_selection_numerically_unresolved,True,False,False,False,False,False,,,,,,3,dgp1_N100_T100_r00001_truth1-1-1,dd78c9e7d12f39c924f3e88d39eeee943c464b21565d4a90ab06cdbe7de36ff2,99.93867469999532,,rank_selection_numerically_unresolved: cap+1 pilot failed maintained acceptance diagnostics,True,True,True,constrained_optimality_failure,,,,,False,"(1,1,1)",unresolved,False,False
replication,f6c655e22d7c8930,1,100,100,2,selected_rank,__replication__,rank_selection_numerically_unresolved,rank_selection_numerically_unresolved,True,False,False,False,False,False,,,,,,3,dgp1_N100_T100_r00002_truth1-1-1,78979070d4f8ceff0b43f1c6d8aad33b21b82cfbca408fb9fa53571c0fd94168,76.58377250000194,,rank_selection_numerically_unresolved: cap+1 pilot failed maintained acceptance diagnostics,True,True,True,constrained_optimality_failure,,,,,False,"(1,1,1)",unresolved,False,False
replication,f6c655e22d7c8930,1,100,100,0,selected_rank,__replication__,rank_selection_numerically_unresolved,rank_selection_numerically_unresolved,True,False,False,False,False,False,,,,,,3,dgp1_N100_T100_r00000_truth2-1-1,08444d93ee6d8e058bd0d0706fda06282759009a218b30299d6956c4f0b9d144,26.2062975000008,,rank_selection_numerically_unresolved: cap+1 pilot failed maintained acceptance diagnostics,False,False,False,not_needed_interior_fast_path,,,,,False,"(2,1,1)",unresolved,False,False
replication,f6c655e22d7c8930,1,100,100,1,selected_rank,__replication__,rank_selection_numerically_unresolved,rank_selection_numerically_unresolved,True,False,False,False,False,False,,,,,,3,dgp1_N100_T100_r00001_truth2-1-1,98ebddb0153805751311b3434305b6d4f31405c409955159b41e83ed5bb3f527,28.214665499996045,,rank_selection_numerically_unresolved: cap+1 pilot failed maintained acceptance diagnostics,False,False,False,not_needed_interior_fast_path,,,,,False,"(2,1,1)",unresolved,False,False
replication,f6c655e22d7c8930,1,100,100,2,selected_rank,__replication__,rank_selection_numerically_unresolved,rank_selection_numerically_unresolved,True,False,False,False,False,False,,,,,,3,dgp1_N100_T100_r00002_truth2-1-1,89e8a065dbb671566ba7e9a1126a396ad5000cff1951248ef6d1f9dcf703c878,28.557748399995035,,rank_selection_numerically_unresolved: cap+1 pilot failed maintained acceptance diagnostics,False,False,False,not_needed_interior_fast_path,,,,,False,"(2,1,1)",unresolved,False,False
replication,f6c655e22d7c8930,1,100,200,0,selected_rank,__replication__,rank_selection_numerically_unresolved,rank_selection_numerically_unresolved,True,False,False,False,False,False,,,,,,3,dgp1_N100_T200_r00000_truth1-0-2,4fcb9056da9ef76d489d7004bbe57eb86c05bc11d643ebeabec3ff59e94f2c41,81.72793589999492,,rank_selection_numerically_unresolved: cap+1 pilot failed maintained acceptance diagnostics,True,True,True,constrained_optimality_failure,,,,,False,"(1,0,2)",unresolved,False,False
replication,f6c655e22d7c8930,1,100,200,1,selected_rank,__replication__,rank_selection_numerically_unresolved,rank_selection_numerically_unresolved,True,False,False,False,False,False,,,,,,3,dgp1_N100_T200_r00001_truth1-0-2,d41336b54b844c5fbae13c3a780f656a65fbba7c6dfb357f0511379160fd0003,33.22653890000947,,rank_selection_numerically_unresolved: cap+1 pilot failed maintained acceptance diagnostics,False,False,False,not_needed_interior_fast_path,,,,,False,"(1,0,2)",unresolved,False,False
replication,f6c655e22d7c8930,1,100,200,2,selected_rank,__replication__,rank_selection_numerically_unresolved,rank_selection_numerically_unresolved,True,False,False,False,False,False,,,,,,3,dgp1_N100_T200_r00002_truth1-0-2,68c95c38450c6841c028605e5f0cf6e8690cca2fc8a10a50fa3b4effcda2d760,33.00081529999443,,rank_selection_numerically_unresolved: cap+1 pilot failed maintained acceptance diagnostics,False,False,False,not_needed_interior_fast_path,,,,,False,"(1,0,2)",unresolved,False,False
replication,f6c655e22d7c8930,1,100,200,0,selected_rank,__replication__,rank_selection_numerically_unresolved,rank_selection_numerically_unresolved,True,False,False,False,False,False,,,,,,3,dgp1_N100_T200_r00000_truth1-1-1,faa9efb53617d2d67d5fc77e2668871d9ad3ea9fe3399f9491bc84592fa8b931,186.3122055999993,,rank_selection_numerically_unresolved: cap+1 pilot failed maintained acceptance diagnostics,True,True,True,constrained_optimality_failure,,,,,False,"(1,1,1)",unresolved,False,False
replication,f6c655e22d7c8930,1,100,200,1,selected_rank,__replication__,rank_selection_numerically_unresolved,rank_selection_numerically_unresolved,True,False,False,False,False,False,,,,,,3,dgp1_N100_T200_r00001_truth1-1-1,a7d8fa2c6c83bea6e220f74fb295bcbdc089593aad4f4b78851bda8c029d6845,184.70135540000047,,rank_selection_numerically_unresolved: cap+1 pilot failed maintained acceptance diagnostics,True,True,True,constrained_optimality_failure,,,,,False,"(1,1,1)",unresolved,False,False
replication,f6c655e22d7c8930,1,100,200,2,selected_rank,__replication__,rank_selection_numerically_unresolved,rank_selection_numerically_unresolved,True,False,False,False,False,False,,,,,,3,dgp1_N100_T200_r00002_truth1-1-1,84907761fca748d52525db58752e571ca6eac65cd20012acae70b83bf06fd3b4,133.51136000000406,,rank_selection_numerically_unresolved: cap+1 pilot failed maintained acceptance diagnostics,True,True,True,constrained_optimality_failure,,,,,False,"(1,1,1)",unresolved,False,False
replication,f6c655e22d7c8930,1,100,200,0,selected_rank,__replication__,rank_selection_numerically_unresolved,rank_selection_numerically_unresolved,True,False,False,False,False,False,,,,,,3,dgp1_N100_T200_r00000_truth2-1-1,30007f1e4229be0f98cf2d91af5e6212f1634d5ec325f79376eb07755dfd5e66,50.74733539999579,,rank_selection_numerically_unresolved: cap+1 pilot failed maintained acceptance diagnostics,False,False,False,not_needed_interior_fast_path,,,,,False,"(2,1,1)",unresolved,False,False
replication,f6c655e22d7c8930,1,100,200,1,selected_rank,__replication__,rank_selection_numerically_unresolved,rank_selection_numerically_unresolved,True,False,False,False,False,False,,,,,,3,dgp1_N100_T200_r00001_truth2-1-1,d807dbd41ae60034fa4cea0e16262e6328130f43035934a04e2d86a057984038,140.63027800001146,,rank_selection_numerically_unresolved: cap+1 pilot failed maintained acceptance diagnostics,True,True,True,constrained_optimality_failure,,,,,False,"(2,1,1)",unresolved,False,False
replication,f6c655e22d7c8930,1,100,200,2,selected_rank,__replication__,rank_selection_numerically_unresolved,rank_selection_numerically_unresolved,True,False,False,False,False,False,,,,,,3,dgp1_N100_T200_r00002_truth2-1-1,ecb2674d690afb1d4b3fa7a40eb3fe9435e6e7e39a49cf3913f3d96283f11944,53.64987009999459,,rank_selection_numerically_unresolved: cap+1 pilot failed maintained acceptance diagnostics,False,False,False,not_needed_interior_fast_path,,,,,False,"(2,1,1)",unresolved,False,False
replication,f6c655e22d7c8930,1,200,100,0,selected_rank,__replication__,rank_selection_numerically_unresolved,rank_selection_numerically_unresolved,True,False,False,False,False,False,,,,,,3,dgp1_N200_T100_r00000_truth1-0-2,8364a538fe0069cc296e27bfdfb5e797674baef6f14d82e69fd07e540a21a4c0,32.44710949998989,,rank_selection_numerically_unresolved: cap+1 pilot failed maintained acceptance diagnostics,False,False,False,not_needed_interior_fast_path,,,,,False,"(1,0,2)",unresolved,False,False
replication,f6c655e22d7c8930,1,200,100,1,selected_rank,__replication__,rank_selection_numerically_unresolved,rank_selection_numerically_unresolved,True,False,False,False,False,False,,,,,,3,dgp1_N200_T100_r00001_truth1-0-2,1a234f8099ce90bc243642694fbff569b515d9817e68febde3f5d09e7bc1cf33,76.0474022999988,,rank_selection_numerically_unresolved: cap+1 pilot failed maintained acceptance diagnostics,True,True,True,success,,,,,False,"(1,0,2)",unresolved,False,False
replication,f6c655e22d7c8930,1,200,100,2,selected_rank,__replication__,rank_selection_numerically_unresolved,rank_selection_numerically_unresolved,True,False,False,False,False,False,,,,,,3,dgp1_N200_T100_r00002_truth1-0-2,66ddb16d9ae72dbce813e21e36edfa189aee40a7379d3f20a70c41aae232224a,31.386875500000315,,rank_selection_numerically_unresolved: cap+1 pilot failed maintained acceptance diagnostics,False,False,False,not_needed_interior_fast_path,,,,,False,"(1,0,2)",unresolved,False,False
replication,f6c655e22d7c8930,1,200,100,0,selected_rank,__replication__,rank_selection_numerically_unresolved,rank_selection_numerically_unresolved,True,False,False,False,False,False,,,,,,3,dgp1_N200_T100_r00000_truth1-1-1,59a94a022114ed1f853d059e21a82c8763c1df37c63a2495ea57d9b15581964f,182.32864880000125,,rank_selection_numerically_unresolved: cap+1 pilot failed maintained acceptance diagnostics,True,True,True,success,,,,,False,"(1,1,1)",unresolved,False,False
replication,f6c655e22d7c8930,1,200,100,1,selected_rank,__replication__,rank_selection_numerically_unresolved,rank_selection_numerically_unresolved,True,False,False,False,False,False,,,,,,3,dgp1_N200_T100_r00001_truth1-1-1,74611329d408baf7ac4031812f6c50a0b9e88ddd3b4cf72d957b31c9b2398271,133.26936389999173,,rank_selection_numerically_unresolved: cap+1 pilot failed maintained acceptance diagnostics,True,True,True,constrained_optimality_failure,,,,,False,"(1,1,1)",unresolved,False,False
replication,f6c655e22d7c8930,1,200,100,2,selected_rank,__replication__,rank_selection_numerically_unresolved,rank_selection_numerically_unresolved,True,False,False,False,False,False,,,,,,3,dgp1_N200_T100_r00002_truth1-1-1,155c5c78d76577a888da7738b09d1db21f1ac88a2a9f1053723ab6973f581125,135.28120129999297,,rank_selection_numerically_unresolved: cap+1 pilot failed maintained acceptance diagnostics,True,True,True,constrained_optimality_failure,,,,,False,"(1,1,1)",unresolved,False,False
replication,f6c655e22d7c8930,1,200,100,0,selected_rank,__replication__,rank_selection_numerically_unresolved,rank_selection_numerically_unresolved,True,False,False,False,False,False,,,,,,3,dgp1_N200_T100_r00000_truth2-1-1,441d55ede69f8aa0ab7135432dd6f4b64f16d21e1833a545e0f81c2f3c2ca8b8,52.48390410000866,,rank_selection_numerically_unresolved: cap+1 pilot failed maintained acceptance diagnostics,False,False,False,not_needed_interior_fast_path,,,,,False,"(2,1,1)",unresolved,False,False
replication,f6c655e22d7c8930,1,200,100,1,selected_rank,__replication__,rank_selection_numerically_unresolved,rank_selection_numerically_unresolved,True,False,False,False,False,False,,,,,,3,dgp1_N200_T100_r00001_truth2-1-1,8803a851e144f6215fa34bcc7e11dd8593fabde70c03a9ca5cfccf7cbd445348,50.6559785999998,,rank_selection_numerically_unresolved: cap+1 pilot failed maintained acceptance diagnostics,False,False,False,not_needed_interior_fast_path,,,,,False,"(2,1,1)",unresolved,False,False
replication,f6c655e22d7c8930,1,200,100,2,selected_rank,__replication__,rank_selection_numerically_unresolved,rank_selection_numerically_unresolved,True,False,False,False,False,False,,,,,,3,dgp1_N200_T100_r00002_truth2-1-1,8a4d473ec9fdbf91a53b3625fec56749fc295b1b6ab1877f299e44188d91d4cb,52.179281600008835,,rank_selection_numerically_unresolved: cap+1 pilot failed maintained acceptance diagnostics,False,False,False,not_needed_interior_fast_path,,,,,False,"(2,1,1)",unresolved,False,False
replication,f6c655e22d7c8930,1,200,200,0,selected_rank,__replication__,rank_selection_numerically_unresolved,rank_selection_numerically_unresolved,True,False,False,False,False,False,,,,,,3,dgp1_N200_T200_r00000_truth1-0-2,356c20587d191bebb985b3b510a63c419bedb5bf734ca304d795b24963a6780d,60.203612299999804,,rank_selection_numerically_unresolved: cap+1 pilot failed maintained acceptance diagnostics,False,False,False,not_needed_interior_fast_path,,,,,False,"(1,0,2)",unresolved,False,False
replication,f6c655e22d7c8930,1,200,200,1,selected_rank,__replication__,rank_selection_numerically_unresolved,rank_selection_numerically_unresolved,True,False,False,False,False,False,,,,,,3,dgp1_N200_T200_r00001_truth1-0-2,a929118be4a1c3b44575996eb86df85d22f660de949b262affa2558b306ced5d,58.23080430000846,,rank_selection_numerically_unresolved: cap+1 pilot failed maintained acceptance diagnostics,False,False,False,not_needed_interior_fast_path,,,,,False,"(1,0,2)",unresolved,False,False
replication,f6c655e22d7c8930,1,200,200,2,selected_rank,__replication__,rank_selection_numerically_unresolved,rank_selection_numerically_unresolved,True,False,False,False,False,False,,,,,,3,dgp1_N200_T200_r00002_truth1-0-2,dcbe84141057dcfc40bcda16ab150f57a17e14bd584f068d717c8a8992128208,58.2615181000001,,rank_selection_numerically_unresolved: cap+1 pilot failed maintained acceptance diagnostics,False,False,False,not_needed_interior_fast_path,,,,,False,"(1,0,2)",unresolved,False,False
replication,f6c655e22d7c8930,1,200,200,0,selected_rank,__replication__,rank_selection_numerically_unresolved,rank_selection_numerically_unresolved,True,False,False,False,False,False,,,,,,3,dgp1_N200_T200_r00000_truth1-1-1,9b4818abe1a0dab23ca436869336074ea3534f2d598f1a8f66e352359e63de6f,57.65148020000197,,rank_selection_numerically_unresolved: cap+1 pilot failed maintained acceptance diagnostics,False,False,False,not_needed_interior_fast_path,,,,,False,"(1,1,1)",unresolved,False,False
replication,f6c655e22d7c8930,1,200,200,1,selected_rank,__replication__,rank_selection_numerically_unresolved,rank_selection_numerically_unresolved,True,False,False,False,False,False,,,,,,3,dgp1_N200_T200_r00001_truth1-1-1,0a6a09476a661f1f5b6b6b883a96085eb20154580eb45b6e3c62dd24be015830,57.10219720000168,,rank_selection_numerically_unresolved: cap+1 pilot failed maintained acceptance diagnostics,False,False,False,not_needed_interior_fast_path,,,,,False,"(1,1,1)",unresolved,False,False
replication,f6c655e22d7c8930,1,200,200,2,selected_rank,__replication__,rank_selection_numerically_unresolved,rank_selection_numerically_unresolved,True,False,False,False,False,False,,,,,,3,dgp1_N200_T200_r00002_truth1-1-1,35117c8fa29ab8d28f3b00aa82ba8ca0a024ea7fd74656792e53a989e56bb15e,141.8554118000029,,rank_selection_numerically_unresolved: cap+1 pilot failed maintained acceptance diagnostics,True,True,True,constrained_optimality_failure,,,,,False,"(1,1,1)",unresolved,False,False
replication,f6c655e22d7c8930,1,200,200,0,selected_rank,__replication__,rank_selection_numerically_unresolved,rank_selection_numerically_unresolved,True,False,False,False,False,False,,,,,,3,dgp1_N200_T200_r00000_truth2-1-1,a5feaa6cf730fe135c4709d8dd12b15f062e4e3a54ace3b920222851685a9522,89.90783019999799,,rank_selection_numerically_unresolved: cap+1 pilot failed maintained acceptance diagnostics,False,False,False,not_needed_interior_fast_path,,,,,False,"(2,1,1)",unresolved,False,False
replication,f6c655e22d7c8930,1,200,200,1,selected_rank,__replication__,rank_selection_numerically_unresolved,rank_selection_numerically_unresolved,True,False,False,False,False,False,,,,,,3,dgp1_N200_T200_r00001_truth2-1-1,a2898127162183f3456dd57fd4a8e89ecef3d0fa654fcf9df488e6a29bc8953e,90.37693949999812,,rank_selection_numerically_unresolved: cap+1 pilot failed maintained acceptance diagnostics,False,False,False,not_needed_interior_fast_path,,,,,False,"(2,1,1)",unresolved,False,False
replication,f6c655e22d7c8930,1,200,200,2,selected_rank,__replication__,rank_selection_numerically_unresolved,rank_selection_numerically_unresolved,True,False,False,False,False,False,,,,,,3,dgp1_N200_T200_r00002_truth2-1-1,2ee77c0b3721c0adb43adaa7e578c340d01218807ac1811b489d93c169b1b26b,91.45004349999363,,rank_selection_numerically_unresolved: cap+1 pilot failed maintained acceptance diagnostics,False,False,False,not_needed_interior_fast_path,,,,,False,"(2,1,1)",unresolved,False,False
replication,f6c655e22d7c8930,1,50,50,0,selected_rank,__replication__,rank_selection_numerically_unresolved,rank_selection_numerically_unresolved,True,False,False,False,False,False,,,,,,3,dgp1_N50_T50_r00000_truth1-0-2,c38a936e6232d8c56371e0e70e17851b6d16f52650400af563bc1ddb2d8751e6,32.13991160001024,,rank_selection_numerically_unresolved: cap+1 pilot failed maintained acceptance diagnostics,True,True,True,constrained_optimality_failure,,,,,False,"(1,0,2)",unresolved,False,False
replication,f6c655e22d7c8930,1,50,50,1,selected_rank,__replication__,rank_selection_numerically_unresolved,rank_selection_numerically_unresolved,True,False,False,False,False,False,,,,,,3,dgp1_N50_T50_r00001_truth1-0-2,9176cb348f2b5635a2c93a861013a69d136798fb0ff4a787514e02ec90c8b71d,43.40700839999772,,rank_selection_numerically_unresolved: cap+1 pilot failed maintained acceptance diagnostics,True,True,True,constrained_optimality_failure,,,,,False,"(1,0,2)",unresolved,False,False
replication,f6c655e22d7c8930,1,50,50,2,selected_rank,__replication__,rank_selection_numerically_unresolved,rank_selection_numerically_unresolved,True,False,False,False,False,False,,,,,,3,dgp1_N50_T50_r00002_truth1-0-2,484f21f9af0cebb079d7744ee81def61d5249e2d6e564345434d6cf30a0abac6,44.233945400002995,,rank_selection_numerically_unresolved: cap+1 pilot failed maintained acceptance diagnostics,True,True,True,constrained_optimality_failure,,,,,False,"(1,0,2)",unresolved,False,False
replication,f6c655e22d7c8930,1,50,50,0,selected_rank,__replication__,rank_selection_numerically_unresolved,rank_selection_numerically_unresolved,True,False,False,False,False,False,,,,,,3,dgp1_N50_T50_r00000_truth1-1-1,4f3013654f658e28225634507b170738cf90916072dcf46bea9f57c6ed0afd41,39.37095209999825,,rank_selection_numerically_unresolved: cap+1 pilot failed maintained acceptance diagnostics,True,True,True,constrained_optimality_failure,,,,,False,"(1,1,1)",unresolved,False,False
replication,f6c655e22d7c8930,1,50,50,1,selected_rank,__replication__,rank_selection_numerically_unresolved,rank_selection_numerically_unresolved,True,False,False,False,False,False,,,,,,3,dgp1_N50_T50_r00001_truth1-1-1,3dace4ed0c314804673f0812b74e130416f5124252f3a155e76f38217d47d3c0,39.76319610000064,,rank_selection_numerically_unresolved: cap+1 pilot failed maintained acceptance diagnostics,True,True,True,constrained_optimality_failure,,,,,False,"(1,1,1)",unresolved,False,False
replication,f6c655e22d7c8930,1,50,50,2,selected_rank,__replication__,rank_selection_numerically_unresolved,rank_selection_numerically_unresolved,True,False,False,False,False,False,,,,,,3,dgp1_N50_T50_r00002_truth1-1-1,0743b7aef9686a6658f69ca6b17a8304576ddaed3f55676b9e2233aec0e56c47,40.87441869999748,,rank_selection_numerically_unresolved: cap+1 pilot failed maintained acceptance diagnostics,True,True,True,constrained_optimality_failure,,,,,False,"(1,1,1)",unresolved,False,False
replication,f6c655e22d7c8930,1,50,50,0,selected_rank,__replication__,rank_selection_numerically_unresolved,rank_selection_numerically_unresolved,True,False,False,False,False,False,,,,,,3,dgp1_N50_T50_r00000_truth2-1-1,32402bd2777da5069638564fbcfdf18516aa08e1ae47cca58f72f84d0c838b41,44.09644009999465,,rank_selection_numerically_unresolved: cap+1 pilot failed maintained acceptance diagnostics,True,True,True,constrained_optimality_failure,,,,,False,"(2,1,1)",unresolved,False,False
replication,f6c655e22d7c8930,1,50,50,1,selected_rank,__replication__,rank_selection_numerically_unresolved,rank_selection_numerically_unresolved,True,False,False,False,False,False,,,,,,3,dgp1_N50_T50_r00001_truth2-1-1,c3fa39101009b76468c68a3ac2af5e210ef8d58cb030c2feb240ff7ca1e49d4b,60.70264450000832,,rank_selection_numerically_unresolved: cap+1 pilot failed maintained acceptance diagnostics,True,True,True,constrained_optimality_failure,,,,,False,"(2,1,1)",unresolved,False,False
replication,f6c655e22d7c8930,1,50,50,2,selected_rank,__replication__,rank_selection_numerically_unresolved,rank_selection_numerically_unresolved,True,False,False,False,False,False,,,,,,3,dgp1_N50_T50_r00002_truth2-1-1,61e38461b3f70ae5e688140336482d2c116e31dee4c79f4ecee3bbc4bae4cb87,60.58986239999649,,rank_selection_numerically_unresolved: cap+1 pilot failed maintained acceptance diagnostics,True,True,True,constrained_optimality_failure,,,,,False,"(2,1,1)",unresolved,False,False
replication,f6c655e22d7c8930,2,100,100,0,selected_rank,__replication__,rank_selection_numerically_unresolved,rank_selection_numerically_unresolved,True,False,False,False,False,False,,,,,,3,dgp2_N100_T100_r00000_truth1-0-2,d8b986365c8896673068b1922973362f1ed981cda358067ff041f90f53d003bd,17.53036129999964,,rank_selection_numerically_unresolved: cap+1 pilot failed maintained acceptance diagnostics,False,False,False,not_needed_interior_fast_path,,,,,False,"(1,0,2)",unresolved,False,False
replication,f6c655e22d7c8930,2,100,100,1,selected_rank,__replication__,rank_selection_numerically_unresolved,rank_selection_numerically_unresolved,True,False,False,False,False,False,,,,,,3,dgp2_N100_T100_r00001_truth1-0-2,9c3556e4510c0f816ccbe6d69edf87b1cb2892c1a829a35fc517e358a6a9a70e,48.13948889999301,,rank_selection_numerically_unresolved: cap+1 pilot failed maintained acceptance diagnostics,True,True,False,constrained_optimality_failure,,,,,False,"(1,0,2)",unresolved,False,False
replication,f6c655e22d7c8930,2,100,100,2,selected_rank,__replication__,rank_selection_numerically_unresolved,rank_selection_numerically_unresolved,True,False,False,False,False,False,,,,,,3,dgp2_N100_T100_r00002_truth1-0-2,b9adeb3421b093f8135280f453b14e6938fd10d000d363072b0454707b6030c3,48.69865750000463,,rank_selection_numerically_unresolved: cap+1 pilot failed maintained acceptance diagnostics,True,True,True,constrained_optimality_failure,,,,,False,"(1,0,2)",unresolved,False,False
replication,f6c655e22d7c8930,2,100,100,0,selected_rank,__replication__,rank_selection_numerically_unresolved,rank_selection_numerically_unresolved,True,False,False,False,False,False,,,,,,3,dgp2_N100_T100_r00000_truth1-1-1,058adf50e2955d7a27bd3b90bc4d3ad2438412f95a6df67c8f29e64db43a1bd0,51.813609999997425,,rank_selection_numerically_unresolved: cap+1 pilot failed maintained acceptance diagnostics,True,True,True,constrained_optimality_failure,,,,,False,"(1,1,1)",unresolved,False,False
replication,f6c655e22d7c8930,2,100,100,1,selected_rank,__replication__,rank_selection_numerically_unresolved,rank_selection_numerically_unresolved,True,False,False,False,False,False,,,,,,3,dgp2_N100_T100_r00001_truth1-1-1,c09732d7679b152ddbecaff7fe7dbaa16f1d24bbfe67f0f60c2355d54934e2d7,125.0939279999875,,rank_selection_numerically_unresolved: cap+1 pilot failed maintained acceptance diagnostics,True,True,True,constrained_optimality_failure,,,,,False,"(1,1,1)",unresolved,False,False
replication,f6c655e22d7c8930,2,100,100,2,selected_rank,__replication__,rank_selection_numerically_unresolved,rank_selection_numerically_unresolved,True,False,False,False,False,False,,,,,,3,dgp2_N100_T100_r00002_truth1-1-1,ec7428506db7206a362176af164ce819dd3d09961a56afd5df221ae7e4a09cff,50.914620199997444,,rank_selection_numerically_unresolved: cap+1 pilot failed maintained acceptance diagnostics,True,True,True,success,,,,,False,"(1,1,1)",unresolved,False,False
replication,f6c655e22d7c8930,2,100,100,0,selected_rank,__replication__,rank_selection_numerically_unresolved,rank_selection_numerically_unresolved,True,False,False,False,False,False,,,,,,3,dgp2_N100_T100_r00000_truth2-1-1,985685ce1e80adeb3da49763c188aa7bd032b92387055697ed60106afc661f0b,31.17776479999884,,rank_selection_numerically_unresolved: cap+1 pilot failed maintained acceptance diagnostics,False,False,False,not_needed_interior_fast_path,,,,,False,"(2,1,1)",unresolved,False,False
replication,f6c655e22d7c8930,2,100,100,1,selected_rank,__replication__,rank_selection_numerically_unresolved,rank_selection_numerically_unresolved,True,False,False,False,False,False,,,,,,3,dgp2_N100_T100_r00001_truth2-1-1,7b2b63dad0b07362d451706c65ad8a6205fb6d7be3e690b3d170276f2dfd5eee,30.78015970000706,,rank_selection_numerically_unresolved: cap+1 pilot failed maintained acceptance diagnostics,False,False,False,not_needed_interior_fast_path,,,,,False,"(2,1,1)",unresolved,False,False
replication,f6c655e22d7c8930,2,100,100,2,selected_rank,__replication__,rank_selection_numerically_unresolved,rank_selection_numerically_unresolved,True,False,False,False,False,False,,,,,,3,dgp2_N100_T100_r00002_truth2-1-1,24fe46c827c5404a5aafb2e1859110f9cde830d17e0c5a2587c5643ed6af1a25,31.526619099997333,,rank_selection_numerically_unresolved: cap+1 pilot failed maintained acceptance diagnostics,False,False,False,not_needed_interior_fast_path,,,,,False,"(2,1,1)",unresolved,False,False
replication,f6c655e22d7c8930,2,100,200,0,selected_rank,__replication__,rank_selection_numerically_unresolved,rank_selection_numerically_unresolved,True,False,False,False,False,False,,,,,,3,dgp2_N100_T200_r00000_truth1-0-2,6fe8582c2fc7539687e99e012faa7b2b0f5acc49d40e9135a2414fe2a2a3980e,32.39209980001033,,rank_selection_numerically_unresolved: cap+1 pilot failed maintained acceptance diagnostics,False,False,False,not_needed_interior_fast_path,,,,,False,"(1,0,2)",unresolved,False,False
replication,f6c655e22d7c8930,2,100,200,1,selected_rank,__replication__,rank_selection_numerically_unresolved,rank_selection_numerically_unresolved,True,False,False,False,False,False,,,,,,3,dgp2_N100_T200_r00001_truth1-0-2,399e0d04fb620419b8865d2e5ad03ebe7a17bcc366b293762b39bbbdf32ff72a,64.87843050000083,,rank_selection_numerically_unresolved: cap+1 pilot failed maintained acceptance diagnostics,True,True,True,success,,,,,False,"(1,0,2)",unresolved,False,False
replication,f6c655e22d7c8930,2,100,200,2,selected_rank,__replication__,rank_selection_numerically_unresolved,rank_selection_numerically_unresolved,True,False,False,False,False,False,,,,,,3,dgp2_N100_T200_r00002_truth1-0-2,6918b3ebdccfcc95de9c3aaac3732a7856d1154e891357a8567284275ce8be67,33.196724900000845,,rank_selection_numerically_unresolved: cap+1 pilot failed maintained acceptance diagnostics,False,False,False,not_needed_interior_fast_path,,,,,False,"(1,0,2)",unresolved,False,False
replication,f6c655e22d7c8930,2,100,200,0,selected_rank,__replication__,rank_selection_numerically_unresolved,rank_selection_numerically_unresolved,True,False,False,False,False,False,,,,,,3,dgp2_N100_T200_r00000_truth1-1-1,16ef758278573301bf7be4d84e6eabba1064adca50255f465f3866a1f838f71a,187.36931530000584,,rank_selection_numerically_unresolved: cap+1 pilot failed maintained acceptance diagnostics,True,True,True,success,,,,,False,"(1,1,1)",unresolved,False,False
replication,f6c655e22d7c8930,2,100,200,1,selected_rank,__replication__,rank_selection_numerically_unresolved,rank_selection_numerically_unresolved,True,False,False,False,False,False,,,,,,3,dgp2_N100_T200_r00001_truth1-1-1,191e5149e71a60d357b5a1a8aece53629252d03053c58c815f7362e385210f8d,39.36672360000375,,rank_selection_numerically_unresolved: cap+1 pilot failed maintained acceptance diagnostics,False,False,False,not_needed_interior_fast_path,,,,,False,"(1,1,1)",unresolved,False,False
replication,f6c655e22d7c8930,2,100,200,2,selected_rank,__replication__,rank_selection_numerically_unresolved,rank_selection_numerically_unresolved,True,False,False,False,False,False,,,,,,3,dgp2_N100_T200_r00002_truth1-1-1,9d0ebabc0879c1487d711260922705b03c7ec71b23cd8634a10388faa3eb4306,39.18567169999005,,rank_selection_numerically_unresolved: cap+1 pilot failed maintained acceptance diagnostics,False,False,False,not_needed_interior_fast_path,,,,,False,"(1,1,1)",unresolved,False,False
replication,f6c655e22d7c8930,2,100,200,0,selected_rank,__replication__,rank_selection_numerically_unresolved,rank_selection_numerically_unresolved,True,False,False,False,False,False,,,,,,3,dgp2_N100_T200_r00000_truth2-1-1,49d11da4dcdb6bc07a09eb8bdf421ef3cba9e0b1fcf363b97edf6fc444a0fccf,55.34588330000406,,rank_selection_numerically_unresolved: cap+1 pilot failed maintained acceptance diagnostics,False,False,False,not_needed_interior_fast_path,,,,,False,"(2,1,1)",unresolved,False,False
replication,f6c655e22d7c8930,2,100,200,1,selected_rank,__replication__,rank_selection_numerically_unresolved,rank_selection_numerically_unresolved,True,False,False,False,False,False,,,,,,3,dgp2_N100_T200_r00001_truth2-1-1,d06fc4c93996b40b5b23a189b350c7957d5db564b099250073e31a3b54ae2c7d,55.45007769999211,,rank_selection_numerically_unresolved: cap+1 pilot failed maintained acceptance diagnostics,False,False,False,not_needed_interior_fast_path,,,,,False,"(2,1,1)",unresolved,False,False
replication,f6c655e22d7c8930,2,100,200,2,selected_rank,__replication__,rank_selection_numerically_unresolved,rank_selection_numerically_unresolved,True,False,False,False,False,False,,,,,,3,dgp2_N100_T200_r00002_truth2-1-1,0e4477c8e3003c9a03028f5199fd2a2f07f37c5ed21ffe24756e7e7a4774e596,56.73229300000821,,rank_selection_numerically_unresolved: cap+1 pilot failed maintained acceptance diagnostics,False,False,False,not_needed_interior_fast_path,,,,,False,"(2,1,1)",unresolved,False,False
replication,f6c655e22d7c8930,2,200,100,0,selected_rank,__replication__,rank_selection_numerically_unresolved,rank_selection_numerically_unresolved,True,False,False,False,False,False,,,,,,3,dgp2_N200_T100_r00000_truth1-0-2,e824ae9ea79b477fad8a21ac25b60167efe50ae359e2f21254f61155c5074052,84.07454390000203,,rank_selection_numerically_unresolved: cap+1 pilot failed maintained acceptance diagnostics,True,True,True,constrained_optimality_failure,,,,,False,"(1,0,2)",unresolved,False,False
replication,f6c655e22d7c8930,2,200,100,1,selected_rank,__replication__,rank_selection_numerically_unresolved,rank_selection_numerically_unresolved,True,False,False,False,False,False,,,,,,3,dgp2_N200_T100_r00001_truth1-0-2,ea484033b6ced9f4d12ce18a114d1d9cb61293b7f91d1b5ae6e60b05f40d2daf,31.522465900008683,,rank_selection_numerically_unresolved: cap+1 pilot failed maintained acceptance diagnostics,False,False,False,not_needed_interior_fast_path,,,,,False,"(1,0,2)",unresolved,False,False
replication,f6c655e22d7c8930,2,200,100,2,selected_rank,__replication__,rank_selection_numerically_unresolved,rank_selection_numerically_unresolved,True,False,False,False,False,False,,,,,,3,dgp2_N200_T100_r00002_truth1-0-2,bc3c545c4896df4e5282c4b1fae42c9eddad5439a272a958d9dc730ef5d4d9c8,84.6563654000056,,rank_selection_numerically_unresolved: cap+1 pilot failed maintained acceptance diagnostics,True,True,True,constrained_optimality_failure,,,,,False,"(1,0,2)",unresolved,False,False
replication,f6c655e22d7c8930,2,200,100,0,selected_rank,__replication__,rank_selection_numerically_unresolved,rank_selection_numerically_unresolved,True,False,False,False,False,False,,,,,,3,dgp2_N200_T100_r00000_truth1-1-1,e6ea427fec570bb01a2098a07b0731b37baddd0646dadb21389c3a2816073040,101.30023449999862,,rank_selection_numerically_unresolved: cap+1 pilot failed maintained acceptance diagnostics,True,True,True,constrained_optimality_failure,,,,,False,"(1,1,1)",unresolved,False,False
replication,f6c655e22d7c8930,2,200,100,1,selected_rank,__replication__,rank_selection_numerically_unresolved,rank_selection_numerically_unresolved,True,False,False,False,False,False,,,,,,3,dgp2_N200_T100_r00001_truth1-1-1,41fbfc77facc355d93214584711dd21582e002f2768a93edf6049c1dfd42c202,40.25351280000177,,rank_selection_numerically_unresolved: cap+1 pilot failed maintained acceptance diagnostics,False,False,False,not_needed_interior_fast_path,,,,,False,"(1,1,1)",unresolved,False,False
replication,f6c655e22d7c8930,2,200,100,2,selected_rank,__replication__,rank_selection_numerically_unresolved,rank_selection_numerically_unresolved,True,False,False,False,False,False,,,,,,3,dgp2_N200_T100_r00002_truth1-1-1,ea511d71a0185954ca2df7615a9f96906e1917c1ce33b94625c06a3d75948d78,135.1588519999932,,rank_selection_numerically_unresolved: cap+1 pilot failed maintained acceptance diagnostics,True,True,True,success,,,,,False,"(1,1,1)",unresolved,False,False
replication,f6c655e22d7c8930,2,200,100,0,selected_rank,__replication__,rank_selection_numerically_unresolved,rank_selection_numerically_unresolved,True,False,False,False,False,False,,,,,,3,dgp2_N200_T100_r00000_truth2-1-1,de2c65f30d0d163abafeca5ada4dde38390daa5a1d6777219b8b5b94776e66a0,55.617114300010144,,rank_selection_numerically_unresolved: cap+1 pilot failed maintained acceptance diagnostics,False,False,False,not_needed_interior_fast_path,,,,,False,"(2,1,1)",unresolved,False,False
replication,f6c655e22d7c8930,2,200,100,1,selected_rank,__replication__,rank_selection_numerically_unresolved,rank_selection_numerically_unresolved,True,False,False,False,False,False,,,,,,3,dgp2_N200_T100_r00001_truth2-1-1,f620c61b48d96e77b53e6cdf31e920385e881b98703cc8760dc3ec1675df5d00,57.58688899999834,,rank_selection_numerically_unresolved: cap+1 pilot failed maintained acceptance diagnostics,False,False,False,not_needed_interior_fast_path,,,,,False,"(2,1,1)",unresolved,False,False
replication,f6c655e22d7c8930,2,200,100,2,selected_rank,__replication__,rank_selection_numerically_unresolved,rank_selection_numerically_unresolved,True,False,False,False,False,False,,,,,,3,dgp2_N200_T100_r00002_truth2-1-1,4e78cdfbce8b87feec40d75b99658784fea881a1c38a108a26950f0ccbe43e5b,58.08354710000276,,rank_selection_numerically_unresolved: cap+1 pilot failed maintained acceptance diagnostics,False,False,False,not_needed_interior_fast_path,,,,,False,"(2,1,1)",unresolved,False,False
replication,f6c655e22d7c8930,2,200,200,0,selected_rank,__replication__,rank_selection_numerically_unresolved,rank_selection_numerically_unresolved,True,False,False,False,False,False,,,,,,3,dgp2_N200_T200_r00000_truth1-0-2,605e2d2c18e269edde5a0adb805bdc56e7c23caf2ba3f8327979841d67a82e7f,59.253491499999654,,rank_selection_numerically_unresolved: cap+1 pilot failed maintained acceptance diagnostics,False,False,False,not_needed_interior_fast_path,,,,,False,"(1,0,2)",unresolved,False,False
replication,f6c655e22d7c8930,2,200,200,1,selected_rank,__replication__,rank_selection_numerically_unresolved,rank_selection_numerically_unresolved,True,False,False,False,False,False,,,,,,3,dgp2_N200_T200_r00001_truth1-0-2,76bb89f54d80ebc9b2f06372516708fcf9742c1750434684fdf20b98e84d6e2c,59.28010380000342,,rank_selection_numerically_unresolved: cap+1 pilot failed maintained acceptance diagnostics,False,False,False,not_needed_interior_fast_path,,,,,False,"(1,0,2)",unresolved,False,False
replication,f6c655e22d7c8930,2,200,200,2,selected_rank,__replication__,rank_selection_numerically_unresolved,rank_selection_numerically_unresolved,True,False,False,False,False,False,,,,,,3,dgp2_N200_T200_r00002_truth1-0-2,a9988aaf07d3bb71eb9ddb1ad5ed059f550dea9eb49b6a903a97b83664348b95,59.483583799999906,,rank_selection_numerically_unresolved: cap+1 pilot failed maintained acceptance diagnostics,False,False,False,not_needed_interior_fast_path,,,,,False,"(1,0,2)",unresolved,False,False
replication,f6c655e22d7c8930,2,200,200,0,selected_rank,__replication__,rank_selection_numerically_unresolved,rank_selection_numerically_unresolved,True,False,False,False,False,False,,,,,,3,dgp2_N200_T200_r00000_truth1-1-1,3c10c691d0f0d988f4df08f58951a9d735635005ec39e3f6ebc85963f73c2b8c,70.80995419999817,,rank_selection_numerically_unresolved: cap+1 pilot failed maintained acceptance diagnostics,False,False,False,not_needed_interior_fast_path,,,,,False,"(1,1,1)",unresolved,False,False
replication,f6c655e22d7c8930,2,200,200,1,selected_rank,__replication__,rank_selection_numerically_unresolved,rank_selection_numerically_unresolved,True,False,False,False,False,False,,,,,,3,dgp2_N200_T200_r00001_truth1-1-1,b13621529b1cb9a398a0bc19bf79c3b1be7a4778149b3eb43dde790cf866a654,72.27651870000409,,rank_selection_numerically_unresolved: cap+1 pilot failed maintained acceptance diagnostics,False,False,False,not_needed_interior_fast_path,,,,,False,"(1,1,1)",unresolved,False,False
replication,f6c655e22d7c8930,2,200,200,2,selected_rank,__replication__,rank_selection_numerically_unresolved,rank_selection_numerically_unresolved,True,False,False,False,False,False,,,,,,3,dgp2_N200_T200_r00002_truth1-1-1,016017090939bcbd1141d798afacb33e1cc6e09a3a484cfa2da3a3c24a51cccc,71.51647040000535,,rank_selection_numerically_unresolved: cap+1 pilot failed maintained acceptance diagnostics,False,False,False,not_needed_interior_fast_path,,,,,False,"(1,1,1)",unresolved,False,False
replication,f6c655e22d7c8930,2,200,200,0,selected_rank,__replication__,rank_selection_numerically_unresolved,rank_selection_numerically_unresolved,True,False,False,False,False,False,,,,,,3,dgp2_N200_T200_r00000_truth2-1-1,c5c821296c417a213b83500c766b2251f895494dcb4ee4319091c4c3033e5240,101.56570300000021,,rank_selection_numerically_unresolved: cap+1 pilot failed maintained acceptance diagnostics,False,False,False,not_needed_interior_fast_path,,,,,False,"(2,1,1)",unresolved,False,False
replication,f6c655e22d7c8930,2,200,200,1,selected_rank,__replication__,rank_selection_numerically_unresolved,rank_selection_numerically_unresolved,True,False,False,False,False,False,,,,,,3,dgp2_N200_T200_r00001_truth2-1-1,12b2f2e8e7072d357697600dc9e6ed53c2c08fcc4f8a30b2424cd5b866d92ab0,102.96542180000688,,rank_selection_numerically_unresolved: cap+1 pilot failed maintained acceptance diagnostics,False,False,False,not_needed_interior_fast_path,,,,,False,"(2,1,1)",unresolved,False,False
replication,f6c655e22d7c8930,2,200,200,2,selected_rank,__replication__,rank_selection_numerically_unresolved,rank_selection_numerically_unresolved,True,False,False,False,False,False,,,,,,3,dgp2_N200_T200_r00002_truth2-1-1,fe3ff4dd3feb66d1c64abfb03364f3e7e50a7a2db26926be127bf91245f4c83e,102.01963360000809,,rank_selection_numerically_unresolved: cap+1 pilot failed maintained acceptance diagnostics,False,False,False,not_needed_interior_fast_path,,,,,False,"(2,1,1)",unresolved,False,False
replication,f6c655e22d7c8930,2,50,50,0,selected_rank,__replication__,rank_selection_numerically_unresolved,rank_selection_numerically_unresolved,True,False,False,False,False,False,,,,,,3,dgp2_N50_T50_r00000_truth1-0-2,8c3eaa4540149a10c265e2f706af6c46b8b42ad6d1de28eadfd9a308e5ad39e8,42.56090419999964,,rank_selection_numerically_unresolved: cap+1 pilot failed maintained acceptance diagnostics,True,True,True,constrained_optimality_failure,,,,,False,"(1,0,2)",unresolved,False,False
replication,f6c655e22d7c8930,2,50,50,1,selected_rank,__replication__,rank_selection_numerically_unresolved,rank_selection_numerically_unresolved,True,False,False,False,False,False,,,,,,3,dgp2_N50_T50_r00001_truth1-0-2,84c1d52e77527dfb8a7470e09e979a735ca22841a88fb4b4bc64ca7d7b115532,41.410146199996234,,rank_selection_numerically_unresolved: cap+1 pilot failed maintained acceptance diagnostics,True,True,True,constrained_optimality_failure,,,,,False,"(1,0,2)",unresolved,False,False
replication,f6c655e22d7c8930,2,50,50,2,selected_rank,__replication__,rank_selection_numerically_unresolved,rank_selection_numerically_unresolved,True,False,False,False,False,False,,,,,,3,dgp2_N50_T50_r00002_truth1-0-2,a8bf58941d26a463337f643f1b32a49c65132448a374e4e3d4b89011f1bc4f1e,42.37408019999566,,rank_selection_numerically_unresolved: cap+1 pilot failed maintained acceptance diagnostics,True,True,True,constrained_optimality_failure,,,,,False,"(1,0,2)",unresolved,False,False
replication,f6c655e22d7c8930,2,50,50,0,selected_rank,__replication__,rank_selection_numerically_unresolved,rank_selection_numerically_unresolved,True,False,False,False,False,False,,,,,,3,dgp2_N50_T50_r00000_truth1-1-1,684950ff8eb1376e292f0d49a851010015a7773784d9463813b28eb1efccfef5,42.300313100000494,,rank_selection_numerically_unresolved: cap+1 pilot failed maintained acceptance diagnostics,True,True,True,constrained_optimality_failure,,,,,False,"(1,1,1)",unresolved,False,False
replication,f6c655e22d7c8930,2,50,50,1,selected_rank,__replication__,rank_selection_numerically_unresolved,rank_selection_numerically_unresolved,True,False,False,False,False,False,,,,,,3,dgp2_N50_T50_r00001_truth1-1-1,cb95dc795466f11108edb308bd460cfa8060a1507f0341a3daf4151e77a624b7,43.68819030000304,,rank_selection_numerically_unresolved: cap+1 pilot failed maintained acceptance diagnostics,True,True,True,constrained_optimality_failure,,,,,False,"(1,1,1)",unresolved,False,False
replication,f6c655e22d7c8930,2,50,50,2,selected_rank,__replication__,rank_selection_numerically_unresolved,rank_selection_numerically_unresolved,True,False,False,False,False,False,,,,,,3,dgp2_N50_T50_r00002_truth1-1-1,fa914e3f5845a147af82cefd671fc5adc4306e23fdc520c0db950d3b3e095a27,45.924322299993946,,rank_selection_numerically_unresolved: cap+1 pilot failed maintained acceptance diagnostics,True,True,True,constrained_optimality_failure,,,,,False,"(1,1,1)",unresolved,False,False
replication,f6c655e22d7c8930,2,50,50,0,selected_rank,__replication__,rank_selection_numerically_unresolved,rank_selection_numerically_unresolved,True,False,False,False,False,False,,,,,,3,dgp2_N50_T50_r00000_truth2-1-1,c8b2c4c8d3db0eb1ebecc614d92ab317c04d5b615139c49763617421bb05ce0e,52.98593179999443,,rank_selection_numerically_unresolved: cap+1 pilot failed maintained acceptance diagnostics,True,True,True,constrained_optimality_failure,,,,,False,"(2,1,1)",unresolved,False,False
replication,f6c655e22d7c8930,2,50,50,1,selected_rank,__replication__,rank_selection_numerically_unresolved,rank_selection_numerically_unresolved,True,False,False,False,False,False,,,,,,3,dgp2_N50_T50_r00001_truth2-1-1,c462fbaaa082acb77a1e20ee7efdb8af5de194fc00627cb1467fdd8eedb04b5c,75.74101200001314,,rank_selection_numerically_unresolved: cap+1 pilot failed maintained acceptance diagnostics,True,True,True,constrained_optimality_failure,,,,,False,"(2,1,1)",unresolved,False,False
replication,f6c655e22d7c8930,2,50,50,2,selected_rank,__replication__,rank_selection_numerically_unresolved,rank_selection_numerically_unresolved,True,False,False,False,False,False,,,,,,3,dgp2_N50_T50_r00002_truth2-1-1,d59b983adc95312e4d4145ab0854d057bcf779a735ea779fc6eeba0dda9476cd,13.228323599993018,,rank_selection_numerically_unresolved: cap+1 pilot failed maintained acceptance diagnostics,False,False,False,not_needed_interior_fast_path,,,,,False,"(2,1,1)",unresolved,False,False
replication,f6c655e22d7c8930,3,100,100,0,selected_rank,__replication__,rank_selection_numerically_unresolved,rank_selection_numerically_unresolved,True,False,False,False,False,False,,,,,,3,dgp3_N100_T100_r00000_truth1-0-2,7729c3dacbe951db072a1d85344b5001dddf1ccad2d10b3062e13b8d4069af43,18.42932870000368,,rank_selection_numerically_unresolved: cap+1 pilot failed maintained acceptance diagnostics,False,False,False,not_needed_interior_fast_path,,,,,False,"(1,0,2)",unresolved,False,False
replication,f6c655e22d7c8930,3,100,100,1,selected_rank,__replication__,rank_selection_numerically_unresolved,rank_selection_numerically_unresolved,True,False,False,False,False,False,,,,,,3,dgp3_N100_T100_r00001_truth1-0-2,ed837e1214c4fce8ec8a1429216ed7415d881faf83e6f8fcc94192e40c33af91,49.09491610000259,,rank_selection_numerically_unresolved: cap+1 pilot failed maintained acceptance diagnostics,True,True,False,constrained_optimality_failure,,,,,False,"(1,0,2)",unresolved,False,False
replication,f6c655e22d7c8930,3,100,100,2,selected_rank,__replication__,rank_selection_numerically_unresolved,rank_selection_numerically_unresolved,True,False,False,False,False,False,,,,,,3,dgp3_N100_T100_r00002_truth1-0-2,08a3cb6530dd46358cbf50e556435129ea0317be564bdf807dd69e0375b7712b,79.98688939999556,,rank_selection_numerically_unresolved: cap+1 pilot failed maintained acceptance diagnostics,True,True,True,constrained_optimality_failure,,,,,False,"(1,0,2)",unresolved,False,False
replication,f6c655e22d7c8930,3,100,100,0,selected_rank,__replication__,rank_selection_numerically_unresolved,rank_selection_numerically_unresolved,True,False,False,False,False,False,,,,,,3,dgp3_N100_T100_r00000_truth1-1-1,fd107c8b221f93789bdd233025e491bc4f80a0115ab36e21336b935e248bfe5d,90.08042630000273,,rank_selection_numerically_unresolved: cap+1 pilot failed maintained acceptance diagnostics,True,True,True,constrained_optimality_failure,,,,,False,"(1,1,1)",unresolved,False,False
replication,f6c655e22d7c8930,3,100,100,1,selected_rank,__replication__,rank_selection_numerically_unresolved,rank_selection_numerically_unresolved,True,False,False,False,False,False,,,,,,3,dgp3_N100_T100_r00001_truth1-1-1,9a3d7ea3c883e240f02ba836d60c8f0b495257549763736212cc4359d02e7125,137.5902100999956,,rank_selection_numerically_unresolved: cap+1 pilot failed maintained acceptance diagnostics,True,True,True,constrained_optimality_failure,,,,,False,"(1,1,1)",unresolved,False,False
replication,f6c655e22d7c8930,3,100,100,2,selected_rank,__replication__,rank_selection_numerically_unresolved,rank_selection_numerically_unresolved,True,False,False,False,False,False,,,,,,3,dgp3_N100_T100_r00002_truth1-1-1,c56ab33d5dfe03504e36b069d2baa05d654b9f417cd08f2c20d16d6b61cc314e,142.58297189998848,,rank_selection_numerically_unresolved: cap+1 pilot failed maintained acceptance diagnostics,True,True,True,constrained_optimality_failure,,,,,False,"(1,1,1)",unresolved,False,False
replication,f6c655e22d7c8930,3,100,100,0,selected_rank,__replication__,rank_selection_numerically_unresolved,rank_selection_numerically_unresolved,True,False,False,False,False,False,,,,,,3,dgp3_N100_T100_r00000_truth2-1-1,72ccdf2208656cf8d0e8f17784483796340f2822d0adf450f399ee722d91269b,66.26248370000394,,rank_selection_numerically_unresolved: cap+1 pilot failed maintained acceptance diagnostics,True,True,True,success,,,,,False,"(2,1,1)",unresolved,False,False
replication,f6c655e22d7c8930,3,100,100,1,selected_rank,__replication__,rank_selection_numerically_unresolved,rank_selection_numerically_unresolved,True,False,False,False,False,False,,,,,,3,dgp3_N100_T100_r00001_truth2-1-1,bf52ac2c69653400b8fba456e3259d77b10c6b645457d20e396dcb889ca348dd,32.32519339999999,,rank_selection_numerically_unresolved: cap+1 pilot failed maintained acceptance diagnostics,False,False,False,not_needed_interior_fast_path,,,,,False,"(2,1,1)",unresolved,False,False
replication,f6c655e22d7c8930,3,100,100,2,selected_rank,__replication__,rank_selection_numerically_unresolved,rank_selection_numerically_unresolved,True,False,False,False,False,False,,,,,,3,dgp3_N100_T100_r00002_truth2-1-1,e46790c460234781ea234719d489f8e586ed097c7781cdb83c988fbe26db318b,31.78479679999873,,rank_selection_numerically_unresolved: cap+1 pilot failed maintained acceptance diagnostics,False,False,False,not_needed_interior_fast_path,,,,,False,"(2,1,1)",unresolved,False,False
replication,f6c655e22d7c8930,3,100,200,0,selected_rank,__replication__,rank_selection_numerically_unresolved,rank_selection_numerically_unresolved,True,False,False,False,False,False,,,,,,3,dgp3_N100_T200_r00000_truth1-0-2,1ad2b3494e590a59b59051dbe6a12ad954fad47c599f47af3e34d9d9c615b029,34.00909500000125,,rank_selection_numerically_unresolved: cap+1 pilot failed maintained acceptance diagnostics,False,False,False,not_needed_interior_fast_path,,,,,False,"(1,0,2)",unresolved,False,False
replication,f6c655e22d7c8930,3,100,200,1,selected_rank,__replication__,rank_selection_numerically_unresolved,rank_selection_numerically_unresolved,True,False,False,False,False,False,,,,,,3,dgp3_N100_T200_r00001_truth1-0-2,399e6ab5d06b1cd2517da02e4a53f0b39b35296238e4e18375539caeaab634bd,34.1549909000023,,rank_selection_numerically_unresolved: cap+1 pilot failed maintained acceptance diagnostics,False,False,False,not_needed_interior_fast_path,,,,,False,"(1,0,2)",unresolved,False,False
replication,f6c655e22d7c8930,3,100,200,2,selected_rank,__replication__,rank_selection_numerically_unresolved,rank_selection_numerically_unresolved,True,False,False,False,False,False,,,,,,3,dgp3_N100_T200_r00002_truth1-0-2,88a42445c7e1560e49f4e500fd9034ac27d39704702fc8309785b03e293823ec,85.97832539999217,,rank_selection_numerically_unresolved: cap+1 pilot failed maintained acceptance diagnostics,True,True,True,constrained_optimality_failure,,,,,False,"(1,0,2)",unresolved,False,False
replication,f6c655e22d7c8930,3,100,200,0,selected_rank,__replication__,rank_selection_numerically_unresolved,rank_selection_numerically_unresolved,True,False,False,False,False,False,,,,,,3,dgp3_N100_T200_r00000_truth1-1-1,b6184fe5b74e92aacbcfe7dac7474f098a1f449e77f9c0ee227a4f1f5e278fae,181.01291020000644,,rank_selection_numerically_unresolved: cap+1 pilot failed maintained acceptance diagnostics,True,True,True,constrained_optimality_failure,,,,,False,"(1,1,1)",unresolved,False,False
replication,f6c655e22d7c8930,3,100,200,1,selected_rank,__replication__,rank_selection_numerically_unresolved,rank_selection_numerically_unresolved,True,False,False,False,False,False,,,,,,3,dgp3_N100_T200_r00001_truth1-1-1,a91a79a2dbe3c80fde878f39445160d8cde6eaaf132ac8f08c825c51f4b20291,175.16644610000367,,rank_selection_numerically_unresolved: cap+1 pilot failed maintained acceptance diagnostics,True,True,True,constrained_optimality_failure,,,,,False,"(1,1,1)",unresolved,False,False
replication,f6c655e22d7c8930,3,100,200,2,selected_rank,__replication__,rank_selection_numerically_unresolved,rank_selection_numerically_unresolved,True,False,False,False,False,False,,,,,,3,dgp3_N100_T200_r00002_truth1-1-1,992f1d0e9fc8bbbcc1419eb8ccebe8ba694d4b2d26bc4117966992b65bc1ece0,176.76406719999795,,rank_selection_numerically_unresolved: cap+1 pilot failed maintained acceptance diagnostics,True,True,True,success,,,,,False,"(1,1,1)",unresolved,False,False
replication,f6c655e22d7c8930,3,100,200,0,selected_rank,__replication__,rank_selection_numerically_unresolved,rank_selection_numerically_unresolved,True,False,False,False,False,False,,,,,,3,dgp3_N100_T200_r00000_truth2-1-1,a97b1b7b93eed51d78398c4854fca7d845e8cec060e960cc85218bf40f224a12,44.80270030000247,,rank_selection_numerically_unresolved: cap+1 pilot failed maintained acceptance diagnostics,False,False,False,not_needed_interior_fast_path,,,,,False,"(2,1,1)",unresolved,False,False
replication,f6c655e22d7c8930,3,100,200,1,selected_rank,__replication__,rank_selection_numerically_unresolved,rank_selection_numerically_unresolved,True,False,False,False,False,False,,,,,,3,dgp3_N100_T200_r00001_truth2-1-1,2a7ba6a5eba0ebb4e5c335a15902d2786bdb5489cb18d89f551e7c9b2295a9e5,43.651008300003014,,rank_selection_numerically_unresolved: cap+1 pilot failed maintained acceptance diagnostics,False,False,False,not_needed_interior_fast_path,,,,,False,"(2,1,1)",unresolved,False,False
replication,f6c655e22d7c8930,3,100,200,2,selected_rank,__replication__,rank_selection_numerically_unresolved,rank_selection_numerically_unresolved,True,False,False,False,False,False,,,,,,3,dgp3_N100_T200_r00002_truth2-1-1,f1442e1c5138fa254236f2cf04765bff349c46698394e69d8e655aef9785ce88,40.6833789999946,,rank_selection_numerically_unresolved: cap+1 pilot failed maintained acceptance diagnostics,False,False,False,not_needed_interior_fast_path,,,,,False,"(2,1,1)",unresolved,False,False
replication,f6c655e22d7c8930,3,200,100,0,selected_rank,__replication__,rank_selection_numerically_unresolved,rank_selection_numerically_unresolved,True,False,False,False,False,False,,,,,,3,dgp3_N200_T100_r00000_truth1-0-2,eafaae57bd583f1533d2923ba12565cda7afbfb950d2fe4ebc5e8ba0f7a67489,32.47058020000986,,rank_selection_numerically_unresolved: cap+1 pilot failed maintained acceptance diagnostics,False,False,False,not_needed_interior_fast_path,,,,,False,"(1,0,2)",unresolved,False,False
replication,f6c655e22d7c8930,3,200,100,1,selected_rank,__replication__,rank_selection_numerically_unresolved,rank_selection_numerically_unresolved,True,False,False,False,False,False,,,,,,3,dgp3_N200_T100_r00001_truth1-0-2,fd5020a16b52bb1fb0cc1d8cbe92add92dd8434d4829a584183273357a1e40dc,133.2610801999981,,rank_selection_numerically_unresolved: cap+1 pilot failed maintained acceptance diagnostics,True,True,True,constrained_optimality_failure,,,,,False,"(1,0,2)",unresolved,False,False
replication,f6c655e22d7c8930,3,200,100,2,selected_rank,__replication__,rank_selection_numerically_unresolved,rank_selection_numerically_unresolved,True,False,False,False,False,False,,,,,,3,dgp3_N200_T100_r00002_truth1-0-2,47536d5883ab2dda0274159429c353f019202f558c070d287c7dbac236d12914,31.38977329999034,,rank_selection_numerically_unresolved: cap+1 pilot failed maintained acceptance diagnostics,False,False,False,not_needed_interior_fast_path,,,,,False,"(1,0,2)",unresolved,False,False
replication,f6c655e22d7c8930,3,200,100,0,selected_rank,__replication__,rank_selection_numerically_unresolved,rank_selection_numerically_unresolved,True,False,False,False,False,False,,,,,,3,dgp3_N200_T100_r00000_truth1-1-1,df6082d25a36ea37cec3cfb2d795ffe11ef7036a826bf23c59e0541987916269,46.508805300007225,,rank_selection_numerically_unresolved: cap+1 pilot failed maintained acceptance diagnostics,False,False,False,not_needed_interior_fast_path,,,,,False,"(1,1,1)",unresolved,False,False
replication,f6c655e22d7c8930,3,200,100,1,selected_rank,__replication__,rank_selection_numerically_unresolved,rank_selection_numerically_unresolved,True,False,False,False,False,False,,,,,,3,dgp3_N200_T100_r00001_truth1-1-1,aae448e22b23fd112fc9c384556efb328d59212da9cc9bc9db11d91929563343,252.39012700000603,,rank_selection_numerically_unresolved: cap+1 pilot failed maintained acceptance diagnostics,True,True,True,constrained_optimality_failure,,,,,False,"(1,1,1)",unresolved,False,False
replication,f6c655e22d7c8930,3,200,100,2,selected_rank,__replication__,rank_selection_numerically_unresolved,rank_selection_numerically_unresolved,True,False,False,False,False,False,,,,,,3,dgp3_N200_T100_r00002_truth1-1-1,8d8918992758c4bb3b0a285ba817e81c96c4a6b6146cbbf997e15c6d560db8b0,252.73431739999796,,rank_selection_numerically_unresolved: cap+1 pilot failed maintained acceptance diagnostics,True,True,True,constrained_optimality_failure,,,,,False,"(1,1,1)",unresolved,False,False
replication,f6c655e22d7c8930,3,200,100,0,selected_rank,__replication__,rank_selection_numerically_unresolved,rank_selection_numerically_unresolved,True,False,False,False,False,False,,,,,,3,dgp3_N200_T100_r00000_truth2-1-1,1e4e6452acb0acad342759f528924880c53714831984a0db7adbc21d6b5f16fa,33.31299679999938,,rank_selection_numerically_unresolved: cap+1 pilot failed maintained acceptance diagnostics,False,False,False,not_needed_interior_fast_path,,,,,False,"(2,1,1)",unresolved,False,False
replication,f6c655e22d7c8930,3,200,100,1,selected_rank,__replication__,rank_selection_numerically_unresolved,rank_selection_numerically_unresolved,True,False,False,False,False,False,,,,,,3,dgp3_N200_T100_r00001_truth2-1-1,3c751118fb514d85a2c7b0aa2dc8ffa4bfb260851609996ce79e20862fb50149,32.70044319999579,,rank_selection_numerically_unresolved: cap+1 pilot failed maintained acceptance diagnostics,False,False,False,not_needed_interior_fast_path,,,,,False,"(2,1,1)",unresolved,False,False
replication,f6c655e22d7c8930,3,200,100,2,selected_rank,__replication__,rank_selection_numerically_unresolved,rank_selection_numerically_unresolved,True,False,False,False,False,False,,,,,,3,dgp3_N200_T100_r00002_truth2-1-1,fddf8b69e06925f5fdce94635cde648ad5a16aff6f6882dada517ce1777ad552,32.287773899995955,,rank_selection_numerically_unresolved: cap+1 pilot failed maintained acceptance diagnostics,False,False,False,not_needed_interior_fast_path,,,,,False,"(2,1,1)",unresolved,False,False
replication,f6c655e22d7c8930,3,200,200,0,selected_rank,__replication__,rank_selection_numerically_unresolved,rank_selection_numerically_unresolved,True,False,False,False,False,False,,,,,,3,dgp3_N200_T200_r00000_truth1-0-2,0c5754944ba63b36ff34ebe1432de6252345c9e514f03d9e747bc9f1a4d36f9f,60.852877800003625,,rank_selection_numerically_unresolved: cap+1 pilot failed maintained acceptance diagnostics,False,False,False,not_needed_interior_fast_path,,,,,False,"(1,0,2)",unresolved,False,False
replication,f6c655e22d7c8930,3,200,200,1,selected_rank,__replication__,rank_selection_numerically_unresolved,rank_selection_numerically_unresolved,True,False,False,False,False,False,,,,,,3,dgp3_N200_T200_r00001_truth1-0-2,290d82dd3d32c9997d36d35691181581c615d0b4f23b761a5adbc4598974ab87,61.95286789999227,,rank_selection_numerically_unresolved: cap+1 pilot failed maintained acceptance diagnostics,False,False,False,not_needed_interior_fast_path,,,,,False,"(1,0,2)",unresolved,False,False
replication,f6c655e22d7c8930,3,200,200,2,selected_rank,__replication__,rank_selection_numerically_unresolved,rank_selection_numerically_unresolved,True,False,False,False,False,False,,,,,,3,dgp3_N200_T200_r00002_truth1-0-2,1a0c52164061ec5dc99fdec226c5197c817a3a0f1b0bd64e7d1ffab418943878,61.68672450000304,,rank_selection_numerically_unresolved: cap+1 pilot failed maintained acceptance diagnostics,False,False,False,not_needed_interior_fast_path,,,,,False,"(1,0,2)",unresolved,False,False
replication,f6c655e22d7c8930,3,200,200,0,selected_rank,__replication__,rank_selection_numerically_unresolved,rank_selection_numerically_unresolved,True,False,False,False,False,False,,,,,,3,dgp3_N200_T200_r00000_truth1-1-1,cd1d608a8c4ae77c30a2ed37999a6dc0c907af9e9e7aa7f67c4a86595939c656,69.54541880000033,,rank_selection_numerically_unresolved: cap+1 pilot failed maintained acceptance diagnostics,False,False,False,not_needed_interior_fast_path,,,,,False,"(1,1,1)",unresolved,False,False
replication,f6c655e22d7c8930,3,200,200,1,selected_rank,__replication__,rank_selection_numerically_unresolved,rank_selection_numerically_unresolved,True,False,False,False,False,False,,,,,,3,dgp3_N200_T200_r00001_truth1-1-1,644dbd68984db6e7459ca0540c02b7e40e38826936ccc8318559324de25ab521,68.28105369998957,,rank_selection_numerically_unresolved: cap+1 pilot failed maintained acceptance diagnostics,False,False,False,not_needed_interior_fast_path,,,,,False,"(1,1,1)",unresolved,False,False
replication,f6c655e22d7c8930,3,200,200,2,selected_rank,__replication__,rank_selection_numerically_unresolved,rank_selection_numerically_unresolved,True,False,False,False,False,False,,,,,,3,dgp3_N200_T200_r00002_truth1-1-1,b2dcd815c331f22e8733c1f40f7a88715d07f7d0872cd3426a5e4d77d7ee4dc5,72.73810020000383,,rank_selection_numerically_unresolved: cap+1 pilot failed maintained acceptance diagnostics,False,False,False,not_needed_interior_fast_path,,,,,False,"(1,1,1)",unresolved,False,False
replication,f6c655e22d7c8930,3,200,200,0,selected_rank,__replication__,rank_selection_numerically_unresolved,rank_selection_numerically_unresolved,True,False,False,False,False,False,,,,,,3,dgp3_N200_T200_r00000_truth2-1-1,cb52a4fc10dd7f3308b982606bb8795706d19ea5bf467d4c4714c9ab38af4b50,79.05261210000026,,rank_selection_numerically_unresolved: cap+1 pilot failed maintained acceptance diagnostics,False,False,False,not_needed_interior_fast_path,,,,,False,"(2,1,1)",unresolved,False,False
replication,f6c655e22d7c8930,3,200,200,1,selected_rank,__replication__,rank_selection_numerically_unresolved,rank_selection_numerically_unresolved,True,False,False,False,False,False,,,,,,3,dgp3_N200_T200_r00001_truth2-1-1,871a57e9b70a05455b6642492c7bb77755d948ad655a53c17a8360c4f76b5091,78.68647049998981,,rank_selection_numerically_unresolved: cap+1 pilot failed maintained acceptance diagnostics,False,False,False,not_needed_interior_fast_path,,,,,False,"(2,1,1)",unresolved,False,False
replication,f6c655e22d7c8930,3,200,200,2,selected_rank,__replication__,rank_selection_numerically_unresolved,rank_selection_numerically_unresolved,True,False,False,False,False,False,,,,,,3,dgp3_N200_T200_r00002_truth2-1-1,59f9e2b529fff16602616d2916276a6f7c40b131270dd595d9045d8c5392ac67,77.77061510000203,,rank_selection_numerically_unresolved: cap+1 pilot failed maintained acceptance diagnostics,False,False,False,not_needed_interior_fast_path,,,,,False,"(2,1,1)",unresolved,False,False
replication,f6c655e22d7c8930,3,50,50,0,selected_rank,__replication__,rank_selection_numerically_unresolved,rank_selection_numerically_unresolved,True,False,False,False,False,False,,,,,,3,dgp3_N50_T50_r00000_truth1-0-2,acf38dcf044f65ccca02b1b0a898c2bf775b16221a58ef8754ce8317d734d284,43.065139999991516,,rank_selection_numerically_unresolved: cap+1 pilot failed maintained acceptance diagnostics,True,True,True,constrained_optimality_failure,,,,,False,"(1,0,2)",unresolved,False,False
replication,f6c655e22d7c8930,3,50,50,1,selected_rank,__replication__,rank_selection_numerically_unresolved,rank_selection_numerically_unresolved,True,False,False,False,False,False,,,,,,3,dgp3_N50_T50_r00001_truth1-0-2,ec6431d4ebbd2ff1787e97513353c91ffe66854e2e1bedfed79433bb4339d91a,43.26822749999701,,rank_selection_numerically_unresolved: cap+1 pilot failed maintained acceptance diagnostics,True,True,True,constrained_optimality_failure,,,,,False,"(1,0,2)",unresolved,False,False
replication,f6c655e22d7c8930,3,50,50,2,selected_rank,__replication__,rank_selection_numerically_unresolved,rank_selection_numerically_unresolved,True,False,False,False,False,False,,,,,,3,dgp3_N50_T50_r00002_truth1-0-2,52df0c6c40508331b506a6f3ff7458da5dc2b8a8becfc54ef7bf74c5c940fe51,31.0569617000001,,rank_selection_numerically_unresolved: cap+1 pilot failed maintained acceptance diagnostics,True,True,True,constrained_optimality_failure,,,,,False,"(1,0,2)",unresolved,False,False
replication,f6c655e22d7c8930,3,50,50,0,selected_rank,__replication__,rank_selection_numerically_unresolved,rank_selection_numerically_unresolved,True,False,False,False,False,False,,,,,,3,dgp3_N50_T50_r00000_truth1-1-1,40d468006868bd496e4a764ca065e685893771c207b635ce45541ce0ea229fbe,51.55776710000646,,rank_selection_numerically_unresolved: cap+1 pilot failed maintained acceptance diagnostics,True,True,True,constrained_optimality_failure,,,,,False,"(1,1,1)",unresolved,False,False
replication,f6c655e22d7c8930,3,50,50,1,selected_rank,__replication__,rank_selection_numerically_unresolved,rank_selection_numerically_unresolved,True,False,False,False,False,False,,,,,,3,dgp3_N50_T50_r00001_truth1-1-1,72ebfc3261de212582ab940b5df95c2487354b678ce8161e90f23afd4171e4d4,51.39619379999931,,rank_selection_numerically_unresolved: cap+1 pilot failed maintained acceptance diagnostics,True,True,True,constrained_optimality_failure,,,,,False,"(1,1,1)",unresolved,False,False
replication,f6c655e22d7c8930,3,50,50,2,selected_rank,__replication__,rank_selection_numerically_unresolved,rank_selection_numerically_unresolved,True,False,False,False,False,False,,,,,,3,dgp3_N50_T50_r00002_truth1-1-1,0c1c770aad3c8a7f5d92ae8c65954298f542cd7280485868a1c11cc17f284b04,50.86845610001183,,rank_selection_numerically_unresolved: cap+1 pilot failed maintained acceptance diagnostics,True,True,True,constrained_optimality_failure,,,,,False,"(1,1,1)",unresolved,False,False
replication,f6c655e22d7c8930,3,50,50,0,selected_rank,__replication__,rank_selection_numerically_unresolved,rank_selection_numerically_unresolved,True,False,False,False,False,False,,,,,,3,dgp3_N50_T50_r00000_truth2-1-1,fb71c0bc39daab08a7a949c685c6132f8fdc1b8c9e9afc28b7478f11a0ceb5e9,81.4317216000054,,rank_selection_numerically_unresolved: cap+1 pilot failed maintained acceptance diagnostics,True,True,True,constrained_optimality_failure,,,,,False,"(2,1,1)",unresolved,False,False
replication,f6c655e22d7c8930,3,50,50,1,selected_rank,__replication__,rank_selection_numerically_unresolved,rank_selection_numerically_unresolved,True,False,False,False,False,False,,,,,,3,dgp3_N50_T50_r00001_truth2-1-1,7e4ae6c9fb2bd62beefddbd476d5a007f7fb7d362b6f53893fd6046a1f111926,78.56997370001045,,rank_selection_numerically_unresolved: cap+1 pilot failed maintained acceptance diagnostics,True,True,True,success,,,,,False,"(2,1,1)",unresolved,False,False
replication,f6c655e22d7c8930,3,50,50,2,selected_rank,__replication__,rank_selection_numerically_unresolved,rank_selection_numerically_unresolved,True,False,False,False,False,False,,,,,,3,dgp3_N50_T50_r00002_truth2-1-1,5ae95cd42b6d9ca9c274b535dfef15ccc4a2fb6cdb9d91a089f379658505472b,36.77884630000335,,rank_selection_numerically_unresolved: cap+1 pilot failed maintained acceptance diagnostics,True,True,True,constrained_optimality_failure,,,,,False,"(2,1,1)",unresolved,False,False
replication,f6c655e22d7c8930,4,100,100,0,selected_rank,__replication__,rank_selection_numerically_unresolved,rank_selection_numerically_unresolved,True,False,False,False,False,False,,,,,,3,dgp4_N100_T100_r00000_truth1-0-2,42c472a2207f3055371c5a132479d5e7fc91da8366673fe80753e41d0456e3a6,48.22166100000322,,rank_selection_numerically_unresolved: cap+1 pilot failed maintained acceptance diagnostics,True,True,True,constrained_optimality_failure,,,,,False,"(1,0,2)",unresolved,False,False
replication,f6c655e22d7c8930,4,100,100,1,selected_rank,__replication__,rank_selection_numerically_unresolved,rank_selection_numerically_unresolved,True,False,False,False,False,False,,,,,,3,dgp4_N100_T100_r00001_truth1-0-2,d198add16aea3212134b2e9ae95cef5ae45f1ade30117e0a41df3b54c29353f6,49.54212980000011,,rank_selection_numerically_unresolved: cap+1 pilot failed maintained acceptance diagnostics,True,True,True,constrained_optimality_failure,,,,,False,"(1,0,2)",unresolved,False,False
replication,f6c655e22d7c8930,4,100,100,2,selected_rank,__replication__,rank_selection_numerically_unresolved,rank_selection_numerically_unresolved,True,False,False,False,False,False,,,,,,3,dgp4_N100_T100_r00002_truth1-0-2,900658f98665d74f0dc98f7725ce608d8a3f3348d08ebbfc6c26d92b2c044ead,18.623216800013324,,rank_selection_numerically_unresolved: cap+1 pilot failed maintained acceptance diagnostics,False,False,False,not_needed_interior_fast_path,,,,,False,"(1,0,2)",unresolved,False,False
replication,f6c655e22d7c8930,4,100,100,0,selected_rank,__replication__,rank_selection_numerically_unresolved,rank_selection_numerically_unresolved,True,False,False,False,False,False,,,,,,3,dgp4_N100_T100_r00000_truth1-1-1,b7baa573660b6f1b66699c3c78077d177707fd0651862f5dc2367899247792a9,112.9165548000019,,rank_selection_numerically_unresolved: cap+1 pilot failed maintained acceptance diagnostics,True,True,True,constrained_optimality_failure,,,,,False,"(1,1,1)",unresolved,False,False
replication,f6c655e22d7c8930,4,100,100,1,selected_rank,__replication__,rank_selection_numerically_unresolved,rank_selection_numerically_unresolved,True,False,False,False,False,False,,,,,,3,dgp4_N100_T100_r00001_truth1-1-1,912be182316432b350a708e602a56bb9c01e804e27a9fdaa3e881feadf9ed93e,135.0461282000033,,rank_selection_numerically_unresolved: cap+1 pilot failed maintained acceptance diagnostics,True,True,True,success,,,,,False,"(1,1,1)",unresolved,False,False
replication,f6c655e22d7c8930,4,100,100,2,selected_rank,__replication__,rank_selection_numerically_unresolved,rank_selection_numerically_unresolved,True,False,False,False,False,False,,,,,,3,dgp4_N100_T100_r00002_truth1-1-1,6905ae8e744ab2b2048fd0eed8ffc027ab9b2fcffd1004e58f005343e4d53ba6,98.57155999999668,,rank_selection_numerically_unresolved: cap+1 pilot failed maintained acceptance diagnostics,True,True,True,constrained_optimality_failure,,,,,False,"(1,1,1)",unresolved,False,False
replication,f6c655e22d7c8930,4,100,100,0,selected_rank,__replication__,rank_selection_numerically_unresolved,rank_selection_numerically_unresolved,True,False,False,False,False,False,,,,,,3,dgp4_N100_T100_r00000_truth2-1-1,ab68ab4e6ae6a8c63b750652a0c9e176c0a6f12de9ded0318cf756a537acfdee,18.89114029999473,,rank_selection_numerically_unresolved: cap+1 pilot failed maintained acceptance diagnostics,False,False,False,not_needed_interior_fast_path,,,,,False,"(2,1,1)",unresolved,False,False
replication,f6c655e22d7c8930,4,100,100,1,selected_rank,__replication__,rank_selection_numerically_unresolved,rank_selection_numerically_unresolved,True,False,False,False,False,False,,,,,,3,dgp4_N100_T100_r00001_truth2-1-1,2c9b2d3f7e6e5beb820a12ddd11918186dd25da04c3bde2535dcc1678c1533f6,18.973566000000574,,rank_selection_numerically_unresolved: cap+1 pilot failed maintained acceptance diagnostics,False,False,False,not_needed_interior_fast_path,,,,,False,"(2,1,1)",unresolved,False,False
replication,f6c655e22d7c8930,4,100,100,2,selected_rank,__replication__,rank_selection_numerically_unresolved,rank_selection_numerically_unresolved,True,False,False,False,False,False,,,,,,3,dgp4_N100_T100_r00002_truth2-1-1,b48bcd257d528f80ce335329dc74b8dd810a5efa6f1183c8872dd16cb2fcc7da,18.98845910000091,,rank_selection_numerically_unresolved: cap+1 pilot failed maintained acceptance diagnostics,False,False,False,not_needed_interior_fast_path,,,,,False,"(2,1,1)",unresolved,False,False
replication,f6c655e22d7c8930,4,100,200,0,selected_rank,__replication__,rank_selection_numerically_unresolved,rank_selection_numerically_unresolved,True,False,False,False,False,False,,,,,,3,dgp4_N100_T200_r00000_truth1-0-2,ced475b08c4c5d2b75a60069704295da7d35c650e9c26e103386215cc25424c0,34.84069129999261,,rank_selection_numerically_unresolved: cap+1 pilot failed maintained acceptance diagnostics,False,False,False,not_needed_interior_fast_path,,,,,False,"(1,0,2)",unresolved,False,False
replication,f6c655e22d7c8930,4,100,200,1,selected_rank,__replication__,rank_selection_numerically_unresolved,rank_selection_numerically_unresolved,True,False,False,False,False,False,,,,,,3,dgp4_N100_T200_r00001_truth1-0-2,b4bddd66764a7da7fc40284fcd31eec2e7382aa0392af116f3952f5c73a9b329,34.96605469999486,,rank_selection_numerically_unresolved: cap+1 pilot failed maintained acceptance diagnostics,False,False,False,not_needed_interior_fast_path,,,,,False,"(1,0,2)",unresolved,False,False
replication,f6c655e22d7c8930,4,100,200,2,selected_rank,__replication__,rank_selection_numerically_unresolved,rank_selection_numerically_unresolved,True,False,False,False,False,False,,,,,,3,dgp4_N100_T200_r00002_truth1-0-2,79e13686da0fe99356465e425551b380b6e289f1fd6ff95192724a381bf774cf,35.57605350000085,,rank_selection_numerically_unresolved: cap+1 pilot failed maintained acceptance diagnostics,False,False,False,not_needed_interior_fast_path,,,,,False,"(1,0,2)",unresolved,False,False
replication,f6c655e22d7c8930,4,100,200,0,selected_rank,__replication__,rank_selection_numerically_unresolved,rank_selection_numerically_unresolved,True,False,False,False,False,False,,,,,,3,dgp4_N100_T200_r00000_truth1-1-1,2619305b8b6638983ec40fa58d597155611631585981aa7a978aa42808eb96cd,54.151007699998445,,rank_selection_numerically_unresolved: cap+1 pilot failed maintained acceptance diagnostics,False,False,False,not_needed_interior_fast_path,,,,,False,"(1,1,1)",unresolved,False,False
replication,f6c655e22d7c8930,4,100,200,1,selected_rank,__replication__,rank_selection_numerically_unresolved,rank_selection_numerically_unresolved,True,False,False,False,False,False,,,,,,3,dgp4_N100_T200_r00001_truth1-1-1,7ad9bf6d860e94949cfca71d3a9f519041dd7c4ffd73693ae085572ac32500aa,182.78734460000123,,rank_selection_numerically_unresolved: cap+1 pilot failed maintained acceptance diagnostics,True,True,True,success,,,,,False,"(1,1,1)",unresolved,False,False
replication,f6c655e22d7c8930,4,100,200,2,selected_rank,__replication__,rank_selection_numerically_unresolved,rank_selection_numerically_unresolved,True,False,False,False,False,False,,,,,,3,dgp4_N100_T200_r00002_truth1-1-1,66003138656947a90f4033866e70b3726767f67bdd9f8053241e867e046e11c7,85.73156759999983,,rank_selection_numerically_unresolved: cap+1 pilot failed maintained acceptance diagnostics,True,True,True,success,,,,,False,"(1,1,1)",unresolved,False,False
replication,f6c655e22d7c8930,4,100,200,0,selected_rank,__replication__,rank_selection_numerically_unresolved,rank_selection_numerically_unresolved,True,False,False,False,False,False,,,,,,3,dgp4_N100_T200_r00000_truth2-1-1,838c5dcae45274ddbfe9b9efe0dff5a50373463b8ea4b0175d033020d2e8be5f,34.28790239999944,,rank_selection_numerically_unresolved: cap+1 pilot failed maintained acceptance diagnostics,False,False,False,not_needed_interior_fast_path,,,,,False,"(2,1,1)",unresolved,False,False
replication,f6c655e22d7c8930,4,100,200,1,selected_rank,__replication__,rank_selection_numerically_unresolved,rank_selection_numerically_unresolved,True,False,False,False,False,False,,,,,,3,dgp4_N100_T200_r00001_truth2-1-1,9d3344a024087dfa82294d895c94b97d35aae676add60be723059d0fd6772782,33.98079310001049,,rank_selection_numerically_unresolved: cap+1 pilot failed maintained acceptance diagnostics,False,False,False,not_needed_interior_fast_path,,,,,False,"(2,1,1)",unresolved,False,False
replication,f6c655e22d7c8930,4,100,200,2,selected_rank,__replication__,rank_selection_numerically_unresolved,rank_selection_numerically_unresolved,True,False,False,False,False,False,,,,,,3,dgp4_N100_T200_r00002_truth2-1-1,3887a2ea12610bc69dc0c74cab961cfaea6b43401af546e31ec4ed681687d4de,34.144117299991194,,rank_selection_numerically_unresolved: cap+1 pilot failed maintained acceptance diagnostics,False,False,False,not_needed_interior_fast_path,,,,,False,"(2,1,1)",unresolved,False,False
replication,f6c655e22d7c8930,4,200,100,0,selected_rank,__replication__,rank_selection_numerically_unresolved,rank_selection_numerically_unresolved,True,False,False,False,False,False,,,,,,3,dgp4_N200_T100_r00000_truth1-0-2,72d4cde33024c56dd362f7f5b8efaf2b964425a19df887f643de361303b82bbf,33.89679079999041,,rank_selection_numerically_unresolved: cap+1 pilot failed maintained acceptance diagnostics,False,False,False,not_needed_interior_fast_path,,,,,False,"(1,0,2)",unresolved,False,False
replication,f6c655e22d7c8930,4,200,100,1,selected_rank,__replication__,rank_selection_numerically_unresolved,rank_selection_numerically_unresolved,True,False,False,False,False,False,,,,,,3,dgp4_N200_T100_r00001_truth1-0-2,38329fa4370b9f0f7bbb91db3ca24dfc43e54e72a85c7f7898bb9c122beb6378,26.898541699993075,,rank_selection_numerically_unresolved: cap+1 pilot failed maintained acceptance diagnostics,False,False,False,not_needed_interior_fast_path,,,,,False,"(1,0,2)",unresolved,False,False
replication,f6c655e22d7c8930,4,200,100,2,selected_rank,__replication__,rank_selection_numerically_unresolved,rank_selection_numerically_unresolved,True,False,False,False,False,False,,,,,,3,dgp4_N200_T100_r00002_truth1-0-2,44e889b8a7f28a4e2089a84cf95bd2f354cb6dfaaac99bc23cc8fc86f849b11c,52.796171100009815,,rank_selection_numerically_unresolved: cap+1 pilot failed maintained acceptance diagnostics,True,True,False,constrained_optimality_failure,,,,,False,"(1,0,2)",unresolved,False,False
replication,f6c655e22d7c8930,4,200,100,0,selected_rank,__replication__,rank_selection_numerically_unresolved,rank_selection_numerically_unresolved,True,False,False,False,False,False,,,,,,3,dgp4_N200_T100_r00000_truth1-1-1,d06221c36086fdacb67de482d77b9306a3acd87e7743b1436373cfc43150741a,208.31820550000702,,rank_selection_numerically_unresolved: cap+1 pilot failed maintained acceptance diagnostics,True,True,True,constrained_optimality_failure,,,,,False,"(1,1,1)",unresolved,False,False
replication,f6c655e22d7c8930,4,200,100,1,selected_rank,__replication__,rank_selection_numerically_unresolved,rank_selection_numerically_unresolved,True,False,False,False,False,False,,,,,,3,dgp4_N200_T100_r00001_truth1-1-1,33e0093fec39a58775ad8ca9edfccaacd781ce80204d2007ce6845efee3aeee5,298.94125960000383,,rank_selection_numerically_unresolved: cap+1 pilot failed maintained acceptance diagnostics,True,True,True,constrained_optimality_failure,,,,,False,"(1,1,1)",unresolved,False,False
replication,f6c655e22d7c8930,4,200,100,2,selected_rank,__replication__,rank_selection_numerically_unresolved,rank_selection_numerically_unresolved,True,False,False,False,False,False,,,,,,3,dgp4_N200_T100_r00002_truth1-1-1,09020999a4feb84de575c94a873887cebb575f2aaaddf6319b73cf880c4ea6af,123.20250390000001,,rank_selection_numerically_unresolved: cap+1 pilot failed maintained acceptance diagnostics,True,True,False,constrained_optimality_failure,,,,,False,"(1,1,1)",unresolved,False,False
replication,f6c655e22d7c8930,4,200,100,0,selected_rank,__replication__,rank_selection_numerically_unresolved,rank_selection_numerically_unresolved,True,False,False,False,False,False,,,,,,3,dgp4_N200_T100_r00000_truth2-1-1,fa33f3fc01e4c3d3a677cf63a49fa6dd2ada2a2c296791e4f1a489dfdf38e662,32.96456589999434,,rank_selection_numerically_unresolved: cap+1 pilot failed maintained acceptance diagnostics,False,False,False,not_needed_interior_fast_path,,,,,False,"(2,1,1)",unresolved,False,False
replication,f6c655e22d7c8930,4,200,100,1,selected_rank,__replication__,rank_selection_numerically_unresolved,rank_selection_numerically_unresolved,True,False,False,False,False,False,,,,,,3,dgp4_N200_T100_r00001_truth2-1-1,5caf41c299976d26b2986a207fbcc4f8568487612d5109d0c78ed33acf570c9f,32.57658989999618,,rank_selection_numerically_unresolved: cap+1 pilot failed maintained acceptance diagnostics,False,False,False,not_needed_interior_fast_path,,,,,False,"(2,1,1)",unresolved,False,False
replication,f6c655e22d7c8930,4,200,100,2,selected_rank,__replication__,rank_selection_numerically_unresolved,rank_selection_numerically_unresolved,True,False,False,False,False,False,,,,,,3,dgp4_N200_T100_r00002_truth2-1-1,29c7592722b39bf0514d581798eee0365c8ea6b8c825cc024f8e8c5b681e1328,32.61884540000756,,rank_selection_numerically_unresolved: cap+1 pilot failed maintained acceptance diagnostics,False,False,False,not_needed_interior_fast_path,,,,,False,"(2,1,1)",unresolved,False,False
replication,f6c655e22d7c8930,4,200,200,0,selected_rank,__replication__,rank_selection_numerically_unresolved,rank_selection_numerically_unresolved,True,False,False,False,False,False,,,,,,3,dgp4_N200_T200_r00000_truth1-0-2,ac327d9b40c27a720d01ea008b91b096a545059343bc008a777d5e9e63e77a92,62.63292319999891,,rank_selection_numerically_unresolved: cap+1 pilot failed maintained acceptance diagnostics,False,False,False,not_needed_interior_fast_path,,,,,False,"(1,0,2)",unresolved,False,False
replication,f6c655e22d7c8930,4,200,200,1,selected_rank,__replication__,rank_selection_numerically_unresolved,rank_selection_numerically_unresolved,True,False,False,False,False,False,,,,,,3,dgp4_N200_T200_r00001_truth1-0-2,4e7a39126408ff6b678eade1ccf5ee84833dc8cc9a3bdc75bad779ec0c9774c4,62.75382399999944,,rank_selection_numerically_unresolved: cap+1 pilot failed maintained acceptance diagnostics,False,False,False,not_needed_interior_fast_path,,,,,False,"(1,0,2)",unresolved,False,False
replication,f6c655e22d7c8930,4,200,200,2,selected_rank,__replication__,rank_selection_numerically_unresolved,rank_selection_numerically_unresolved,True,False,False,False,False,False,,,,,,3,dgp4_N200_T200_r00002_truth1-0-2,9b1fbdcd8d9b25e8c912d76719592bc028eb3fa92d705e7dfacef488c3f0e889,61.51236120000249,,rank_selection_numerically_unresolved: cap+1 pilot failed maintained acceptance diagnostics,False,False,False,not_needed_interior_fast_path,,,,,False,"(1,0,2)",unresolved,False,False
replication,f6c655e22d7c8930,4,200,200,0,selected_rank,__replication__,rank_selection_numerically_unresolved,rank_selection_numerically_unresolved,True,False,False,False,False,False,,,,,,3,dgp4_N200_T200_r00000_truth1-1-1,f93a5ecac4c470ea0adf4680e63fc2aaa0014c509a19024064c1b34616976eef,83.69956549999188,,rank_selection_numerically_unresolved: cap+1 pilot failed maintained acceptance diagnostics,False,False,False,not_needed_interior_fast_path,,,,,False,"(1,1,1)",unresolved,False,False
replication,f6c655e22d7c8930,4,200,200,1,selected_rank,__replication__,rank_selection_numerically_unresolved,rank_selection_numerically_unresolved,True,False,False,False,False,False,,,,,,3,dgp4_N200_T200_r00001_truth1-1-1,0ab20625db2eaa073ba133c95ca18dc9eba539a9fb57f58a014b1451afd9bdec,83.86622759999591,,rank_selection_numerically_unresolved: cap+1 pilot failed maintained acceptance diagnostics,False,False,False,not_needed_interior_fast_path,,,,,False,"(1,1,1)",unresolved,False,False
replication,f6c655e22d7c8930,4,200,200,2,selected_rank,__replication__,rank_selection_numerically_unresolved,rank_selection_numerically_unresolved,True,False,False,False,False,False,,,,,,3,dgp4_N200_T200_r00002_truth1-1-1,36cb11e52ac6f5597c311bc304d587b19821dddb3e572adec20394fde60fbda1,83.48646819998976,,rank_selection_numerically_unresolved: cap+1 pilot failed maintained acceptance diagnostics,False,False,False,not_needed_interior_fast_path,,,,,False,"(1,1,1)",unresolved,False,False
replication,f6c655e22d7c8930,4,200,200,0,selected_rank,__replication__,rank_selection_numerically_unresolved,rank_selection_numerically_unresolved,True,False,False,False,False,False,,,,,,3,dgp4_N200_T200_r00000_truth2-1-1,a3e9b6ed6829064e0e100a484561600123e9fffcecba951e7f2904d392667b7b,61.523353399999905,,rank_selection_numerically_unresolved: cap+1 pilot failed maintained acceptance diagnostics,False,False,False,not_needed_interior_fast_path,,,,,False,"(2,1,1)",unresolved,False,False
replication,f6c655e22d7c8930,4,200,200,1,selected_rank,__replication__,rank_selection_numerically_unresolved,rank_selection_numerically_unresolved,True,False,False,False,False,False,,,,,,3,dgp4_N200_T200_r00001_truth2-1-1,6d388332b328a085e6e8fae4c2560c48ed4bd05b6ca2f4f1b43e1c537a9d3056,62.01455399999395,,rank_selection_numerically_unresolved: cap+1 pilot failed maintained acceptance diagnostics,False,False,False,not_needed_interior_fast_path,,,,,False,"(2,1,1)",unresolved,False,False
replication,f6c655e22d7c8930,4,200,200,2,selected_rank,__replication__,rank_selection_numerically_unresolved,rank_selection_numerically_unresolved,True,False,False,False,False,False,,,,,,3,dgp4_N200_T200_r00002_truth2-1-1,79ce6bb32d20d42c56040b5a20a39c8b66804504e804ba4ee8eeaa5e9988c9fb,60.17608589999145,,rank_selection_numerically_unresolved: cap+1 pilot failed maintained acceptance diagnostics,False,False,False,not_needed_interior_fast_path,,,,,False,"(2,1,1)",unresolved,False,False
replication,f6c655e22d7c8930,4,50,50,0,selected_rank,__replication__,rank_selection_numerically_unresolved,rank_selection_numerically_unresolved,True,False,False,False,False,False,,,,,,3,dgp4_N50_T50_r00000_truth1-0-2,59c220f4ecc1217c0c36171edebac9642dbf82717edfb9395e0e594daf73f428,43.047540300001856,,rank_selection_numerically_unresolved: cap+1 pilot failed maintained acceptance diagnostics,True,True,True,constrained_optimality_failure,,,,,False,"(1,0,2)",unresolved,False,False
replication,f6c655e22d7c8930,4,50,50,1,selected_rank,__replication__,rank_selection_numerically_unresolved,rank_selection_numerically_unresolved,True,False,False,False,False,False,,,,,,3,dgp4_N50_T50_r00001_truth1-0-2,bc5f1337b77a7417f5e1547b4afdb923c9972a0d20d85ae9d7e220228e3f1038,30.679802200000267,,rank_selection_numerically_unresolved: cap+1 pilot failed maintained acceptance diagnostics,True,True,True,constrained_optimality_failure,,,,,False,"(1,0,2)",unresolved,False,False
replication,f6c655e22d7c8930,4,50,50,2,selected_rank,__replication__,rank_selection_numerically_unresolved,rank_selection_numerically_unresolved,True,False,False,False,False,False,,,,,,3,dgp4_N50_T50_r00002_truth1-0-2,479a663cf687976becfdf970ff45fcfe61510dbde6a075553ac61e16329dc7a9,43.34254869999131,,rank_selection_numerically_unresolved: cap+1 pilot failed maintained acceptance diagnostics,True,True,True,constrained_optimality_failure,,,,,False,"(1,0,2)",unresolved,False,False
replication,f6c655e22d7c8930,4,50,50,0,selected_rank,__replication__,rank_selection_numerically_unresolved,rank_selection_numerically_unresolved,True,False,False,False,False,False,,,,,,3,dgp4_N50_T50_r00000_truth1-1-1,25290dc9f469ae88df975984f11e7cc9b3b2aa84e9c9bb8f3dda7cd982aa837d,60.77303939999547,,rank_selection_numerically_unresolved: cap+1 pilot failed maintained acceptance diagnostics,True,True,True,constrained_optimality_failure,,,,,False,"(1,1,1)",unresolved,False,False
replication,f6c655e22d7c8930,4,50,50,1,selected_rank,__replication__,rank_selection_numerically_unresolved,rank_selection_numerically_unresolved,True,False,False,False,False,False,,,,,,3,dgp4_N50_T50_r00001_truth1-1-1,8fda9e3975b374ae81ee0e808d62233a047160bbd854fbfb7d988b31f53b5259,59.317556199996034,,rank_selection_numerically_unresolved: cap+1 pilot failed maintained acceptance diagnostics,True,True,True,constrained_optimality_failure,,,,,False,"(1,1,1)",unresolved,False,False
replication,f6c655e22d7c8930,4,50,50,2,selected_rank,__replication__,rank_selection_numerically_unresolved,rank_selection_numerically_unresolved,True,False,False,False,False,False,,,,,,3,dgp4_N50_T50_r00002_truth1-1-1,c1b92e15bfe3325543c729c662004ab3bd2408acb618e2ed20f68332ab51efb0,59.33800259999407,,rank_selection_numerically_unresolved: cap+1 pilot failed maintained acceptance diagnostics,True,True,True,constrained_optimality_failure,,,,,False,"(1,1,1)",unresolved,False,False
replication,f6c655e22d7c8930,4,50,50,0,selected_rank,__replication__,rank_selection_numerically_unresolved,rank_selection_numerically_unresolved,True,False,False,False,False,False,,,,,,3,dgp4_N50_T50_r00000_truth2-1-1,e3496bee5763445bdebbbf66391dd04c2d5f396fa485d792519ab287788288b8,44.91015069998684,,rank_selection_numerically_unresolved: cap+1 pilot failed maintained acceptance diagnostics,True,True,True,constrained_optimality_failure,,,,,False,"(2,1,1)",unresolved,False,False
replication,f6c655e22d7c8930,4,50,50,1,selected_rank,__replication__,rank_selection_numerically_unresolved,rank_selection_numerically_unresolved,True,False,False,False,False,False,,,,,,3,dgp4_N50_T50_r00001_truth2-1-1,6bd730e92a747ee32439df79dd6292ded12fea40d2b2b9c333714c102f558007,32.249750600007246,,rank_selection_numerically_unresolved: cap+1 pilot failed maintained acceptance diagnostics,True,True,False,constrained_optimality_failure,,,,,False,"(2,1,1)",unresolved,False,False
replication,f6c655e22d7c8930,4,50,50,2,selected_rank,__replication__,rank_selection_numerically_unresolved,rank_selection_numerically_unresolved,True,False,False,False,False,False,,,,,,3,dgp4_N50_T50_r00002_truth2-1-1,3ea03b8cfdbaca55fa5a6d16f1701cfc0dd4e4335b32e6094d52145ee24cf603,32.58347969999886,,rank_selection_numerically_unresolved: cap+1 pilot failed maintained acceptance diagnostics,True,True,True,constrained_optimality_failure,,,,,False,"(2,1,1)",unresolved,False,False
