DGP,semantic_replication_id,method,split_type,split_index,effective_N,effective_T,requested_rank,realized_numerical_rank,objective,iterations,convergence,iteration_cap_hit,stationarity_residual,stationarity_pass,coefficient_envelope,coefficient_envelope_ratio,coefficient_bound_hit,sigma_1,sigma_r,sigma_r_over_sigma_1,numerical_rank_loss,best_objective,second_best_objective,objective_stability_gap,objective_stability_pass,objective_stability_assessed,runtime_seconds,primary_numerical_cause,exact_invalidity_reason,A_sigma_1,A_sigma_r,A_sigma_r_over_sigma_1,A_rank_supported,B_sigma_1,B_sigma_r,B_sigma_r_over_sigma_1,B_rank_supported,H_sigma_1,H_sigma_r,H_sigma_r_over_sigma_1,H_rank_supported,full_coefficient_envelope,full_coefficient_envelope_ratio,full_stationarity_residual,full_sigma_r_over_sigma_1,full_objective_stability_gap,full_runtime_seconds
1,dgp1_N50_T50_r00003_truth1-1-1,fixed_rank,time,0,50,25,"[1, 1, 1]","[1, 1, 1]",1.6528811318309202,9,True,False,3.647038684202163e-05,True,10.768822797104423,1.196535866344936,True,20.42198084202433,20.42198084202433,1.0,False,,,,,False,0.013443500007269904,coefficient_bound_hit,coefficient_bound_hit,20.42198084202433,20.42198084202433,1.0,True,29.308813238905845,29.308813238905845,1.0,True,50.16066231519942,50.16066231519942,1.0,True,8.763240204818825,0.9736933560909805,2.3425190929307788e-05,1.0,2.5119902895858233e-06,0.02707949999603443
1,dgp1_N50_T50_r00003_truth1-1-1,fixed_rank,time,1,50,25,"[1, 1, 1]","[1, 1, 1]",1.4500768420276744,21,True,False,4.998361691678955e-05,True,5.80987892115958,0.6455421023510645,False,18.887036850101204,18.887036850101204,1.0,False,,,,,False,0.03202600000076927,valid,valid,18.887036850101204,18.887036850101204,1.0,True,32.97655340843385,32.97655340843385,1.0,True,41.06749503672601,41.06749503672601,1.0,True,8.763240204818825,0.9736933560909805,2.3425190929307788e-05,1.0,2.5119902895858233e-06,0.02707949999603443
1,dgp1_N50_T50_r00003_truth1-1-1,fixed_rank,unit,0,26,50,"[1, 1, 1]","[1, 1, 1]",1.6357524691672163,15,True,False,2.7031776676747224e-05,True,9.334715428164868,1.0371906031294298,True,20.115727735789566,20.115727735789566,1.0,False,,,,,False,0.02801249999902211,coefficient_bound_hit,coefficient_bound_hit,20.115727735789566,20.115727735789566,1.0,True,33.224461058426904,33.224461058426904,1.0,True,44.43399082544207,44.43399082544207,1.0,True,8.763240204818825,0.9736933560909805,2.3425190929307788e-05,1.0,2.5119902895858233e-06,0.02707949999603443
1,dgp1_N50_T50_r00003_truth1-1-1,fixed_rank,unit,1,24,50,"[1, 1, 1]","[1, 1, 1]",1.4168967413532931,11,True,False,5.196459616614552e-05,True,5.907360785299983,0.656373420588887,False,20.147269091439213,20.147269091439213,1.0,False,,,,,False,0.020472100004553795,valid,valid,20.147269091439213,20.147269091439213,1.0,True,30.85101949530254,30.85101949530254,1.0,True,41.23264343132689,41.23264343132689,1.0,True,8.763240204818825,0.9736933560909805,2.3425190929307788e-05,1.0,2.5119902895858233e-06,0.02707949999603443
1,dgp1_N50_T50_r00005_truth1-1-1,fixed_rank,time,0,50,25,"[1, 1, 1]","[1, 1, 1]",1.5311059590478315,9,True,False,4.206723309769403e-05,True,5.413467501138298,0.6014963890153664,False,20.188842875016245,20.188842875016245,1.0,False,,,,,False,0.01643389998935163,valid,valid,20.188842875016245,20.188842875016245,1.0,True,34.21126989405554,34.21126989405554,1.0,True,53.87122523186011,53.87122523186011,1.0,True,6.1895580110921955,0.6877286678991328,1.9667757039698558e-05,1.0,7.610182573012634e-07,0.018395199993392453
1,dgp1_N50_T50_r00005_truth1-1-1,fixed_rank,time,1,50,25,"[1, 1, 1]","[1, 1, 1]",1.5783544435813968,9,True,False,4.706761379753897e-05,True,7.024168689817087,0.7804631877574542,False,18.94632533565447,18.94632533565447,1.0,False,,,,,False,0.01785340000060387,valid,valid,18.94632533565447,18.94632533565447,1.0,True,39.804856294980624,39.804856294980624,1.0,True,47.198737334429225,47.198737334429225,1.0,True,6.1895580110921955,0.6877286678991328,1.9667757039698558e-05,1.0,7.610182573012634e-07,0.018395199993392453
1,dgp1_N50_T50_r00005_truth1-1-1,fixed_rank,unit,0,26,50,"[1, 1, 1]","[1, 1, 1]",1.6660879044840466,8,True,False,3.523220477827778e-05,True,10.118980635272933,1.1243311816969925,True,19.51244135887232,19.51244135887232,1.0,False,,,,,False,0.019303000008221716,coefficient_bound_hit,coefficient_bound_hit,19.51244135887232,19.51244135887232,1.0,True,47.44726654763589,47.44726654763589,1.0,True,49.00789836242248,49.00789836242248,1.0,True,6.1895580110921955,0.6877286678991328,1.9667757039698558e-05,1.0,7.610182573012634e-07,0.018395199993392453
1,dgp1_N50_T50_r00005_truth1-1-1,fixed_rank,unit,1,24,50,"[1, 1, 1]","[1, 1, 1]",1.4227419277554125,9,True,False,4.048530775442152e-05,True,5.803691816670975,0.644854646296775,False,19.258007431298935,19.258007431298935,1.0,False,,,,,False,0.019321200001286343,valid,valid,19.258007431298935,19.258007431298935,1.0,True,30.144231928976247,30.144231928976247,1.0,True,56.62534851909251,56.62534851909251,1.0,True,6.1895580110921955,0.6877286678991328,1.9667757039698558e-05,1.0,7.610182573012634e-07,0.018395199993392453
2,dgp2_N50_T50_r00004_truth1-1-1,fixed_rank,time,0,50,25,"[1, 1, 1]","[1, 1, 1]",1.3122597885933862,13,True,False,4.617038611743153e-05,True,11.456503323408224,1.272944813712025,True,16.947356285231173,16.947356285231173,1.0,False,,,,,False,0.02092039998387918,coefficient_bound_hit,coefficient_bound_hit,16.947356285231173,16.947356285231173,1.0,True,33.69273423661739,33.69273423661739,1.0,True,65.9337068305406,65.9337068305406,1.0,True,7.638836835363397,0.8487596483737108,2.2301192415310002e-05,1.0,1.0340254500415471e-06,0.026169000018853694
2,dgp2_N50_T50_r00004_truth1-1-1,fixed_rank,time,1,50,25,"[1, 1, 1]","[1, 1, 1]",1.2621746647275105,9,True,False,3.2475482687991475e-05,True,7.6464048504687065,0.8496005389409674,False,18.24624244421789,18.24624244421789,1.0,False,,,,,False,0.013763499999186024,valid,valid,18.24624244421789,18.24624244421789,1.0,True,34.05402007166128,34.05402007166128,1.0,True,46.53156263776706,46.53156263776706,1.0,True,7.638836835363397,0.8487596483737108,2.2301192415310002e-05,1.0,1.0340254500415471e-06,0.026169000018853694
2,dgp2_N50_T50_r00004_truth1-1-1,fixed_rank,unit,0,26,50,"[1, 1, 1]","[1, 1, 1]",1.3228689347722367,12,True,False,5.488142783042348e-05,True,12.064929413399923,1.3405477125999914,True,18.48980597099196,18.48980597099196,1.0,False,,,,,False,0.01820150000276044,coefficient_bound_hit,coefficient_bound_hit,18.48980597099196,18.48980597099196,1.0,True,34.127498373070374,34.127498373070374,1.0,True,60.2358554441934,60.2358554441934,1.0,True,7.638836835363397,0.8487596483737108,2.2301192415310002e-05,1.0,1.0340254500415471e-06,0.026169000018853694
2,dgp2_N50_T50_r00004_truth1-1-1,fixed_rank,unit,1,24,50,"[1, 1, 1]","[1, 1, 1]",1.2962849041736033,10,True,False,3.851146190224635e-05,True,6.679050136472826,0.742116681830314,False,18.29408383700109,18.29408383700109,1.0,False,,,,,False,0.015899999998509884,valid,valid,18.29408383700109,18.29408383700109,1.0,True,28.533482541110647,28.533482541110647,1.0,True,49.68730963618252,49.68730963618252,1.0,True,7.638836835363397,0.8487596483737108,2.2301192415310002e-05,1.0,1.0340254500415471e-06,0.026169000018853694
3,dgp3_N50_T50_r00003_truth1-1-1,fixed_rank,time,0,50,25,"[1, 1, 1]","[1, 1, 1]",1.8215183301762594,9,True,False,3.583606758273564e-05,True,8.640514692765436,0.9600571880850484,False,19.231476389273343,19.231476389273343,1.0,False,,,,,False,0.014561399992089719,valid,valid,19.231476389273343,19.231476389273343,1.0,True,36.81588320165167,36.81588320165167,1.0,True,67.78172161603405,67.78172161603405,1.0,True,8.211986626691152,0.9124429585212391,2.106761852292635e-05,1.0,2.1354487420763637e-06,0.02290569999604486
3,dgp3_N50_T50_r00003_truth1-1-1,fixed_rank,time,1,50,25,"[1, 1, 1]","[1, 1, 1]",1.8078120179393051,22,True,False,5.512087037953089e-05,True,9.118002423197506,1.0131113803552785,True,18.645476554030612,18.645476554030612,1.0,False,,,,,False,0.034148600010666996,coefficient_bound_hit,coefficient_bound_hit,18.645476554030612,18.645476554030612,1.0,True,36.92057982763375,36.92057982763375,1.0,True,58.645485859073816,58.645485859073816,1.0,True,8.211986626691152,0.9124429585212391,2.106761852292635e-05,1.0,2.1354487420763637e-06,0.02290569999604486
3,dgp3_N50_T50_r00003_truth1-1-1,fixed_rank,unit,0,26,50,"[1, 1, 1]","[1, 1, 1]",1.9109430961848046,22,True,False,4.5596469364419186e-05,True,10.115964236152186,1.1239960262391318,True,19.596742647000216,19.596742647000216,1.0,False,,,,,False,0.03723529999842867,coefficient_bound_hit,coefficient_bound_hit,19.596742647000216,19.596742647000216,1.0,True,37.131134512315775,37.131134512315775,1.0,True,66.57802578747433,66.57802578747433,1.0,True,8.211986626691152,0.9124429585212391,2.106761852292635e-05,1.0,2.1354487420763637e-06,0.02290569999604486
3,dgp3_N50_T50_r00003_truth1-1-1,fixed_rank,unit,1,24,50,"[1, 1, 1]","[1, 1, 1]",1.6775529410237247,13,True,False,4.583175933992142e-05,True,9.057528872058489,1.0063920968953877,True,20.129805496966288,20.129805496966288,1.0,False,,,,,False,0.02046379999956116,coefficient_bound_hit,coefficient_bound_hit,20.129805496966288,20.129805496966288,1.0,True,36.78818944653408,36.78818944653408,1.0,True,66.35939706564162,66.35939706564162,1.0,True,8.211986626691152,0.9124429585212391,2.106761852292635e-05,1.0,2.1354487420763637e-06,0.02290569999604486
3,dgp3_N50_T50_r00004_truth1-1-1,fixed_rank,time,0,50,25,"[1, 1, 1]","[1, 1, 1]",1.807174599532223,11,True,False,4.072785690108627e-05,True,6.631453540475451,0.736828171163939,False,19.85037914564226,19.85037914564226,1.0,False,,,,,False,0.017202499991981313,valid,valid,19.85037914564226,19.85037914564226,1.0,True,34.750379988340406,34.750379988340406,1.0,True,50.395368098617176,50.395368098617176,1.0,True,5.744233284316952,0.6382481427018836,3.374718784191826e-05,1.0,1.0844368307406741e-07,0.03829470000346191
3,dgp3_N50_T50_r00004_truth1-1-1,fixed_rank,time,1,50,25,"[1, 1, 1]","[1, 1, 1]",1.8593790103282983,19,True,False,6.393469024218387e-05,True,8.292462349834542,0.9213847055371713,False,17.44387623215156,17.44387623215156,1.0,False,,,,,False,0.03026940001291223,valid,valid,17.44387623215156,17.44387623215156,1.0,True,35.5723936171018,35.5723936171018,1.0,True,50.039960435380316,50.039960435380316,1.0,True,5.744233284316952,0.6382481427018836,3.374718784191826e-05,1.0,1.0844368307406741e-07,0.03829470000346191
3,dgp3_N50_T50_r00004_truth1-1-1,fixed_rank,unit,0,26,50,"[1, 1, 1]","[1, 1, 1]",1.8625775345463822,11,True,False,5.044461103054868e-05,True,7.444079478418535,0.827119942046504,False,19.786464656108002,19.786464656108002,1.0,False,,,,,False,0.01719269997556694,valid,valid,19.786464656108002,19.786464656108002,1.0,True,35.110071400744694,35.110071400744694,1.0,True,58.788255652751424,58.788255652751424,1.0,True,5.744233284316952,0.6382481427018836,3.374718784191826e-05,1.0,1.0844368307406741e-07,0.03829470000346191
3,dgp3_N50_T50_r00004_truth1-1-1,fixed_rank,unit,1,24,50,"[1, 1, 1]","[1, 1, 1]",1.7567170724805268,27,True,False,7.4622001166698e-05,True,9.023180558767608,1.0025756176408454,True,16.35848753794597,16.35848753794597,1.0,False,,,,,False,0.042856299987761304,coefficient_bound_hit,coefficient_bound_hit,16.35848753794597,16.35848753794597,1.0,True,40.30176415020299,40.30176415020299,1.0,True,54.12878574488719,54.12878574488719,1.0,True,5.744233284316952,0.6382481427018836,3.374718784191826e-05,1.0,1.0844368307406741e-07,0.03829470000346191
3,dgp3_N50_T50_r00005_truth1-1-1,fixed_rank,time,0,50,25,"[1, 1, 1]","[1, 1, 1]",1.6392516814535156,29,True,False,5.8782234220048915e-05,True,11.685910292052153,1.2984344768946836,True,18.91900615811967,18.91900615811967,1.0,False,,,,,False,0.042626300011761487,coefficient_bound_hit,coefficient_bound_hit,18.91900615811967,18.91900615811967,1.0,True,41.092796598826915,41.092796598826915,1.0,True,72.90565109702126,72.90565109702126,1.0,True,8.720966201858628,0.9689962446509587,3.6065093110073946e-05,1.0,1.3333297395455396e-07,0.02790439999080263
3,dgp3_N50_T50_r00005_truth1-1-1,fixed_rank,time,1,50,25,"[1, 1, 1]","[1, 1, 1]",1.7694261419067807,17,True,False,7.654096576717756e-05,True,9.351975174634418,1.0391083527371576,True,16.883991297459723,16.883991297459723,1.0,False,,,,,False,0.02572510001482442,coefficient_bound_hit,coefficient_bound_hit,16.883991297459723,16.883991297459723,1.0,True,35.325407427764844,35.325407427764844,1.0,True,76.88001208607251,76.88001208607251,1.0,True,8.720966201858628,0.9689962446509587,3.6065093110073946e-05,1.0,1.3333297395455396e-07,0.02790439999080263
3,dgp3_N50_T50_r00005_truth1-1-1,fixed_rank,unit,0,26,50,"[1, 1, 1]","[1, 1, 1]",1.7899600594673764,21,True,False,5.2563336057771845e-05,True,11.916005642016035,1.3240006268906706,True,17.52723980558443,17.52723980558443,1.0,False,,,,,False,0.04003870001179166,coefficient_bound_hit,coefficient_bound_hit,17.52723980558443,17.52723980558443,1.0,True,38.631965524383546,38.631965524383546,1.0,True,81.2929665877648,81.2929665877648,1.0,True,8.720966201858628,0.9689962446509587,3.6065093110073946e-05,1.0,1.3333297395455396e-07,0.02790439999080263
3,dgp3_N50_T50_r00005_truth1-1-1,fixed_rank,unit,1,24,50,"[1, 1, 1]","[1, 1, 1]",1.6252301183758804,18,True,False,4.547251994926956e-05,True,8.247990674353337,0.916443408261482,False,17.296292778650646,17.296292778650646,1.0,False,,,,,False,0.030741100024897605,valid,valid,17.296292778650646,17.296292778650646,1.0,True,36.41286231745699,36.41286231745699,1.0,True,69.81617817959946,69.81617817959946,1.0,True,8.720966201858628,0.9689962446509587,3.6065093110073946e-05,1.0,1.3333297395455396e-07,0.02790439999080263
4,dgp4_N50_T50_r00003_truth1-1-1,fixed_rank,time,0,50,25,"[1, 1, 1]","[1, 1, 1]",1.6493211030598716,18,True,False,5.6972898446929e-05,True,7.640890582889746,0.8489878425433051,False,19.38792775410258,19.38792775410258,1.0,False,,,,,False,0.026404000003822148,valid,valid,19.38792775410258,19.38792775410258,1.0,True,27.85430502247958,27.85430502247958,1.0,True,61.54587747532096,61.54587747532096,1.0,True,7.604174076262719,0.8449082306958577,3.516179926153263e-05,1.0,3.2440647441646425e-06,0.020284300000639632
4,dgp4_N50_T50_r00003_truth1-1-1,fixed_rank,time,1,50,25,"[1, 1, 1]","[1, 1, 1]",1.4600864198911443,18,True,False,5.190826316390806e-05,True,7.424818732841062,0.8249798592045624,False,17.27698626841414,17.27698626841414,1.0,False,,,,,False,0.027083099994342774,valid,valid,17.27698626841414,17.27698626841414,1.0,True,35.92575817965193,35.92575817965193,1.0,True,65.26691867137882,65.26691867137882,1.0,True,7.604174076262719,0.8449082306958577,3.516179926153263e-05,1.0,3.2440647441646425e-06,0.020284300000639632
4,dgp4_N50_T50_r00003_truth1-1-1,fixed_rank,unit,0,26,50,"[1, 1, 1]","[1, 1, 1]",1.5648642326019744,24,True,False,4.1815052120912104e-05,True,9.063444891330015,1.0070494323700017,True,19.959514033612745,19.959514033612745,1.0,False,,,,,False,0.03601760001038201,coefficient_bound_hit,coefficient_bound_hit,19.959514033612745,19.959514033612745,1.0,True,32.59433206601984,32.59433206601984,1.0,True,67.3806531203963,67.3806531203963,1.0,True,7.604174076262719,0.8449082306958577,3.516179926153263e-05,1.0,3.2440647441646425e-06,0.020284300000639632
4,dgp4_N50_T50_r00003_truth1-1-1,fixed_rank,unit,1,24,50,"[1, 1, 1]","[1, 1, 1]",1.5287623355909474,9,True,False,3.856346928582328e-05,True,5.824361528457736,0.6471512809397484,False,19.03564190665926,19.03564190665926,1.0,False,,,,,False,0.014120599982561544,valid,valid,19.03564190665926,19.03564190665926,1.0,True,34.037152873311804,34.037152873311804,1.0,True,62.73484644332059,62.73484644332059,1.0,True,7.604174076262719,0.8449082306958577,3.516179926153263e-05,1.0,3.2440647441646425e-06,0.020284300000639632
4,dgp4_N50_T50_r00005_truth1-1-1,fixed_rank,time,0,50,25,"[1, 1, 1]","[1, 1, 1]",1.5160071582511108,9,True,False,3.4643096240050116e-05,True,4.457952783831952,0.4953280870924391,False,19.030762786590497,19.030762786590497,1.0,False,,,,,False,0.013557700003730133,valid,valid,19.030762786590497,19.030762786590497,1.0,True,35.89515447871913,35.89515447871913,1.0,True,44.89420085256053,44.89420085256053,1.0,True,8.93355301837427,0.9926170020415856,2.3732551215197305e-05,1.0,8.29656141216024e-07,0.02551480001420714
4,dgp4_N50_T50_r00005_truth1-1-1,fixed_rank,time,1,50,25,"[1, 1, 1]","[1, 1, 1]",1.6558239228765972,12,True,False,4.462840992158319e-05,True,11.433491948749692,1.2703879943055214,True,19.021554818865532,19.021554818865532,1.0,False,,,,,False,0.0174059999990277,coefficient_bound_hit,coefficient_bound_hit,19.021554818865532,19.021554818865532,1.0,True,30.53906731998309,30.53906731998309,1.0,True,65.71822693957068,65.71822693957068,1.0,True,8.93355301837427,0.9926170020415856,2.3732551215197305e-05,1.0,8.29656141216024e-07,0.02551480001420714
4,dgp4_N50_T50_r00005_truth1-1-1,fixed_rank,unit,0,26,50,"[1, 1, 1]","[1, 1, 1]",1.7086920204649672,13,True,False,4.51930172759804e-05,True,6.034250207564195,0.6704722452849106,False,20.121556478883807,20.121556478883807,1.0,False,,,,,False,0.019824999995762482,valid,valid,20.121556478883807,20.121556478883807,1.0,True,30.112349387977364,30.112349387977364,1.0,True,45.6095525860114,45.6095525860114,1.0,True,8.93355301837427,0.9926170020415856,2.3732551215197305e-05,1.0,8.29656141216024e-07,0.02551480001420714
4,dgp4_N50_T50_r00005_truth1-1-1,fixed_rank,unit,1,24,50,"[1, 1, 1]","[1, 1, 1]",1.5301756085238072,19,True,False,4.715674125239968e-05,True,9.142167131583577,1.0157963479537306,True,19.80318403953355,19.80318403953355,1.0,False,,,,,False,0.026204299996607006,coefficient_bound_hit,coefficient_bound_hit,19.80318403953355,19.80318403953355,1.0,True,36.472029621661676,36.472029621661676,1.0,True,59.39133009862941,59.39133009862941,1.0,True,8.93355301837427,0.9926170020415856,2.3732551215197305e-05,1.0,8.29656141216024e-07,0.02551480001420714
1,dgp1_N50_T50_r00003_truth1-1-1,selected_rank,time,0,50,25,"[1, 1, 1]","[1, 1, 1]",1.6528818964502439,9,True,False,3.727148285882345e-05,True,10.764374511913616,1.196041612434846,True,20.42273026864039,20.42273026864039,1.0,False,,,,,False,0.046151399990776554,coefficient_bound_hit,coefficient_bound_hit,20.42273026864039,20.42273026864039,1.0,True,29.308581858683024,29.308581858683024,1.0,True,50.15166516064352,50.15166516064352,1.0,True,8.678728730242298,0.9643031922491443,2.2670297878625095e-05,1.0,1.8999790024056335e-07,0.06864760001190007
1,dgp1_N50_T50_r00003_truth1-1-1,selected_rank,time,1,50,25,"[1, 1, 1]","[1, 1, 1]",1.4500661603326468,22,True,False,4.435646980932129e-05,True,5.819843030473287,0.646649225608143,False,18.88959222142903,18.88959222142903,1.0,False,,,,,False,0.10935859999153763,valid,valid,18.88959222142903,18.88959222142903,1.0,True,32.96810244436784,32.96810244436784,1.0,True,41.088404742594804,41.088404742594804,1.0,True,8.678728730242298,0.9643031922491443,2.2670297878625095e-05,1.0,1.8999790024056335e-07,0.06864760001190007
1,dgp1_N50_T50_r00003_truth1-1-1,selected_rank,unit,0,26,50,"[1, 1, 1]","[1, 1, 1]",1.635752070717194,15,True,False,2.6621462365317818e-05,True,9.33281187831212,1.0369790975902355,True,20.11586211148075,20.11586211148075,1.0,False,,,,,False,0.07619240001076832,coefficient_bound_hit,coefficient_bound_hit,20.11586211148075,20.11586211148075,1.0,True,33.22652773347398,33.22652773347398,1.0,True,44.43277540554812,44.43277540554812,1.0,True,8.678728730242298,0.9643031922491443,2.2670297878625095e-05,1.0,1.8999790024056335e-07,0.06864760001190007
1,dgp1_N50_T50_r00003_truth1-1-1,selected_rank,unit,1,24,50,"[1, 1, 1]","[1, 1, 1]",1.4168958330711807,11,True,False,5.031987648302868e-05,True,5.907981604594926,0.6564424005105473,False,20.147527112073693,20.147527112073693,1.0,False,,,,,False,0.05551150001701899,valid,valid,20.147527112073693,20.147527112073693,1.0,True,30.849231511392396,30.849231511392396,1.0,True,41.23188903951562,41.23188903951562,1.0,True,8.678728730242298,0.9643031922491443,2.2670297878625095e-05,1.0,1.8999790024056335e-07,0.06864760001190007
1,dgp1_N50_T50_r00005_truth1-1-1,selected_rank,time,0,50,25,"[1, 1, 1]","[1, 1, 1]",1.531105502743421,9,True,False,4.1416563940702246e-05,True,5.413125999313898,0.6014584443682109,False,20.18896378294524,20.18896378294524,1.0,False,,,,,False,0.04501409997465089,valid,valid,20.18896378294524,20.18896378294524,1.0,True,34.21158590658154,34.21158590658154,1.0,True,53.870980159062384,53.870980159062384,1.0,True,6.18200573058081,0.68688952562009,1.9120368236539476e-05,1.0,7.749175984076384e-07,0.049493900005472824
1,dgp1_N50_T50_r00005_truth1-1-1,selected_rank,time,1,50,25,"[1, 1, 1]","[1, 1, 1]",1.5783544012428146,9,True,False,4.6979481145534614e-05,True,7.024118849580514,0.7804576499533904,False,18.946368190692155,18.946368190692155,1.0,False,,,,,False,0.043728799995733425,valid,valid,18.946368190692155,18.946368190692155,1.0,True,39.8047994565913,39.8047994565913,1.0,True,47.19878119073077,47.19878119073077,1.0,True,6.18200573058081,0.68688952562009,1.9120368236539476e-05,1.0,7.749175984076384e-07,0.049493900005472824
1,dgp1_N50_T50_r00005_truth1-1-1,selected_rank,unit,0,26,50,"[1, 1, 1]","[1, 1, 1]",1.6660881554849931,8,True,False,3.575830236982775e-05,True,10.118173349685042,1.124241483298338,True,19.51254643615441,19.51254643615441,1.0,False,,,,,False,0.040401300007943064,coefficient_bound_hit,coefficient_bound_hit,19.51254643615441,19.51254643615441,1.0,True,47.44605719491086,47.44605719491086,1.0,True,49.006596556629745,49.006596556629745,1.0,True,6.18200573058081,0.68688952562009,1.9120368236539476e-05,1.0,7.749175984076384e-07,0.049493900005472824
1,dgp1_N50_T50_r00005_truth1-1-1,selected_rank,unit,1,24,50,"[1, 1, 1]","[1, 1, 1]",1.422741653198181,9,True,False,4.030074515962554e-05,True,5.803443197013944,0.6448270218904383,False,19.258160680861607,19.258160680861607,1.0,False,,,,,False,0.04406139999628067,valid,valid,19.258160680861607,19.258160680861607,1.0,True,30.144305405082907,30.144305405082907,1.0,True,56.62412538449723,56.62412538449723,1.0,True,6.18200573058081,0.68688952562009,1.9120368236539476e-05,1.0,7.749175984076384e-07,0.049493900005472824
2,dgp2_N50_T50_r00004_truth1-1-1,selected_rank,time,0,50,25,"[1, 1, 1]","[1, 1, 1]",1.312259074745273,13,True,False,4.5799218527809244e-05,True,11.461100756245852,1.2734556395828724,True,16.947592008848382,16.947592008848382,1.0,False,,,,,False,0.07272310002008453,coefficient_bound_hit,coefficient_bound_hit,16.947592008848382,16.947592008848382,1.0,True,33.69300488157596,33.69300488157596,1.0,True,65.94550589021011,65.94550589021011,1.0,True,7.656132651797398,0.8506814057552664,2.694080174200732e-05,1.0,8.471497082476235e-06,0.044422199978725985
2,dgp2_N50_T50_r00004_truth1-1-1,selected_rank,time,1,50,25,"[1, 1, 1]","[1, 1, 1]",1.26217486872671,9,True,False,3.2928683874845574e-05,True,7.645663845321272,0.849518205035697,False,18.246306683834714,18.246306683834714,1.0,False,,,,,False,0.04503609999665059,valid,valid,18.246306683834714,18.246306683834714,1.0,True,34.053035823141244,34.053035823141244,1.0,True,46.529480093914266,46.529480093914266,1.0,True,7.656132651797398,0.8506814057552664,2.694080174200732e-05,1.0,8.471497082476235e-06,0.044422199978725985
2,dgp2_N50_T50_r00004_truth1-1-1,selected_rank,unit,0,26,50,"[1, 1, 1]","[1, 1, 1]",1.3228687790145615,12,True,False,5.4743093624555124e-05,True,12.065279359190118,1.3405865954655687,True,18.48985000812593,18.48985000812593,1.0,False,,,,,False,0.060626399994362146,coefficient_bound_hit,coefficient_bound_hit,18.48985000812593,18.48985000812593,1.0,True,34.12725378535859,34.12725378535859,1.0,True,60.237126204443896,60.237126204443896,1.0,True,7.656132651797398,0.8506814057552664,2.694080174200732e-05,1.0,8.471497082476235e-06,0.044422199978725985
2,dgp2_N50_T50_r00004_truth1-1-1,selected_rank,unit,1,24,50,"[1, 1, 1]","[1, 1, 1]",1.296285900049199,10,True,False,3.902739257006449e-05,True,6.682356018892947,0.7424840020992164,False,18.293321008117143,18.293321008117143,1.0,False,,,,,False,0.050375499995425344,valid,valid,18.293321008117143,18.293321008117143,1.0,True,28.531821007731228,28.531821007731228,1.0,True,49.699808175936134,49.699808175936134,1.0,True,7.656132651797398,0.8506814057552664,2.694080174200732e-05,1.0,8.471497082476235e-06,0.044422199978725985
3,dgp3_N50_T50_r00003_truth1-1-1,selected_rank,time,0,50,25,"[1, 1, 1]","[1, 1, 1]",1.8215187551341205,9,True,False,3.703532659447917e-05,True,8.63351329366609,0.9592792548517877,False,19.231393792453805,19.231393792453805,1.0,False,,,,,False,0.04517220001434907,valid,valid,19.231393792453805,19.231393792453805,1.0,True,36.80909444687665,36.80909444687665,1.0,True,67.78488024751161,67.78488024751161,1.0,True,8.192982004237207,0.9103313338041341,1.9025616467397595e-05,1.0,5.4791814752161796e-06,0.011739300010958686
3,dgp3_N50_T50_r00003_truth1-1-1,selected_rank,time,1,50,25,"[1, 1, 1]","[1, 1, 1]",1.807806931111897,23,True,False,4.801947284105424e-05,True,9.128836536447116,1.0143151707163462,True,18.642555396661653,18.642555396661653,1.0,False,,,,,False,0.1077649999933783,coefficient_bound_hit,coefficient_bound_hit,18.642555396661653,18.642555396661653,1.0,True,36.91923594140496,36.91923594140496,1.0,True,58.663895142177616,58.663895142177616,1.0,True,8.192982004237207,0.9103313338041341,1.9025616467397595e-05,1.0,5.4791814752161796e-06,0.011739300010958686
3,dgp3_N50_T50_r00003_truth1-1-1,selected_rank,unit,0,26,50,"[1, 1, 1]","[1, 1, 1]",1.9109377657445443,23,True,False,4.165711433061352e-05,True,10.12125503321765,1.124583892579739,True,19.596293234617328,19.596293234617328,1.0,False,,,,,False,0.11508379998849705,coefficient_bound_hit,coefficient_bound_hit,19.596293234617328,19.596293234617328,1.0,True,37.14131646176938,37.14131646176938,1.0,True,66.58694141985576,66.58694141985576,1.0,True,8.192982004237207,0.9103313338041341,1.9025616467397595e-05,1.0,5.4791814752161796e-06,0.011739300010958686
3,dgp3_N50_T50_r00003_truth1-1-1,selected_rank,unit,1,24,50,"[1, 1, 1]","[1, 1, 1]",1.6775450972236543,14,True,False,3.826949604722723e-05,True,9.053463928343605,1.0059404364826228,True,20.127145694797054,20.127145694797054,1.0,False,,,,,False,0.06959150001057424,coefficient_bound_hit,coefficient_bound_hit,20.127145694797054,20.127145694797054,1.0,True,36.8091686358091,36.8091686358091,1.0,True,66.34657652326628,66.34657652326628,1.0,True,8.192982004237207,0.9103313338041341,1.9025616467397595e-05,1.0,5.4791814752161796e-06,0.011739300010958686
3,dgp3_N50_T50_r00005_truth1-1-1,selected_rank,time,0,50,25,"[1, 1, 1]","[1, 1, 1]",1.6392502705865168,29,True,False,5.804374301351953e-05,True,11.690625935951996,1.2989584373279994,True,18.921795867507655,18.921795867507655,1.0,False,,,,,False,0.13766589999431744,coefficient_bound_hit,coefficient_bound_hit,18.921795867507655,18.921795867507655,1.0,True,41.09765573128434,41.09765573128434,1.0,True,72.91086744311545,72.91086744311545,1.0,True,8.695442698469321,0.9661602998299246,3.174016109851763e-05,1.0,4.917754539679977e-06,0.06014919999870472
3,dgp3_N50_T50_r00005_truth1-1-1,selected_rank,time,1,50,25,"[1, 1, 1]","[1, 1, 1]",1.7694251820949998,17,True,False,7.573728980604033e-05,True,9.35340585633722,1.0392673173708022,True,16.883244226829664,16.883244226829664,1.0,False,,,,,False,0.08183029998326674,coefficient_bound_hit,coefficient_bound_hit,16.883244226829664,16.883244226829664,1.0,True,35.326713802569245,35.326713802569245,1.0,True,76.88070451759833,76.88070451759833,1.0,True,8.695442698469321,0.9661602998299246,3.174016109851763e-05,1.0,4.917754539679977e-06,0.06014919999870472
3,dgp3_N50_T50_r00005_truth1-1-1,selected_rank,unit,0,26,50,"[1, 1, 1]","[1, 1, 1]",1.7899603643916921,21,True,False,5.285748143653212e-05,True,11.915941270194939,1.3239934744661044,True,17.527248562833737,17.527248562833737,1.0,False,,,,,False,0.10719059998518787,coefficient_bound_hit,coefficient_bound_hit,17.527248562833737,17.527248562833737,1.0,True,38.62994702581464,38.62994702581464,1.0,True,81.29271558260263,81.29271558260263,1.0,True,8.695442698469321,0.9661602998299246,3.174016109851763e-05,1.0,4.917754539679977e-06,0.06014919999870472
3,dgp3_N50_T50_r00005_truth1-1-1,selected_rank,unit,1,24,50,"[1, 1, 1]","[1, 1, 1]",1.6252291019707414,18,True,False,4.420431375180533e-05,True,8.247939775875382,0.9164377528750425,False,17.296095794306513,17.296095794306513,1.0,False,,,,,False,0.08832480001728982,valid,valid,17.296095794306513,17.296095794306513,1.0,True,36.413672513615914,36.413672513615914,1.0,True,69.81806239976794,69.81806239976794,1.0,True,8.695442698469321,0.9661602998299246,3.174016109851763e-05,1.0,4.917754539679977e-06,0.06014919999870472
4,dgp4_N50_T50_r00003_truth1-1-1,selected_rank,time,0,50,25,"[1, 1, 1]","[1, 1, 1]",1.6493221689449495,18,True,False,5.790721132717027e-05,True,7.6382320942621975,0.8486924549180219,False,19.38637944386767,19.38637944386767,1.0,False,,,,,False,0.08448019999195822,valid,valid,19.38637944386767,19.38637944386767,1.0,True,27.85451346552619,27.85451346552619,1.0,True,61.5462129457507,61.5462129457507,1.0,True,7.608103793577368,0.8453448659530409,3.2512946890110635e-05,1.0,8.785331098561073e-07,0.07477680000010878
4,dgp4_N50_T50_r00003_truth1-1-1,selected_rank,time,1,50,25,"[1, 1, 1]","[1, 1, 1]",1.460093303634795,17,True,False,5.574214419151072e-05,True,7.424812289890557,0.8249791433211731,False,17.280869776628265,17.280869776628265,1.0,False,,,,,False,0.0813147000153549,valid,valid,17.280869776628265,17.280869776628265,1.0,True,35.92818533924373,35.92818533924373,1.0,True,65.2476391990129,65.2476391990129,1.0,True,7.608103793577368,0.8453448659530409,3.2512946890110635e-05,1.0,8.785331098561073e-07,0.07477680000010878
4,dgp4_N50_T50_r00003_truth1-1-1,selected_rank,unit,0,26,50,"[1, 1, 1]","[1, 1, 1]",1.5648727201887087,23,True,False,4.6330394242912085e-05,True,9.06727450034903,1.0074749444832254,True,19.955001203075458,19.955001203075458,1.0,False,,,,,False,0.11173189998953603,coefficient_bound_hit,coefficient_bound_hit,19.955001203075458,19.955001203075458,1.0,True,32.59203205917481,32.59203205917481,1.0,True,67.3746109682822,67.3746109682822,1.0,True,7.608103793577368,0.8453448659530409,3.2512946890110635e-05,1.0,8.785331098561073e-07,0.07477680000010878
4,dgp4_N50_T50_r00003_truth1-1-1,selected_rank,unit,1,24,50,"[1, 1, 1]","[1, 1, 1]",1.5287624179383539,9,True,False,3.5662110496703304e-05,True,5.824601765615389,0.6471779739572655,False,19.031095039675655,19.031095039675655,1.0,False,,,,,False,0.045034000009763986,valid,valid,19.031095039675655,19.031095039675655,1.0,True,34.03307937231124,34.03307937231124,1.0,True,62.741616997725714,62.741616997725714,1.0,True,7.608103793577368,0.8453448659530409,3.2512946890110635e-05,1.0,8.785331098561073e-07,0.07477680000010878
