dgp,n,t,c_h,c_xi,target_h_share,achieved_h_share,target_r2,achieved_r2,kappa_f_b,theoretical_factor_b_lower,theoretical_factor_b_upper,mean_b,sd_b,min_b,max_b,theoretical_coefficient_envelope,B_G1_fixed_time_true,B_G2_fixed_time_true,B_G2_minus_G1_fixed_time_true,B_G1_time_average_true,B_G2_time_average_true,B_G2_minus_G1_time_average_true
1,50,50,0.645535658568477,1.7614369296308416,0.3,0.3,0.65,0.6499999999999201,0.15,0.15000000000000008,1.0499999999999998,0.6081673809320671,0.2945118856861428,0.06972365234223946,1.6591287693663415,5.9083908456061724,,,,,,
1,50,50,0.645535658568477,1.7977130334168616,0.3,0.3,0.65,0.6500000000023134,0.2,0.0,1.2,0.610865551454332,0.3278184582734542,0.030988360717520938,1.8759555847972722,6.030071841342136,,,,,,
1,100,100,0.6512099696029702,1.8929482304758696,0.3,0.3,0.65,0.6499999999999999,0.15,0.15000000000000008,1.0499999999999998,0.5989847793508271,0.28874021889933127,0.06667990854941079,1.6686369856547387,6.405332215528845,,,,,,
1,100,100,0.6512099696029702,1.9216539343213188,0.3,0.3,0.65,0.6499999999999999,0.2,0.0,1.2,0.5989574692787283,0.3225276098368336,0.02741635784088063,1.8907269226855046,6.502466181820393,,,,,,
1,200,200,0.6637371661028064,1.7874629567253018,0.3,0.3,0.65,0.6500000000000001,0.15,0.15000000000000008,1.0499999999999998,0.5981146649137323,0.2886062941218346,0.05983556484986337,1.6683360117549075,6.164744319297772,,,,,,
1,200,200,0.6637371661028064,1.815673922438218,0.3,0.3,0.65,0.6499999999999779,0.2,0.0,1.2,0.5978824608837652,0.321761621023589,0.016328737513586017,1.8865022232958253,6.2620405401600046,,,,,,
2,50,50,0.664120439139174,1.7715057368948965,0.3,0.30000000000000004,0.65,0.6499999999999906,0.15,0.15000000000000008,1.0499999999999998,0.595012683721124,0.2880613637299833,0.07481077868501886,1.6144060745737572,6.113237824807155,,,,,,
2,50,50,0.664120439139174,1.804320273544684,0.3,0.30000000000000004,0.65,0.6499999999999997,0.2,0.0,1.2,0.5953374584250843,0.31967773908563946,0.03546667861842894,1.8191700027880942,6.226476558655468,,,,,,
2,100,100,0.6506949936881274,1.8101040716153443,0.3,0.3,0.65,0.6499999999999946,0.15,0.15000000000000008,1.0499999999999998,0.5952030770757506,0.2876724269769698,0.07608823703988823,1.6624223306453703,6.120161643508752,,,,,,
2,100,100,0.6506949936881274,1.8403584319946342,0.3,0.3,0.65,0.6499999999989015,0.2,0.0,1.2,0.5952087883176315,0.3208236029506837,0.03774270250717022,1.8802587230027636,6.22245497506122,,,,,,
2,200,200,0.6585898132641753,1.8251832974053326,0.3,0.3,0.65,0.649999999999848,0.15,0.15000000000000008,1.0499999999999998,0.6037839300085789,0.2901959714512529,0.0650149765085712,1.6728727046951033,6.246020091226115,,,,,,
2,200,200,0.6585898132641753,1.85772228422595,0.3,0.3,0.65,0.6500000000046023,0.2,0.0,1.2,0.6053760509615662,0.32295666597244616,0.023583232758084553,1.892077797506738,6.357372833560894,,,,,,
3,50,50,0.6451123304037826,2.215051900351665,0.3,0.3,0.65,0.6499999999999991,0.15,0.15000000000000008,1.0499999999999998,0.6071682087714764,0.29017668357345755,0.07297090165123912,1.6725682550056427,7.425079902050903,,,,,,
3,50,50,0.6451123304037826,2.2389691135370904,0.3,0.3,0.65,0.649999999999901,0.2,0.0,1.2,0.6062908834943039,0.3237035401934535,0.025315663224237676,1.8940886949456037,7.5052528401694065,,,,,,
3,100,100,0.6601847141017432,2.1831489978549845,0.3,0.30000000000000004,0.65,0.6499999999999996,0.15,0.15000000000000008,1.0499999999999998,0.594448479197783,0.29012163152914616,0.0713919669615762,1.6312746143486083,7.489118862004149,,,,,,
3,100,100,0.6601847141017432,2.212904706223632,0.3,0.30000000000000004,0.65,0.6499999999999996,0.2,0.0,1.2,0.5931499454306194,0.32332962651758773,0.032283927165835204,1.8367285337003258,7.591193451056425,,,,,,
3,200,200,0.6471474045014252,2.2536684151138444,0.3,0.30000000000000004,0.65,0.6499999999994379,0.15,0.15000000000000008,1.0499999999999998,0.5976475396872587,0.2878015589611216,0.06992655820316748,1.684901079172922,7.578357939426614,,,,,,
3,200,200,0.6471474045014252,2.28022670430025,0.3,0.30000000000000004,0.65,0.6500000000036354,0.2,0.0,1.2,0.5964663339838476,0.3205264870304557,0.030910360507912224,1.9086673629789115,7.66766487578141,,,,,,
4,50,50,0.6633625520572716,2.025228577275728,0.3,0.30000000000000004,0.65,0.65,0.15,0.15000000000000008,1.0499999999999998,0.5922750208915946,0.24425175372531072,0.09348497334881138,1.5903337146006176,6.9808270778498365,0.46775126899887576,0.7020467489595361,0.2342954799606605,0.4826207926156964,0.7228275086480676,0.24020671603237115
4,50,50,0.6633625520572716,2.0441339481258343,0.3,0.30000000000000004,0.65,0.6500000000000001,0.2,0.0,1.2,0.5912189483728113,0.27853831109323973,0.05017255181607487,1.7991036485200438,7.04599262322484,0.49929683809479836,0.7594155043576708,0.26011866626287256,0.4795376197285076,0.7309657606144448,0.2514281408859372
4,100,100,0.6591443182258843,1.9275669298289324,0.3,0.3,0.65,0.65,0.15,0.15000000000000008,1.0499999999999998,0.6021998286886131,0.25233517729766614,0.07411112336986053,1.6373705846779034,6.601944387660202,0.4659418768203168,0.6976684434857652,0.23172656666544833,0.4835210002012706,0.7230310407428105,0.23951004054153993
4,100,100,0.6591443182258843,1.9516331229874957,0.3,0.3,0.65,0.6499999999999999,0.2,0.0,1.2,0.6021316085694602,0.2890393123279106,0.025344467105751802,1.858690074225688,6.684371444483399,0.49997339489292963,0.7582886601038211,0.25831526521089165,0.4834639027254306,0.7325682124326778,0.24910430970724728
4,200,200,0.6581443849452747,1.9962488992323744,0.3,0.3,0.65,0.65,0.15,0.15000000000000008,1.0499999999999998,0.5990768390214475,0.24610649291757308,0.08121940167056542,1.611545335686011,6.826808996696559,0.4904191582696966,0.7290792732048349,0.2386601149351382,0.4845135022659791,0.7200059684988392,0.23549246623286
4,200,200,0.6581443849452747,2.0222734986694397,0.3,0.3,0.65,0.6500000000000001,0.2,0.0,1.2,0.5983127016178138,0.28238063652934964,0.03442866787474912,1.8225657591355153,6.9158084043559445,0.4762064938461883,0.7214613291387364,0.24525483529254835,0.4818832537332496,0.7285735453725414,0.24669029163929182
