semantic_replication_id,dgp,N,T,replication,true_rank_vector,status,exception_message,constrained_solver_status,pilot_start_count,stationarity_passing_starts,minimum_stationarity_residual,median_stationarity_residual,maximum_stationarity_residual,minimum_objective,maximum_objective,iteration_cap_starts,constrained_fallback_starts,boundary_active_starts,maximum_constraint_violation,pilot_fit_runtime_seconds,pilot_start_objectives,pilot_start_objective_spread,pilot_best_two_objective_gap,pilot_objective_stability_failure,pilot_feasibility_failure,pilot_stationarity_failure,pilot_nonfinite_failure,pilot_boundary_activity,cap_pilot_final_acceptance_basis
dgp1_N50_T50_r00000_truth1-0-2,1,50,50,0,"(1,0,2)",rank_selection_numerically_unresolved,rank_selection_numerically_unresolved: cap+1 pilot failed maintained acceptance diagnostics,constrained_optimality_failure,3,0,0.0008631467801635,0.0084503836503132,0.0084740666512471,0.1394984709829806,0.1419297452735049,3,3,3,1.7763568394002505e-15,812.5046367000032,"[0.1419297452735049, 0.14056075683318126, 0.1394984709829806]",0.00243127429052431,,True,False,True,False,True,failure
dgp1_N50_T50_r00001_truth1-0-2,1,50,50,1,"(1,0,2)",rank_selection_numerically_unresolved,rank_selection_numerically_unresolved: cap+1 pilot failed maintained acceptance diagnostics,constrained_optimality_failure,3,0,0.0003669210540277,0.0012148683098063,0.0074705311192315,0.1581471972788874,0.1668408865869142,3,3,2,1.7763568394002505e-15,639.1768040000024,"[0.15814719727888749, 0.16684088658691426, 0.16616673033204485]",0.008693689308026775,,True,False,True,False,False,failure
dgp1_N50_T50_r00002_truth1-0-2,1,50,50,2,"(1,0,2)",rank_selection_numerically_unresolved,rank_selection_numerically_unresolved: cap+1 pilot failed maintained acceptance diagnostics,constrained_optimality_failure,3,1,9.28025690920416e-05,0.0030105823077861,0.0059547182344128,0.1441474896084937,0.1461704651282615,2,3,3,1.7763568394002505e-15,612.3514242999809,"[0.14617046512826154, 0.14414748960849372, 0.14575780091010332]",0.0020229755197678223,,True,False,True,False,True,failure
dgp1_N50_T50_r00000_truth1-1-1,1,50,50,0,"(1,1,1)",rank_selection_numerically_unresolved,rank_selection_numerically_unresolved: cap+1 pilot failed maintained acceptance diagnostics,constrained_optimality_failure,3,0,0.0003511228485945,0.0047030195061061,0.0148913961539998,0.4637961847039819,0.4699737901173393,3,3,3,1.7763568394002505e-15,879.8973382999975,"[0.4640064474981087, 0.46379618470398193, 0.4699737901173393]",0.006177605413357379,,True,False,True,False,True,failure
dgp1_N50_T50_r00001_truth1-1-1,1,50,50,1,"(1,1,1)",rank_selection_numerically_unresolved,rank_selection_numerically_unresolved: cap+1 pilot failed maintained acceptance diagnostics,constrained_optimality_failure,3,0,0.0022557286432282,0.003241532802198,0.0267984300000864,0.4761743839136077,0.5125689057685556,3,3,3,1.7763568394002505e-15,923.6771532000057,"[0.5125689057685556, 0.4919742292743455, 0.4761743839136077]",0.0363945218549479,,True,False,True,False,True,failure
dgp1_N50_T50_r00002_truth1-1-1,1,50,50,2,"(1,1,1)",rank_selection_numerically_unresolved,rank_selection_numerically_unresolved: cap+1 pilot failed maintained acceptance diagnostics,constrained_optimality_failure,3,0,0.0020851572060351,0.0036863536913529,0.0037677213705385,0.5357820261518287,0.5429680175801357,3,3,3,1.7763568394002505e-15,957.3559517999965,"[0.5422047189731697, 0.5357820261518287, 0.5429680175801357]",0.007185991428307004,,True,False,True,False,True,failure
dgp1_N50_T50_r00000_truth2-1-1,1,50,50,0,"(2,1,1)",rank_selection_numerically_unresolved,rank_selection_numerically_unresolved: cap+1 pilot failed maintained acceptance diagnostics,constrained_optimality_failure,3,0,0.0006634584001253,0.0034025290344112,0.0040775052410624,0.1070490170331628,0.1102351717596542,3,3,3,1.7763568394002505e-15,735.3414831000118,"[0.11023517175965426, 0.10969138269436755, 0.10704901703316284]",0.003186154726491419,,True,False,True,False,True,failure
dgp1_N50_T50_r00001_truth2-1-1,1,50,50,1,"(2,1,1)",rank_selection_numerically_unresolved,rank_selection_numerically_unresolved: cap+1 pilot failed maintained acceptance diagnostics,constrained_optimality_failure,3,0,0.0001518317807039,0.0014944951854491,0.0024753593527916,0.0977283027079837,0.1020594674340721,3,3,3,1.7763568394002505e-15,654.070472499996,"[0.09772830270798379, 0.10205946743407213, 0.10164501964308996]",0.004331164726088341,,True,False,True,False,True,failure
dgp1_N50_T50_r00002_truth2-1-1,1,50,50,2,"(2,1,1)",rank_selection_numerically_unresolved,rank_selection_numerically_unresolved: cap+1 pilot failed maintained acceptance diagnostics,constrained_optimality_failure,3,0,0.0001316927343695,0.0010948567077321,0.0041769194347309,0.1016392392392408,0.1051530917717878,3,2,2,3.552713678800501e-15,492.43276350000815,"[0.10515309177178787, 0.10163923923924087, 0.10361969554821948]",0.0035138525325470044,,True,False,True,False,True,failure
dgp1_N100_T100_r00000_truth1-0-2,1,100,100,0,"(1,0,2)",rank_selection_numerically_unresolved,rank_selection_numerically_unresolved: cap+1 pilot failed maintained acceptance diagnostics,constrained_optimality_failure,3,0,1.326773289402938e-05,1.5833020578931536e-05,0.0001962093151547,0.2866166797977519,0.2881256321451856,3,1,1,3.552713678800501e-15,335.9960151000123,"[0.2868712502707119, 0.2881256321451856, 0.28661667979775196]",0.0015089523474336453,,True,False,True,False,False,failure
dgp1_N100_T100_r00001_truth1-0-2,1,100,100,1,"(1,0,2)",rank_selection_numerically_unresolved,rank_selection_numerically_unresolved: cap+1 pilot failed maintained acceptance diagnostics,constrained_optimality_failure,3,1,9.685958326165551e-05,0.0003030679901504,0.000376372670285,0.2894992922000816,0.290576210297328,2,3,3,1.7763568394002505e-15,1341.4972216000024,"[0.29044720399054225, 0.2894992922000816, 0.29057621029732805]",0.001076918097246471,,True,False,True,False,True,failure
dgp1_N100_T100_r00002_truth1-0-2,1,100,100,2,"(1,0,2)",rank_selection_numerically_unresolved,rank_selection_numerically_unresolved: cap+1 pilot failed maintained acceptance diagnostics,constrained_optimality_failure,3,0,2.291028257924529e-05,2.510077043623086e-05,0.0003905491453065,0.2971622226276178,0.2974726095891963,3,1,0,0.0,483.34283220001083,"[0.2973927467655878, 0.2974726095891963, 0.2971622226276178]",0.00031038696157847934,,True,False,True,False,False,failure
dgp1_N100_T100_r00000_truth1-1-1,1,100,100,0,"(1,1,1)",rank_selection_numerically_unresolved,rank_selection_numerically_unresolved: cap+1 pilot failed maintained acceptance diagnostics,constrained_optimality_failure,3,0,7.593520522602889e-05,0.0001153997365955,0.0007898910011566,0.8868499829995964,0.8894867458179211,3,2,2,1.7763568394002505e-15,1301.8099114999932,"[0.8868499829995964, 0.8894867458179211, 0.888216557945322]",0.0026367628183247005,,True,False,True,False,True,failure
dgp1_N100_T100_r00001_truth1-1-1,1,100,100,1,"(1,1,1)",rank_selection_numerically_unresolved,rank_selection_numerically_unresolved: cap+1 pilot failed maintained acceptance diagnostics,constrained_optimality_failure,3,1,5.904235397239586e-05,0.0003552378803352,0.0023858679089266,0.9213406310359328,0.9265969366201128,2,3,3,1.7763568394002505e-15,2047.0355980000022,"[0.926321574935922, 0.9213406310359329, 0.9265969366201127]",0.005256305584179777,,True,False,True,False,True,failure
dgp1_N100_T100_r00002_truth1-1-1,1,100,100,2,"(1,1,1)",rank_selection_numerically_unresolved,rank_selection_numerically_unresolved: cap+1 pilot failed maintained acceptance diagnostics,constrained_optimality_failure,3,1,4.553502940709174e-05,0.0001816760565875,0.0009207196989491,0.9562960030065896,0.9633792355733628,2,3,3,1.7763568394002505e-15,1827.764116499995,"[0.9597891598272581, 0.9633792355733629, 0.9562960030065897]",0.007083232566773234,,True,False,True,False,True,failure
dgp1_N100_T100_r00000_truth2-1-1,1,100,100,0,"(2,1,1)",rank_selection_numerically_unresolved,rank_selection_numerically_unresolved: cap+1 pilot failed maintained acceptance diagnostics,not_needed_interior_fast_path,3,0,1.3252675714886423e-05,1.858500406649796e-05,3.560077194970441e-05,0.2128049142694368,0.2151765932673523,3,0,0,0.0,33.20907469998929,"[0.21280491426943682, 0.2137990201460093, 0.21517659326735233]",0.002371678997915516,,True,False,True,False,False,failure
dgp1_N100_T100_r00001_truth2-1-1,1,100,100,1,"(2,1,1)",rank_selection_numerically_unresolved,rank_selection_numerically_unresolved: cap+1 pilot failed maintained acceptance diagnostics,not_needed_interior_fast_path,3,0,3.0203588982343788e-06,4.800377438283438e-06,6.27743682775834e-06,0.2001899402574363,0.2020756013577427,3,0,0,0.0,29.829785500012804,"[0.20018994025743633, 0.2020756013577427, 0.20083298772872607]",0.0018856611003063573,,True,False,True,False,False,failure
dgp1_N100_T100_r00002_truth2-1-1,1,100,100,2,"(2,1,1)",rank_selection_numerically_unresolved,rank_selection_numerically_unresolved: cap+1 pilot failed maintained acceptance diagnostics,constrained_optimality_failure,3,0,6.646330042280188e-06,1.358130953410344e-05,0.0002243199222925,0.199371933049726,0.2002464285437459,3,1,1,1.7763568394002505e-15,376.8395061999909,"[0.19937193304972606, 0.2002464285437459, 0.19964605930543752]",0.0008744954940198557,,True,False,True,False,False,failure
dgp1_N100_T200_r00000_truth1-0-2,1,100,200,0,"(1,0,2)",rank_selection_numerically_unresolved,rank_selection_numerically_unresolved: cap+1 pilot failed maintained acceptance diagnostics,constrained_optimality_failure,3,0,9.132717700121487e-06,1.4779165539919638e-05,0.0004095137758701,0.3320062147470428,0.3329509142953724,3,1,1,0.0,642.6147659999988,"[0.33243802786099524, 0.33295091429537244, 0.3320062147470428]",0.0009446995483296527,,True,False,True,False,True,failure
dgp1_N100_T200_r00001_truth1-0-2,1,100,200,1,"(1,0,2)",rank_selection_numerically_unresolved,rank_selection_numerically_unresolved: cap+1 pilot failed maintained acceptance diagnostics,not_needed_interior_fast_path,3,0,7.214834714078521e-06,7.739583182101924e-06,9.657770156278587e-06,0.36137268966863,0.3633627851799083,3,0,0,0.0,47.58743670000695,"[0.36336278517990833, 0.36137268966863, 0.3619521679885533]",0.0019900955112783225,,True,False,True,False,False,failure
dgp1_N100_T200_r00002_truth1-0-2,1,100,200,2,"(1,0,2)",rank_selection_numerically_unresolved,rank_selection_numerically_unresolved: cap+1 pilot failed maintained acceptance diagnostics,not_needed_interior_fast_path,3,0,4.663399532115798e-06,6.311392733834145e-06,1.0104302127603296e-05,0.3604007436135309,0.3617549524143508,3,0,0,0.0,46.6161415999959,"[0.3604007436135309, 0.3605335396324305, 0.36175495241435085]",0.0013542088008199338,,True,False,True,False,False,failure
dgp1_N100_T200_r00000_truth1-1-1,1,100,200,0,"(1,1,1)",rank_selection_numerically_unresolved,rank_selection_numerically_unresolved: cap+1 pilot failed maintained acceptance diagnostics,constrained_optimality_failure,3,1,8.072226096512587e-05,0.0001731096669277,0.000424140537941,1.0972906549614765,1.1035032617251357,3,3,3,1.7763568394002505e-15,3430.9637703000044,"[1.1035032617251355, 1.0972906549614765, 1.1000023951501716]",0.006212606763658979,,True,False,True,False,True,failure
dgp1_N100_T200_r00001_truth1-1-1,1,100,200,1,"(1,1,1)",rank_selection_numerically_unresolved,rank_selection_numerically_unresolved: cap+1 pilot failed maintained acceptance diagnostics,constrained_optimality_failure,3,0,8.375463331706972e-06,1.8725530299672807e-05,0.0003466691556969,1.079600431844691,1.0856963527700905,3,1,1,0.0,1230.0770614000069,"[1.084336147372985, 1.0856963527700905, 1.079600431844691]",0.006095920925399456,,True,False,True,False,True,failure
dgp1_N100_T200_r00002_truth1-1-1,1,100,200,2,"(1,1,1)",rank_selection_numerically_unresolved,rank_selection_numerically_unresolved: cap+1 pilot failed maintained acceptance diagnostics,success,3,1,1.831153478126816e-06,7.0399005738959554e-06,9.316864272014036e-05,1.0654093826835729,1.0719059541827471,3,1,1,1.7763568394002505e-15,1203.3612120999967,"[1.0694479470534761, 1.0719059541827471, 1.0654093826835727]",0.006496571499174486,,True,False,True,False,True,failure
dgp1_N100_T200_r00000_truth2-1-1,1,100,200,0,"(2,1,1)",rank_selection_numerically_unresolved,rank_selection_numerically_unresolved: cap+1 pilot failed maintained acceptance diagnostics,success,3,1,4.9610848154356285e-06,1.3057743463146678e-05,9.82406468998968e-05,0.2373456121859621,0.2382564032213977,2,1,1,0.0,464.3920394000161,"[0.23772506741124672, 0.2382564032213977, 0.23734561218596217]",0.0009107910354355375,,True,False,True,False,True,failure
dgp1_N100_T200_r00001_truth2-1-1,1,100,200,1,"(2,1,1)",rank_selection_numerically_unresolved,rank_selection_numerically_unresolved: cap+1 pilot failed maintained acceptance diagnostics,not_needed_interior_fast_path,3,0,5.340952684076988e-06,8.839263966647056e-06,1.5925557622306258e-05,0.2283956145697268,0.2292669452796137,3,0,0,0.0,48.55709260000731,"[0.22900730480272286, 0.22926694527961372, 0.22839561456972687]",0.0008713307098868472,,True,False,True,False,False,failure
dgp1_N100_T200_r00002_truth2-1-1,1,100,200,2,"(2,1,1)",rank_selection_numerically_unresolved,rank_selection_numerically_unresolved: cap+1 pilot failed maintained acceptance diagnostics,not_needed_interior_fast_path,3,0,3.943732962951146e-06,5.588221183358076e-06,7.336340246912922e-06,0.247492198630027,0.2482626290525051,3,0,0,0.0,48.74896310000622,"[0.24749219863002708, 0.24767825863402312, 0.24826262905250518]",0.0007704304224780967,,True,False,True,False,False,failure
dgp1_N200_T100_r00000_truth1-0-2,1,200,100,0,"(1,0,2)",rank_selection_numerically_unresolved,rank_selection_numerically_unresolved: cap+1 pilot failed maintained acceptance diagnostics,success,3,1,1.0179558040437714e-05,1.2116137021099388e-05,9.96156000657347e-05,0.3520678876759052,0.3523787116124524,2,1,1,0.0,147.09961270001077,"[0.3523787116124524, 0.35206788767590524, 0.3522570247886246]",0.00031082393654713325,,True,False,True,False,True,failure
dgp1_N200_T100_r00001_truth1-0-2,1,200,100,1,"(1,0,2)",rank_selection_numerically_unresolved,rank_selection_numerically_unresolved: cap+1 pilot failed maintained acceptance diagnostics,not_needed_interior_fast_path,3,0,5.765952761573239e-06,1.0515506336092203e-05,2.4395208138053392e-05,0.3440485997844326,0.3450940355712318,3,0,0,0.0,47.101919499997166,"[0.3440485997844326, 0.3450940355712318, 0.3449281900634332]",0.0010454357867992203,,True,False,True,False,False,failure
dgp1_N200_T100_r00002_truth1-0-2,1,200,100,2,"(1,0,2)",rank_selection_numerically_unresolved,rank_selection_numerically_unresolved: cap+1 pilot failed maintained acceptance diagnostics,constrained_optimality_failure,3,0,2.8974778680539352e-06,1.5080248510991897e-05,0.0014134470303583,0.3570082952294137,0.3581192139907577,3,1,0,0.0,867.5404692999873,"[0.3581192139907577, 0.3573219307573462, 0.35700829522941374]",0.0011109187613439486,,True,False,True,False,False,failure
dgp1_N200_T100_r00000_truth1-1-1,1,200,100,0,"(1,1,1)",rank_selection_numerically_unresolved,rank_selection_numerically_unresolved: cap+1 pilot failed maintained acceptance diagnostics,constrained_optimality_failure,3,0,2.0390807732916685e-05,2.4530423318787803e-05,0.0011806669469683,1.4764252318761233,1.4794081877725778,3,1,1,0.0,1378.1708168999976,"[1.4794081877725778, 1.4781705264696157, 1.4764252318761233]",0.0029829558964544756,,True,False,True,False,True,failure
dgp1_N200_T100_r00001_truth1-1-1,1,200,100,1,"(1,1,1)",rank_selection_numerically_unresolved,rank_selection_numerically_unresolved: cap+1 pilot failed maintained acceptance diagnostics,success,3,1,4.753932833485828e-05,0.0005613392869015,0.0010143206201181,1.413371857884514,1.4251071024138982,2,3,2,1.7763568394002505e-15,3022.089755400004,"[1.4175241670656904, 1.4251071024138982, 1.413371857884514]",0.011735244529384126,,True,False,True,False,True,failure
dgp1_N200_T100_r00002_truth1-1-1,1,200,100,2,"(1,1,1)",rank_selection_numerically_unresolved,rank_selection_numerically_unresolved: cap+1 pilot failed maintained acceptance diagnostics,success,3,1,1.1044664079019376e-05,8.000062082220082e-05,0.0007145601515402,1.4223146585749469,1.4292486764840924,2,2,1,1.7763568394002505e-15,2078.6800236999916,"[1.4250036481423705, 1.4292486764840924, 1.4223146585749469]",0.006934017909145496,,True,False,True,False,True,failure
dgp1_N200_T100_r00000_truth2-1-1,1,200,100,0,"(2,1,1)",rank_selection_numerically_unresolved,rank_selection_numerically_unresolved: cap+1 pilot failed maintained acceptance diagnostics,not_needed_interior_fast_path,3,0,2.360960785205033e-06,6.215168370238198e-06,1.1760514598725886e-05,0.2351610174018379,0.2355930351758158,3,0,0,0.0,48.276081000018166,"[0.23516101740183795, 0.23539624741557136, 0.23559303517581584]",0.00043201777397788854,,True,False,True,False,False,failure
dgp1_N200_T100_r00001_truth2-1-1,1,200,100,1,"(2,1,1)",rank_selection_numerically_unresolved,rank_selection_numerically_unresolved: cap+1 pilot failed maintained acceptance diagnostics,not_needed_interior_fast_path,3,0,5.0305852522220506e-06,1.0639629054214825e-05,1.4776535367122816e-05,0.2460387080790585,0.2465467047665341,3,0,0,0.0,45.03267169998435,"[0.2460387080790585, 0.24641275885243114, 0.2465467047665341]",0.000507996687475587,,True,False,True,False,False,failure
dgp1_N200_T100_r00002_truth2-1-1,1,200,100,2,"(2,1,1)",rank_selection_numerically_unresolved,rank_selection_numerically_unresolved: cap+1 pilot failed maintained acceptance diagnostics,not_needed_interior_fast_path,3,0,2.5497290907259426e-06,6.950637617268068e-06,7.030300825643012e-06,0.2431477483906415,0.2438272585169319,3,0,0,0.0,44.83576339999854,"[0.2438272585169319, 0.24347136922856927, 0.2431477483906415]",0.0006795101262904168,,True,False,True,False,False,failure
dgp1_N200_T200_r00000_truth1-0-2,1,200,200,0,"(1,0,2)",rank_selection_numerically_unresolved,rank_selection_numerically_unresolved: cap+1 pilot failed maintained acceptance diagnostics,not_needed_interior_fast_path,3,1,6.28588065509775e-07,3.409010561048804e-06,3.971909534432981e-06,0.3896374370593045,0.3901782084218528,3,0,0,0.0,82.97455369999807,"[0.3901441125084892, 0.38963743705930454, 0.39017820842185286]",0.0005407713625483201,,True,False,False,False,False,failure
dgp1_N200_T200_r00001_truth1-0-2,1,200,200,1,"(1,0,2)",rank_selection_numerically_unresolved,rank_selection_numerically_unresolved: cap+1 pilot failed maintained acceptance diagnostics,not_needed_interior_fast_path,3,0,4.577894505874589e-06,1.0301548756832716e-05,1.1531074086955853e-05,0.4006002800498644,0.4012455496164593,3,0,0,0.0,75.00246390000393,"[0.40124554961645936, 0.4006002800498644, 0.4006109260829898]",0.0006452695665949415,,True,False,True,False,False,failure
dgp1_N200_T200_r00002_truth1-0-2,1,200,200,2,"(1,0,2)",rank_selection_numerically_unresolved,rank_selection_numerically_unresolved: cap+1 pilot failed maintained acceptance diagnostics,not_needed_interior_fast_path,3,0,2.469504602736508e-06,8.123649135569011e-06,8.723038114597315e-06,0.3952641261822264,0.3956415933154524,3,0,0,0.0,68.6492270000017,"[0.3956229449359428, 0.3952641261822264, 0.3956415933154524]",0.000377467133226006,,True,False,True,False,False,failure
dgp1_N200_T200_r00000_truth1-1-1,1,200,200,0,"(1,1,1)",rank_selection_numerically_unresolved,rank_selection_numerically_unresolved: cap+1 pilot failed maintained acceptance diagnostics,not_needed_interior_fast_path,3,0,4.234523433941615e-06,4.350696081962429e-06,5.124914079017208e-06,1.4347302740074523,1.4357181912926096,3,0,0,0.0,60.26004190000094,"[1.4355708235650833, 1.4347302740074523, 1.4357181912926096]",0.000987917285157236,,True,False,True,False,False,failure
dgp1_N200_T200_r00001_truth1-1-1,1,200,200,1,"(1,1,1)",rank_selection_numerically_unresolved,rank_selection_numerically_unresolved: cap+1 pilot failed maintained acceptance diagnostics,not_needed_interior_fast_path,3,0,3.054030394071002e-06,3.896439508406193e-06,5.496323367839658e-06,1.4183224452251706,1.41996315697572,3,0,0,0.0,61.06970349999756,"[1.41996315697572, 1.41852850065848, 1.4183224452251706]",0.0016407117505494728,,True,False,True,False,False,failure
dgp1_N200_T200_r00002_truth1-1-1,1,200,200,2,"(1,1,1)",rank_selection_numerically_unresolved,rank_selection_numerically_unresolved: cap+1 pilot failed maintained acceptance diagnostics,not_needed_interior_fast_path,3,0,4.52076303283914e-06,6.493868367058489e-06,1.253823323755123e-05,1.4189964005538966,1.4214618578448637,3,0,0,0.0,61.68057010000484,"[1.4207385219925592, 1.4189964005538966, 1.4214618578448635]",0.0024654572909668104,,True,False,True,False,False,failure
dgp1_N200_T200_r00000_truth2-1-1,1,200,200,0,"(2,1,1)",rank_selection_numerically_unresolved,rank_selection_numerically_unresolved: cap+1 pilot failed maintained acceptance diagnostics,not_needed_interior_fast_path,3,0,2.6692388326339707e-06,3.1344043128899487e-06,4.038480030819104e-06,0.2728479017915586,0.2732327553111881,3,0,0,0.0,69.42728789997636,"[0.2732327553111881, 0.2731860180650725, 0.2728479017915586]",0.0003848535196295244,,True,False,True,False,False,failure
dgp1_N200_T200_r00001_truth2-1-1,1,200,200,1,"(2,1,1)",rank_selection_numerically_unresolved,rank_selection_numerically_unresolved: cap+1 pilot failed maintained acceptance diagnostics,not_needed_interior_fast_path,3,0,2.4298116386526983e-06,2.9017902742158625e-06,6.555984274117921e-06,0.2591836148868038,0.25933040393181,3,0,0,0.0,69.32499799999641,"[0.25933040393181006, 0.2592201291590872, 0.2591836148868038]",0.000146789045006257,,True,False,True,False,False,failure
dgp1_N200_T200_r00002_truth2-1-1,1,200,200,2,"(2,1,1)",rank_selection_numerically_unresolved,rank_selection_numerically_unresolved: cap+1 pilot failed maintained acceptance diagnostics,not_needed_interior_fast_path,3,1,8.19696727556976e-07,1.6940826439257543e-06,5.919734129582892e-06,0.2723849029628613,0.2725100792596669,3,0,0,0.0,68.02555010000651,"[0.2723849029628613, 0.27251007925966697, 0.2724396725419933]",0.00012517629680569575,,True,False,False,False,False,failure
dgp2_N50_T50_r00000_truth1-0-2,2,50,50,0,"(1,0,2)",rank_selection_numerically_unresolved,rank_selection_numerically_unresolved: cap+1 pilot failed maintained acceptance diagnostics,constrained_optimality_failure,3,0,0.0008675342575189,0.0017315584644456,0.0022252279777346,0.1409296345286971,0.143755507944431,3,3,3,1.7763568394002505e-15,722.8784981000208,"[0.14375550794443107, 0.1409296345286971, 0.14227353049762267]",0.002825873415733954,,True,False,True,False,True,failure
dgp2_N50_T50_r00001_truth1-0-2,2,50,50,1,"(1,0,2)",rank_selection_numerically_unresolved,rank_selection_numerically_unresolved: cap+1 pilot failed maintained acceptance diagnostics,constrained_optimality_failure,3,1,8.749373499761056e-05,0.0002669627501745,0.0004206736696581,0.1472189554699896,0.1564223154518394,2,3,3,1.7763568394002505e-15,552.1870663000154,"[0.15642231545183946, 0.1502751381906849, 0.1472189554699896]",0.009203359981849873,,True,False,True,False,True,failure
dgp2_N50_T50_r00002_truth1-0-2,2,50,50,2,"(1,0,2)",rank_selection_numerically_unresolved,rank_selection_numerically_unresolved: cap+1 pilot failed maintained acceptance diagnostics,constrained_optimality_failure,3,0,0.0025303125352215,0.0026575309334045,0.0053164759951489,0.1281394393778887,0.1364559383001837,3,3,2,1.7763568394002505e-15,818.2812997000001,"[0.1300175099637403, 0.1364559383001837, 0.12813943937788874]",0.008316498922294968,,True,False,True,False,True,failure
dgp2_N50_T50_r00000_truth1-1-1,2,50,50,0,"(1,1,1)",rank_selection_numerically_unresolved,rank_selection_numerically_unresolved: cap+1 pilot failed maintained acceptance diagnostics,constrained_optimality_failure,3,0,0.0018789152762761,0.0036157165616544,0.0077346890246535,0.4248464169848466,0.447522935266065,3,3,3,1.7763568394002505e-15,919.4295950999949,"[0.4346177133093791, 0.447522935266065, 0.42484641698484665]",0.02267651828121836,,True,False,True,False,True,failure
dgp2_N50_T50_r00001_truth1-1-1,2,50,50,1,"(1,1,1)",rank_selection_numerically_unresolved,rank_selection_numerically_unresolved: cap+1 pilot failed maintained acceptance diagnostics,constrained_optimality_failure,3,0,0.0002154020052456,0.0018177516362809,0.0021167432032086,0.4000764755092462,0.4197451031328263,3,3,3,1.7763568394002505e-15,824.2869133999993,"[0.4000764755092462, 0.41974510313282637, 0.4003526160791048]",0.01966862762358018,,True,False,True,False,True,failure
dgp2_N50_T50_r00002_truth1-1-1,2,50,50,2,"(1,1,1)",rank_selection_numerically_unresolved,rank_selection_numerically_unresolved: cap+1 pilot failed maintained acceptance diagnostics,constrained_optimality_failure,3,0,0.0017314187089245,0.0018669037963009,0.0075495952469239,0.4050117677849614,0.4168115096536484,3,3,3,1.7763568394002505e-15,940.0885587000012,"[0.4050117677849614, 0.4168115096536484, 0.4073899834946619]",0.011799741868686986,,True,False,True,False,True,failure
dgp2_N50_T50_r00000_truth2-1-1,2,50,50,0,"(2,1,1)",rank_selection_numerically_unresolved,rank_selection_numerically_unresolved: cap+1 pilot failed maintained acceptance diagnostics,constrained_optimality_failure,3,1,9.918678044413668e-05,0.0003205075221454,0.0063191684857551,0.087131827760266,0.0927739911786776,2,3,2,1.7763568394002505e-15,607.1815301000024,"[0.08789051334259057, 0.08713182776026608, 0.0927739911786776]",0.005642163418411519,,True,False,True,False,True,failure
dgp2_N50_T50_r00001_truth2-1-1,2,50,50,1,"(2,1,1)",rank_selection_numerically_unresolved,rank_selection_numerically_unresolved: cap+1 pilot failed maintained acceptance diagnostics,constrained_optimality_failure,3,1,9.82954369252741e-05,0.0007080504202049,0.0029430130379295,0.0980086275689051,0.1039057772448491,2,3,3,3.552713678800501e-15,598.9972463000013,"[0.10027591287259525, 0.10390577724484915, 0.09800862756890519]",0.005897149675943958,,True,False,True,False,True,failure
dgp2_N50_T50_r00002_truth2-1-1,2,50,50,2,"(2,1,1)",rank_selection_numerically_unresolved,rank_selection_numerically_unresolved: cap+1 pilot failed maintained acceptance diagnostics,constrained_optimality_failure,3,0,4.944813765412018e-05,0.0030590792897656,0.0035604608184563,0.0884175144544098,0.0940499753771872,3,2,2,1.7763568394002505e-15,489.2582325999974,"[0.09404997537718728, 0.08841751445440985, 0.09018290728593137]",0.00563246092277743,,True,False,True,False,True,failure
dgp2_N100_T100_r00000_truth1-0-2,2,100,100,0,"(1,0,2)",rank_selection_numerically_unresolved,rank_selection_numerically_unresolved: cap+1 pilot failed maintained acceptance diagnostics,constrained_optimality_failure,3,0,8.436738762718753e-06,3.604604202680324e-05,0.0001762941242975,0.2989097010178005,0.301927596522202,3,1,1,0.0,399.84300779999467,"[0.301927596522202, 0.29890970101780057, 0.299145585097632]",0.0030178955044014577,,True,False,True,False,False,failure
dgp2_N100_T100_r00001_truth1-0-2,2,100,100,1,"(1,0,2)",rank_selection_numerically_unresolved,rank_selection_numerically_unresolved: cap+1 pilot failed maintained acceptance diagnostics,constrained_optimality_failure,3,0,1.325673992159443e-05,4.1873966762019015e-05,0.0001670026493969,0.26865177048406,0.2711325150342104,3,1,0,0.0,439.91691519999586,"[0.2697967753236164, 0.2711325150342104, 0.26865177048406]",0.002480744550150349,,True,False,True,False,False,failure
dgp2_N100_T100_r00002_truth1-0-2,2,100,100,2,"(1,0,2)",rank_selection_numerically_unresolved,rank_selection_numerically_unresolved: cap+1 pilot failed maintained acceptance diagnostics,not_needed_interior_fast_path,3,0,8.87432150267714e-06,1.4280939108529372e-05,1.681228994321454e-05,0.2813387611090416,0.2820493939564558,3,0,0,0.0,37.05718960000377,"[0.28162735637235864, 0.28133876110904166, 0.2820493939564558]",0.0007106328474141277,,True,False,True,False,False,failure
dgp2_N100_T100_r00000_truth1-1-1,2,100,100,0,"(1,1,1)",rank_selection_numerically_unresolved,rank_selection_numerically_unresolved: cap+1 pilot failed maintained acceptance diagnostics,constrained_optimality_failure,3,0,0.0002810195583631,0.0008639440592655,0.0037162290633512,0.9166489386674568,0.9223184858521394,3,3,3,0.0,2046.6403719000082,"[0.9223184858521394, 0.9202035824186656, 0.9166489386674568]",0.0056695471846825995,,True,False,True,False,True,failure
dgp2_N100_T100_r00001_truth1-1-1,2,100,100,1,"(1,1,1)",rank_selection_numerically_unresolved,rank_selection_numerically_unresolved: cap+1 pilot failed maintained acceptance diagnostics,constrained_optimality_failure,3,0,7.935142620387864e-06,1.0516513424710116e-05,0.0023087926429274,0.977007460614234,0.9801201291611652,3,1,1,0.0,815.75649349999,"[0.9795407130246365, 0.9801201291611651, 0.9770074606142339]",0.003112668546931152,,True,False,True,False,True,failure
dgp2_N100_T100_r00002_truth1-1-1,2,100,100,2,"(1,1,1)",rank_selection_numerically_unresolved,rank_selection_numerically_unresolved: cap+1 pilot failed maintained acceptance diagnostics,not_needed_interior_fast_path,3,0,1.2825370274066349e-06,1.5327901418323734e-05,2.14315172709334e-05,0.9106039285388422,0.9223880201672672,3,0,0,0.0,32.33586779999314,"[0.9119120397737425, 0.9223880201672672, 0.9106039285388422]",0.011784091628424975,,True,False,True,False,False,failure
dgp2_N100_T100_r00000_truth2-1-1,2,100,100,0,"(2,1,1)",rank_selection_numerically_unresolved,rank_selection_numerically_unresolved: cap+1 pilot failed maintained acceptance diagnostics,constrained_optimality_failure,3,0,1.8537266773949944e-06,1.7393365838539652e-05,0.0012157626028796,0.1976551254864473,0.1994231167923364,3,1,1,0.0,497.7325353999914,"[0.19765512548644734, 0.19942311679233646, 0.19881077043140943]",0.0017679913058891161,,True,False,True,False,True,failure
dgp2_N100_T100_r00001_truth2-1-1,2,100,100,1,"(2,1,1)",rank_selection_numerically_unresolved,rank_selection_numerically_unresolved: cap+1 pilot failed maintained acceptance diagnostics,constrained_optimality_failure,3,0,2.924543452727888e-06,8.046192684308007e-06,0.0011578763480754,0.1956190308619703,0.1957207005637213,3,1,0,0.0,535.3729235999926,"[0.19572070056372132, 0.19568120903221078, 0.19561903086197036]",0.00010166970175096157,,True,False,True,False,False,failure
dgp2_N100_T100_r00002_truth2-1-1,2,100,100,2,"(2,1,1)",rank_selection_numerically_unresolved,rank_selection_numerically_unresolved: cap+1 pilot failed maintained acceptance diagnostics,not_needed_interior_fast_path,3,0,2.5498126548748043e-06,2.394534509655105e-05,2.984275146553065e-05,0.2047580564562697,0.2069077076920056,3,0,0,0.0,33.207357999970554,"[0.20690770769200562, 0.20502571995916155, 0.2047580564562697]",0.0021496512357359054,,True,False,True,False,False,failure
dgp2_N100_T200_r00000_truth1-0-2,2,100,200,0,"(1,0,2)",rank_selection_numerically_unresolved,rank_selection_numerically_unresolved: cap+1 pilot failed maintained acceptance diagnostics,not_needed_interior_fast_path,3,0,2.579960565579839e-06,6.0613094659283776e-06,1.2181155270964767e-05,0.3447582139196576,0.3457151648031759,3,0,0,0.0,52.46501059998991,"[0.34475821391965766, 0.34569629203059904, 0.3457151648031759]",0.000956950883518215,,True,False,True,False,False,failure
dgp2_N100_T200_r00001_truth1-0-2,2,100,200,1,"(1,0,2)",rank_selection_numerically_unresolved,rank_selection_numerically_unresolved: cap+1 pilot failed maintained acceptance diagnostics,success,3,1,1.449785306209769e-05,9.332808244141892e-05,0.0004605585545333,0.3411156721810935,0.3426831224640171,2,2,2,1.7763568394002505e-15,1156.2573886000027,"[0.3411156721810935, 0.3426831224640171, 0.34237444123899224]",0.0015674502829235992,,True,False,True,False,True,failure
dgp2_N100_T200_r00002_truth1-0-2,2,100,200,2,"(1,0,2)",rank_selection_numerically_unresolved,rank_selection_numerically_unresolved: cap+1 pilot failed maintained acceptance diagnostics,not_needed_interior_fast_path,3,0,2.517065358004387e-06,4.419475201605456e-06,2.087247994459208e-05,0.3373542146270181,0.3380207960775034,3,0,0,0.0,52.97469560000172,"[0.3375021924392415, 0.3373542146270181, 0.33802079607750346]",0.0006665814504853707,,True,False,True,False,False,failure
dgp2_N100_T200_r00000_truth1-1-1,2,100,200,0,"(1,1,1)",rank_selection_numerically_unresolved,rank_selection_numerically_unresolved: cap+1 pilot failed maintained acceptance diagnostics,success,3,1,2.396203884393552e-06,4.284217604487823e-05,0.0003997923350518,1.2043344799088052,1.2048152112147077,2,2,1,1.7763568394002505e-15,1577.5186345000036,"[1.2048152112147075, 1.2047442831222157, 1.2043344799088052]",0.0004807313059023155,,True,False,True,False,True,failure
dgp2_N100_T200_r00001_truth1-1-1,2,100,200,1,"(1,1,1)",rank_selection_numerically_unresolved,rank_selection_numerically_unresolved: cap+1 pilot failed maintained acceptance diagnostics,success,3,1,3.823328243394226e-06,1.3094884637931784e-05,4.250785486732291e-05,1.1548832309429695,1.159058217154309,3,1,1,0.0,881.5156429999988,"[1.1548832309429695, 1.158357543641247, 1.159058217154309]",0.004174986211339382,,True,False,True,False,True,failure
dgp2_N100_T200_r00002_truth1-1-1,2,100,200,2,"(1,1,1)",rank_selection_numerically_unresolved,rank_selection_numerically_unresolved: cap+1 pilot failed maintained acceptance diagnostics,success,3,1,6.174262126385865e-06,3.4215011604638634e-05,0.0001425329598865,1.1269334346391036,1.1335728535319565,2,2,2,0.0,1996.863334099995,"[1.1269334346391036, 1.1306652026087738, 1.1335728535319565]",0.006639418892852911,,True,False,True,False,True,failure
dgp2_N100_T200_r00000_truth2-1-1,2,100,200,0,"(2,1,1)",rank_selection_numerically_unresolved,rank_selection_numerically_unresolved: cap+1 pilot failed maintained acceptance diagnostics,not_needed_interior_fast_path,3,0,1.5728592420823926e-06,1.0193873397203382e-05,1.6093744947076075e-05,0.228425456524042,0.2287206301011379,3,0,0,0.0,48.87114230002044,"[0.22842545652404206, 0.22872063010113794, 0.22856294737832192]",0.00029517357709588077,,True,False,True,False,False,failure
dgp2_N100_T200_r00001_truth2-1-1,2,100,200,1,"(2,1,1)",rank_selection_numerically_unresolved,rank_selection_numerically_unresolved: cap+1 pilot failed maintained acceptance diagnostics,not_needed_interior_fast_path,3,0,2.8081491776918754e-06,8.383334984021605e-06,1.1838573218974156e-05,0.2324422652272913,0.2340914429254923,3,0,0,0.0,53.39215039998817,"[0.2324422652272913, 0.23409144292549236, 0.23355465983183585]",0.0016491776982010542,,True,False,True,False,False,failure
dgp2_N100_T200_r00002_truth2-1-1,2,100,200,2,"(2,1,1)",rank_selection_numerically_unresolved,rank_selection_numerically_unresolved: cap+1 pilot failed maintained acceptance diagnostics,not_needed_interior_fast_path,3,0,1.7477884809193704e-06,4.4368890054197815e-06,8.78524165401769e-06,0.2158905745342447,0.216294975640481,3,0,0,0.0,49.557778100002906,"[0.21629497564048106, 0.21612307634864383, 0.21589057453424476]",0.0004044011062362962,,True,False,True,False,False,failure
dgp2_N200_T100_r00000_truth1-0-2,2,200,100,0,"(1,0,2)",rank_selection_numerically_unresolved,rank_selection_numerically_unresolved: cap+1 pilot failed maintained acceptance diagnostics,not_needed_interior_fast_path,3,0,6.72034781383754e-06,8.102539255933591e-06,1.7314182953046746e-05,0.3470456045084957,0.3489328972340034,3,0,0,0.0,53.15516410002601,"[0.34704560450849575, 0.3489328972340034, 0.3476704226013163]",0.0018872927255076388,,True,False,True,False,False,failure
dgp2_N200_T100_r00001_truth1-0-2,2,200,100,1,"(1,0,2)",rank_selection_numerically_unresolved,rank_selection_numerically_unresolved: cap+1 pilot failed maintained acceptance diagnostics,not_needed_interior_fast_path,3,0,5.8226790582602375e-06,1.2015882964342596e-05,1.3060326545440495e-05,0.3296649354844195,0.3299455003697833,3,0,0,0.0,44.80008840000664,"[0.3297923851751168, 0.32966493548441955, 0.3299455003697833]",0.00028056488536376545,,True,False,True,False,False,failure
dgp2_N200_T100_r00002_truth1-0-2,2,200,100,2,"(1,0,2)",rank_selection_numerically_unresolved,rank_selection_numerically_unresolved: cap+1 pilot failed maintained acceptance diagnostics,not_needed_interior_fast_path,3,0,3.296729480074647e-06,4.958250654872113e-06,2.3443607963026645e-05,0.3490888876565023,0.3505012756243311,3,0,0,0.0,45.06266790001246,"[0.349617377975098, 0.34908888765650237, 0.35050127562433114]",0.0014123879678287765,,True,False,True,False,False,failure
dgp2_N200_T100_r00000_truth1-1-1,2,200,100,0,"(1,1,1)",rank_selection_numerically_unresolved,rank_selection_numerically_unresolved: cap+1 pilot failed maintained acceptance diagnostics,constrained_optimality_failure,3,0,9.462626591069151e-06,0.0001770284552609,0.0013389705061935,1.2913248838056155,1.2948513322979065,3,2,0,0.0,2330.6868504000013,"[1.2948513322979065, 1.294060776856515, 1.2913248838056155]",0.003526448492291001,,True,False,True,False,False,failure
dgp2_N200_T100_r00001_truth1-1-1,2,200,100,1,"(1,1,1)",rank_selection_numerically_unresolved,rank_selection_numerically_unresolved: cap+1 pilot failed maintained acceptance diagnostics,constrained_optimality_failure,3,0,7.518177105963062e-06,1.807551255746905e-05,0.0067596298394471,1.256731016723391,1.261265893951285,3,1,1,1.7763568394002505e-15,1121.7248390000022,"[1.256731016723391, 1.2595206267794459, 1.261265893951285]",0.004534877227894141,,True,False,True,False,False,failure
dgp2_N200_T100_r00002_truth1-1-1,2,200,100,2,"(1,1,1)",rank_selection_numerically_unresolved,rank_selection_numerically_unresolved: cap+1 pilot failed maintained acceptance diagnostics,success,3,1,4.406376920683096e-06,1.9324916278757515e-05,6.888632222454283e-05,1.227838023113888,1.2300313620443697,3,1,1,1.7763568394002505e-15,1029.4160470999996,"[1.2299618919887187, 1.2278380231138881, 1.2300313620443697]",0.00219333893048157,,True,False,True,False,True,failure
dgp2_N200_T100_r00000_truth2-1-1,2,200,100,0,"(2,1,1)",rank_selection_numerically_unresolved,rank_selection_numerically_unresolved: cap+1 pilot failed maintained acceptance diagnostics,not_needed_interior_fast_path,3,0,5.350348334078757e-06,1.0662928277408388e-05,1.6061412816552315e-05,0.2268637388770458,0.2274818233123853,3,0,0,0.0,53.15690980000363,"[0.2274818233123853, 0.22686373887704586, 0.22727327907334074]",0.0006180844353394499,,True,False,True,False,False,failure
dgp2_N200_T100_r00001_truth2-1-1,2,200,100,1,"(2,1,1)",rank_selection_numerically_unresolved,rank_selection_numerically_unresolved: cap+1 pilot failed maintained acceptance diagnostics,not_needed_interior_fast_path,3,0,2.09030734460396e-06,3.465264965368603e-06,3.929574585506596e-06,0.2358124271247102,0.236791452899315,3,0,0,0.0,53.24764769998728,"[0.23636126250900402, 0.23679145289931502, 0.2358124271247102]",0.0009790257746048192,,True,False,True,False,False,failure
dgp2_N200_T100_r00002_truth2-1-1,2,200,100,2,"(2,1,1)",rank_selection_numerically_unresolved,rank_selection_numerically_unresolved: cap+1 pilot failed maintained acceptance diagnostics,not_needed_interior_fast_path,3,0,2.163965851620409e-06,7.154208394198784e-06,8.605607975438152e-06,0.2358845568721003,0.2364591753239507,3,0,0,0.0,54.14548760000616,"[0.23588455687210036, 0.2360991216643226, 0.23645917532395078]",0.0005746184518504172,,True,False,True,False,False,failure
dgp2_N200_T200_r00000_truth1-0-2,2,200,200,0,"(1,0,2)",rank_selection_numerically_unresolved,rank_selection_numerically_unresolved: cap+1 pilot failed maintained acceptance diagnostics,not_needed_interior_fast_path,3,0,2.5783354347960995e-06,2.7011774495594508e-06,2.7609710650003607e-06,0.3896766432658224,0.3904698395130332,3,0,0,0.0,67.48878429998877,"[0.38978333867724857, 0.38967664326582246, 0.3904698395130332]",0.0007931962472107479,,True,False,True,False,False,failure
dgp2_N200_T200_r00001_truth1-0-2,2,200,200,1,"(1,0,2)",rank_selection_numerically_unresolved,rank_selection_numerically_unresolved: cap+1 pilot failed maintained acceptance diagnostics,not_needed_interior_fast_path,3,1,8.695245259368423e-07,4.717331408479902e-06,6.1914338870620015e-06,0.3814678217339466,0.3826672761721004,3,0,0,0.0,67.82241369999247,"[0.38146782173394667, 0.3826672761721004, 0.38195666940093437]",0.0011994544381537242,,True,False,False,False,False,failure
dgp2_N200_T200_r00002_truth1-0-2,2,200,200,2,"(1,0,2)",rank_selection_numerically_unresolved,rank_selection_numerically_unresolved: cap+1 pilot failed maintained acceptance diagnostics,not_needed_interior_fast_path,3,0,2.30117875705638e-06,2.4712182923762173e-06,2.8514320231636537e-06,0.3800915083294289,0.3802357047729666,3,0,0,0.0,74.52082289999817,"[0.3802357047729666, 0.3801996516396851, 0.3800915083294289]",0.0001441964435376919,,True,False,True,False,False,failure
dgp2_N200_T200_r00000_truth1-1-1,2,200,200,0,"(1,1,1)",rank_selection_numerically_unresolved,rank_selection_numerically_unresolved: cap+1 pilot failed maintained acceptance diagnostics,constrained_optimality_failure,3,1,9.335263466790792e-07,4.8745224310453885e-06,0.0001465233051084,1.240779980406369,1.2417992704227985,3,1,0,0.0,1595.6364856,"[1.240779980406369, 1.2417992704227983, 1.240996949035957]",0.0010192900164291974,,True,False,False,False,False,failure
dgp2_N200_T200_r00001_truth1-1-1,2,200,200,1,"(1,1,1)",rank_selection_numerically_unresolved,rank_selection_numerically_unresolved: cap+1 pilot failed maintained acceptance diagnostics,not_needed_interior_fast_path,3,0,1.3453734234465197e-06,1.6419820243804505e-06,1.989185053068233e-06,1.2691340225572578,1.270506121013966,3,0,0,0.0,76.89879889999429,"[1.2705061210139659, 1.2691406820316826, 1.2691340225572578]",0.0013720984567080485,,True,False,True,False,False,failure
dgp2_N200_T200_r00002_truth1-1-1,2,200,200,2,"(1,1,1)",rank_selection_numerically_unresolved,rank_selection_numerically_unresolved: cap+1 pilot failed maintained acceptance diagnostics,not_needed_interior_fast_path,3,0,8.047629749794197e-06,9.87064241558774e-06,1.1816204435215738e-05,1.2653975154645356,1.2679298730458846,3,0,0,0.0,78.1975384000034,"[1.2679298730458846, 1.2653975154645356, 1.267097303423489]",0.002532357581348954,,True,False,True,False,False,failure
dgp2_N200_T200_r00000_truth2-1-1,2,200,200,0,"(2,1,1)",rank_selection_numerically_unresolved,rank_selection_numerically_unresolved: cap+1 pilot failed maintained acceptance diagnostics,not_needed_interior_fast_path,3,1,9.659954039383944e-07,2.3928538264224738e-06,2.895302585573421e-06,0.2696965346713436,0.2698341377493057,3,0,0,0.0,70.30708669999149,"[0.2696965346713436, 0.26983413774930576, 0.2697919512185892]",0.0001376030779621784,,True,False,False,False,False,failure
dgp2_N200_T200_r00001_truth2-1-1,2,200,200,1,"(2,1,1)",rank_selection_numerically_unresolved,rank_selection_numerically_unresolved: cap+1 pilot failed maintained acceptance diagnostics,not_needed_interior_fast_path,3,1,2.0350092607017608e-07,1.3289456262425392e-06,1.5089022099760523e-06,0.2730652971490601,0.2735841892425531,2,0,0,0.0,66.71945970000525,"[0.2735841892425531, 0.2734087308600213, 0.2730652971490601]",0.0005188920934930397,,True,False,False,False,False,failure
dgp2_N200_T200_r00002_truth2-1-1,2,200,200,2,"(2,1,1)",rank_selection_numerically_unresolved,rank_selection_numerically_unresolved: cap+1 pilot failed maintained acceptance diagnostics,not_needed_interior_fast_path,3,1,4.188875841518801e-07,1.0026091951216938e-06,5.010527027221844e-06,0.26512098124179,0.2656157746701253,3,0,0,0.0,72.08532489997742,"[0.26528507410009816, 0.26512098124179, 0.26561577467012537]",0.0004947934283353606,,True,False,False,False,False,failure
dgp3_N50_T50_r00000_truth1-0-2,3,50,50,0,"(1,0,2)",rank_selection_numerically_unresolved,rank_selection_numerically_unresolved: cap+1 pilot failed maintained acceptance diagnostics,constrained_optimality_failure,3,0,0.0011148443756042,0.0016561770525461,0.0016724170251457,0.1468730921534616,0.1516710346562294,3,3,3,1.7763568394002505e-15,770.5065604999982,"[0.14755528445426144, 0.15167103465622941, 0.14687309215346164]",0.004797942502767771,,True,False,True,False,True,failure
dgp3_N50_T50_r00001_truth1-0-2,3,50,50,1,"(1,0,2)",rank_selection_numerically_unresolved,rank_selection_numerically_unresolved: cap+1 pilot failed maintained acceptance diagnostics,constrained_optimality_failure,3,0,0.0014357796854337,0.0014441426902164,0.0018347730048753,0.1367994260469422,0.1406125815607567,3,3,3,1.7763568394002505e-15,744.9214938999794,"[0.13679942604694226, 0.14061258156075673, 0.137227821614352]",0.0038131555138144757,,True,False,True,False,True,failure
dgp3_N50_T50_r00002_truth1-0-2,3,50,50,2,"(1,0,2)",rank_selection_numerically_unresolved,rank_selection_numerically_unresolved: cap+1 pilot failed maintained acceptance diagnostics,constrained_optimality_failure,3,0,3.515734596508459e-05,0.0027577225369213,0.0029857892820847,0.1385272864084746,0.1487949220641692,3,2,2,1.7763568394002505e-15,588.7208407000144,"[0.14546486757971766, 0.13852728640847464, 0.1487949220641692]",0.010267635655694551,,True,False,True,False,True,failure
dgp3_N50_T50_r00000_truth1-1-1,3,50,50,0,"(1,1,1)",rank_selection_numerically_unresolved,rank_selection_numerically_unresolved: cap+1 pilot failed maintained acceptance diagnostics,constrained_optimality_failure,3,0,0.0001467850922316,0.0030347524925687,0.0085878798805269,0.6196728608132507,0.6230284131166643,3,3,3,1.7763568394002505e-15,869.1999139999971,"[0.6230284131166643, 0.6223688555121779, 0.6196728608132507]",0.003355552303413667,,True,False,True,False,True,failure
dgp3_N50_T50_r00001_truth1-1-1,3,50,50,1,"(1,1,1)",rank_selection_numerically_unresolved,rank_selection_numerically_unresolved: cap+1 pilot failed maintained acceptance diagnostics,constrained_optimality_failure,3,0,0.0004273804353797,0.0034746841085705,0.0050390517799288,0.5970988460582484,0.6101697345934727,3,3,3,3.552713678800501e-15,962.6787558000069,"[0.6101697345934727, 0.5985845792955392, 0.5970988460582484]",0.013070888535224312,,True,False,True,False,True,failure
dgp3_N50_T50_r00002_truth1-1-1,3,50,50,2,"(1,1,1)",rank_selection_numerically_unresolved,rank_selection_numerically_unresolved: cap+1 pilot failed maintained acceptance diagnostics,constrained_optimality_failure,3,1,6.274787920383449e-05,0.0006152767397112,0.0026019585927134,0.555012327733156,0.5682526196888789,2,3,3,1.7763568394002505e-15,759.8498528000055,"[0.555012327733156, 0.5585322458917299, 0.5682526196888789]",0.01324029195572285,,True,False,True,False,True,failure
dgp3_N50_T50_r00000_truth2-1-1,3,50,50,0,"(2,1,1)",rank_selection_numerically_unresolved,rank_selection_numerically_unresolved: cap+1 pilot failed maintained acceptance diagnostics,constrained_optimality_failure,3,0,2.47097812955215e-05,0.0002317389812706,0.0017333581050805,0.1024386517986876,0.1045596102278448,3,2,2,3.552713678800501e-15,498.4366144000087,"[0.10428511862030107, 0.10455961022784487, 0.10243865179868762]",0.0021209584291572436,,True,False,True,False,True,failure
dgp3_N50_T50_r00001_truth2-1-1,3,50,50,1,"(2,1,1)",rank_selection_numerically_unresolved,rank_selection_numerically_unresolved: cap+1 pilot failed maintained acceptance diagnostics,constrained_optimality_failure,3,0,5.789915012353718e-05,0.001666462832142,0.0019496163955181,0.0929830355881104,0.0955430637272832,3,2,2,0.0,527.2132780000102,"[0.09298303558811048, 0.09554306372728327, 0.09320955902218633]",0.0025600281391727903,,True,False,True,False,True,failure
dgp3_N50_T50_r00002_truth2-1-1,3,50,50,2,"(2,1,1)",rank_selection_numerically_unresolved,rank_selection_numerically_unresolved: cap+1 pilot failed maintained acceptance diagnostics,constrained_optimality_failure,3,0,6.91999971906306e-05,0.0011693837689187,0.0024238502095746,0.0986788227973747,0.1009835157172009,3,2,2,1.7763568394002505e-15,511.8389872000116,"[0.09867882279737475, 0.09986505295982728, 0.10098351571720092]",0.0023046929198261706,,True,False,True,False,True,failure
dgp3_N100_T100_r00000_truth1-0-2,3,100,100,0,"(1,0,2)",rank_selection_numerically_unresolved,rank_selection_numerically_unresolved: cap+1 pilot failed maintained acceptance diagnostics,constrained_optimality_failure,3,0,5.881542808052624e-06,3.623825218193628e-05,0.0074932809773142,0.2935778819093665,0.2961413267298926,3,1,1,0.0,597.3741806000035,"[0.2935778819093665, 0.2961413267298926, 0.2938399847274581]",0.002563444820526062,,True,False,True,False,True,failure
dgp3_N100_T100_r00001_truth1-0-2,3,100,100,1,"(1,0,2)",rank_selection_numerically_unresolved,rank_selection_numerically_unresolved: cap+1 pilot failed maintained acceptance diagnostics,constrained_optimality_failure,3,1,2.4876701096838125e-06,8.944549514733613e-05,0.00101301849532,0.278375143498077,0.2800438992621692,2,2,2,0.0,620.2021820000082,"[0.27837514349807707, 0.27940006535555706, 0.28004389926216927]",0.0016687557640922002,,True,False,True,False,True,failure
dgp3_N100_T100_r00002_truth1-0-2,3,100,100,2,"(1,0,2)",rank_selection_numerically_unresolved,rank_selection_numerically_unresolved: cap+1 pilot failed maintained acceptance diagnostics,constrained_optimality_failure,3,0,1.1287483782475832e-05,3.0064868016245265e-05,0.0007545445095691,0.2903248231712975,0.2919822479143108,3,1,0,0.0,600.0074667000008,"[0.2919822479143108, 0.29032482317129754, 0.29041688463476856]",0.0016574247430132805,,True,False,True,False,False,failure
dgp3_N100_T100_r00000_truth1-1-1,3,100,100,0,"(1,1,1)",rank_selection_numerically_unresolved,rank_selection_numerically_unresolved: cap+1 pilot failed maintained acceptance diagnostics,constrained_optimality_failure,3,0,0.0008991008756848,0.000925039282069,0.0035674015073663,1.3130689879199198,1.3215854714073283,3,3,2,1.7763568394002505e-15,2089.0064537,"[1.3215854714073285, 1.3176551366809366, 1.3130689879199198]",0.008516483487408744,,True,False,True,False,False,failure
dgp3_N100_T100_r00001_truth1-1-1,3,100,100,1,"(1,1,1)",rank_selection_numerically_unresolved,rank_selection_numerically_unresolved: cap+1 pilot failed maintained acceptance diagnostics,success,3,2,5.3461288708924e-05,5.365411428767645e-05,0.0014284097949892,1.3846609113449655,1.391274235989886,1,3,3,1.7763568394002505e-15,1400.8112886000017,"[1.391274235989886, 1.3886074761114622, 1.3846609113449657]",0.00661332464492026,0.004776132980092956,True,False,True,False,True,failure
dgp3_N100_T100_r00002_truth1-1-1,3,100,100,2,"(1,1,1)",rank_selection_numerically_unresolved,rank_selection_numerically_unresolved: cap+1 pilot failed maintained acceptance diagnostics,constrained_optimality_failure,3,1,6.038980465343752e-05,0.0003372398801304,0.0006817981187328,1.3706981896155166,1.377638431057849,3,3,3,1.7763568394002505e-15,1916.4876403000017,"[1.3706981896155166, 1.3776384310578487, 1.3716249983189366]",0.0069402414423320735,,True,False,True,False,True,failure
dgp3_N100_T100_r00000_truth2-1-1,3,100,100,0,"(2,1,1)",rank_selection_numerically_unresolved,rank_selection_numerically_unresolved: cap+1 pilot failed maintained acceptance diagnostics,not_needed_interior_fast_path,3,1,9.065557087310556e-07,1.1772418268515936e-05,1.4131945339040744e-05,0.2202314091797036,0.2228427904440603,3,0,0,0.0,33.39876429998549,"[0.22023140917970369, 0.22194034398529772, 0.22284279044406038]",0.002611381264356699,,True,False,False,False,False,failure
dgp3_N100_T100_r00001_truth2-1-1,3,100,100,1,"(2,1,1)",rank_selection_numerically_unresolved,rank_selection_numerically_unresolved: cap+1 pilot failed maintained acceptance diagnostics,success,3,1,8.05174702697388e-06,1.3298641645527726e-05,8.803753831657178e-05,0.2205668407933127,0.2214069408033112,2,1,1,0.0,254.38648529999776,"[0.22056684079331276, 0.22140694080331122, 0.22086855257952967]",0.0008401000099984568,,True,False,True,False,True,failure
dgp3_N100_T100_r00002_truth2-1-1,3,100,100,2,"(2,1,1)",rank_selection_numerically_unresolved,rank_selection_numerically_unresolved: cap+1 pilot failed maintained acceptance diagnostics,constrained_optimality_failure,3,0,3.887974617252112e-06,1.0755134265690564e-05,0.0001542041412718,0.2248809944394218,0.2256366785686489,3,1,1,0.0,423.7268827999942,"[0.2256366785686489, 0.22488099443942183, 0.22543977068481336]",0.00075568412922708,,True,False,True,False,True,failure
dgp3_N100_T200_r00000_truth1-0-2,3,100,200,0,"(1,0,2)",rank_selection_numerically_unresolved,rank_selection_numerically_unresolved: cap+1 pilot failed maintained acceptance diagnostics,success,3,1,5.743281649559757e-06,1.2251161193125584e-05,7.721495877146348e-05,0.3003398275301537,0.3006815859098853,2,1,1,0.0,292.7259938999923,"[0.30068158590988536, 0.30033982753015376, 0.30054793261703716]",0.00034175837973160483,,True,False,True,False,True,failure
dgp3_N100_T200_r00001_truth1-0-2,3,100,200,1,"(1,0,2)",rank_selection_numerically_unresolved,rank_selection_numerically_unresolved: cap+1 pilot failed maintained acceptance diagnostics,not_needed_interior_fast_path,3,0,2.951833487389109e-06,3.5618371821741444e-06,7.686373673954901e-06,0.336555961686735,0.3377426469134662,3,0,0,0.0,72.11868339998182,"[0.3377426469134662, 0.336555961686735, 0.337422964964206]",0.00118668522673121,,True,False,True,False,False,failure
dgp3_N100_T200_r00002_truth1-0-2,3,100,200,2,"(1,0,2)",rank_selection_numerically_unresolved,rank_selection_numerically_unresolved: cap+1 pilot failed maintained acceptance diagnostics,not_needed_interior_fast_path,3,0,3.7600544860688257e-06,5.008167090770387e-06,1.4185599945726256e-05,0.3383900031449402,0.3395721099770807,3,0,0,0.0,59.04223550000461,"[0.3395721099770807, 0.3383900031449402, 0.3391574798371812]",0.0011821068321404837,,True,False,True,False,False,failure
dgp3_N100_T200_r00000_truth1-1-1,3,100,200,0,"(1,1,1)",rank_selection_numerically_unresolved,rank_selection_numerically_unresolved: cap+1 pilot failed maintained acceptance diagnostics,constrained_optimality_failure,3,0,2.0957330821045907e-05,0.000155288162863,0.0006354762356226,1.3867633551375946,1.3882175770104357,3,2,1,1.7763568394002505e-15,2293.856565400005,"[1.3867633551375946, 1.3870314708716722, 1.3882175770104357]",0.001454221872841055,,True,False,True,False,True,failure
dgp3_N100_T200_r00001_truth1-1-1,3,100,200,1,"(1,1,1)",rank_selection_numerically_unresolved,rank_selection_numerically_unresolved: cap+1 pilot failed maintained acceptance diagnostics,not_needed_interior_fast_path,3,0,4.788025979969696e-06,9.168396775762656e-06,2.675661045642396e-05,1.4952259631980311,1.4974765944279036,3,0,0,0.0,50.29561380000814,"[1.4974765944279036, 1.4952259631980311, 1.496415625579012]",0.0022506312298724573,,True,False,True,False,False,failure
dgp3_N100_T200_r00002_truth1-1-1,3,100,200,2,"(1,1,1)",rank_selection_numerically_unresolved,rank_selection_numerically_unresolved: cap+1 pilot failed maintained acceptance diagnostics,constrained_optimality_failure,3,0,7.085747741096767e-06,7.135119622090649e-06,0.0002077562398984,1.5265892562834231,1.533091743442906,3,1,1,1.7763568394002505e-15,1033.7777231999935,"[1.5265892562834233, 1.5296520265478653, 1.5330917434429059]",0.0065024871594825395,,True,False,True,False,False,failure
dgp3_N100_T200_r00000_truth2-1-1,3,100,200,0,"(2,1,1)",rank_selection_numerically_unresolved,rank_selection_numerically_unresolved: cap+1 pilot failed maintained acceptance diagnostics,not_needed_interior_fast_path,3,0,1.371155802849612e-06,2.365538650137117e-06,1.5209549254664452e-05,0.2513879325305751,0.252115428196469,3,0,0,0.0,59.08073489999515,"[0.2513879325305751, 0.25211542819646904, 0.25158730201804985]",0.000727495665893918,,True,False,True,False,False,failure
dgp3_N100_T200_r00001_truth2-1-1,3,100,200,1,"(2,1,1)",rank_selection_numerically_unresolved,rank_selection_numerically_unresolved: cap+1 pilot failed maintained acceptance diagnostics,not_needed_interior_fast_path,3,1,7.846793586843617e-07,5.370741443930157e-06,1.351401982626798e-05,0.2562574408110548,0.2568758939873978,3,0,0,0.0,58.702428600008716,"[0.2563675907037742, 0.25687589398739785, 0.25625744081105484]",0.0006184531763430146,,True,False,False,False,False,failure
dgp3_N100_T200_r00002_truth2-1-1,3,100,200,2,"(2,1,1)",rank_selection_numerically_unresolved,rank_selection_numerically_unresolved: cap+1 pilot failed maintained acceptance diagnostics,not_needed_interior_fast_path,3,0,3.227829461984981e-06,7.949868344086509e-06,8.463903320929366e-06,0.2453356374712469,0.2460381366460254,3,0,0,0.0,53.38276730000507,"[0.24586300486617502, 0.2460381366460254, 0.2453356374712469]",0.0007024991747784926,,True,False,True,False,False,failure
dgp3_N200_T100_r00000_truth1-0-2,3,200,100,0,"(1,0,2)",rank_selection_numerically_unresolved,rank_selection_numerically_unresolved: cap+1 pilot failed maintained acceptance diagnostics,constrained_optimality_failure,3,0,3.710439654452223e-06,1.1935479617884913e-05,0.0011688958168625,0.3260379992121799,0.3284748237995302,3,1,1,1.7763568394002505e-15,717.8010804999794,"[0.3284748237995302, 0.32603799921217996, 0.32649417122065805]",0.002436824587350228,,True,False,True,False,False,failure
dgp3_N200_T100_r00001_truth1-0-2,3,200,100,1,"(1,0,2)",rank_selection_numerically_unresolved,rank_selection_numerically_unresolved: cap+1 pilot failed maintained acceptance diagnostics,not_needed_interior_fast_path,3,0,5.789389979189996e-06,1.2132062548144752e-05,1.2513576447304788e-05,0.3383231975174164,0.3397051226986374,3,0,0,0.0,45.67433729999175,"[0.3383346976035656, 0.3383231975174164, 0.3397051226986374]",0.0013819251812209887,,True,False,True,False,False,failure
dgp3_N200_T100_r00002_truth1-0-2,3,200,100,2,"(1,0,2)",rank_selection_numerically_unresolved,rank_selection_numerically_unresolved: cap+1 pilot failed maintained acceptance diagnostics,not_needed_interior_fast_path,3,0,3.189320822636878e-06,3.318229605618682e-06,4.803068244546708e-06,0.3396739406350685,0.3415232912163852,3,0,0,0.0,46.03992240001389,"[0.3403812632037165, 0.33967394063506856, 0.34152329121638525]",0.0018493505813166888,,True,False,True,False,False,failure
dgp3_N200_T100_r00000_truth1-1-1,3,200,100,0,"(1,1,1)",rank_selection_numerically_unresolved,rank_selection_numerically_unresolved: cap+1 pilot failed maintained acceptance diagnostics,constrained_optimality_failure,3,0,4.465948118299802e-06,7.852749782072897e-06,0.0001408106196664,1.7476454126923897,1.7544050608041692,3,1,1,1.7763568394002505e-15,1044.480452099997,"[1.7541879836059961, 1.7544050608041692, 1.7476454126923897]",0.006759648111779537,,True,False,True,False,True,failure
dgp3_N200_T100_r00001_truth1-1-1,3,200,100,1,"(1,1,1)",rank_selection_numerically_unresolved,rank_selection_numerically_unresolved: cap+1 pilot failed maintained acceptance diagnostics,success,3,2,2.1986628777817495e-05,4.2597728421957e-05,4.831830346534875e-05,1.7260815590473195,1.7272251734151112,1,2,2,1.7763568394002505e-15,918.2986430000019,"[1.7272251734151112, 1.7260815590473197, 1.7265927269319694]",0.0011436143677914234,0.00036629743266993213,True,False,True,False,True,failure
dgp3_N200_T100_r00002_truth1-1-1,3,200,100,2,"(1,1,1)",rank_selection_numerically_unresolved,rank_selection_numerically_unresolved: cap+1 pilot failed maintained acceptance diagnostics,success,3,2,4.597764543408072e-05,7.145882009532851e-05,0.0001318119566634,1.6798143779673067,1.6816314564169856,2,3,3,1.7763568394002505e-15,2707.081636399991,"[1.6798143779673067, 1.6816314564169856, 1.681058755133453]",0.0018170784496789327,0.0007407825426831513,True,False,True,False,True,failure
dgp3_N200_T100_r00000_truth2-1-1,3,200,100,0,"(2,1,1)",rank_selection_numerically_unresolved,rank_selection_numerically_unresolved: cap+1 pilot failed maintained acceptance diagnostics,not_needed_interior_fast_path,3,0,3.1661668131420805e-06,3.501481906873611e-06,9.492673937566848e-06,0.2595690401205006,0.259900244423656,3,0,0,0.0,53.23966019999352,"[0.25981619486649743, 0.25956904012050064, 0.259900244423656]",0.00033120430315536353,,True,False,True,False,False,failure
dgp3_N200_T100_r00001_truth2-1-1,3,200,100,1,"(2,1,1)",rank_selection_numerically_unresolved,rank_selection_numerically_unresolved: cap+1 pilot failed maintained acceptance diagnostics,not_needed_interior_fast_path,3,0,2.3541754428267307e-06,5.880209063371073e-06,1.5501899259192338e-05,0.2625573966686699,0.2630701521213364,3,0,0,0.0,54.60604410000087,"[0.26283289000951127, 0.26255739666866995, 0.26307015212133644]",0.0005127554526664913,,True,False,True,False,False,failure
dgp3_N200_T100_r00002_truth2-1-1,3,200,100,2,"(2,1,1)",rank_selection_numerically_unresolved,rank_selection_numerically_unresolved: cap+1 pilot failed maintained acceptance diagnostics,not_needed_interior_fast_path,3,0,3.2665704559609757e-06,4.966482538393927e-06,1.0605112551711489e-05,0.2653134111651912,0.2661280903323013,3,0,0,0.0,49.536415999988094,"[0.26612809033230134, 0.26531341116519125, 0.2653735514113009]",0.0008146791671100884,,True,False,True,False,False,failure
dgp3_N200_T200_r00000_truth1-0-2,3,200,200,0,"(1,0,2)",rank_selection_numerically_unresolved,rank_selection_numerically_unresolved: cap+1 pilot failed maintained acceptance diagnostics,not_needed_interior_fast_path,3,0,4.168399995506739e-06,5.38765539914467e-06,9.58074790939335e-06,0.3801071328771904,0.3803646584441767,3,0,0,0.0,74.9629504000186,"[0.3801823778525791, 0.38010713287719045, 0.3803646584441767]",0.00025752556698627194,,True,False,True,False,False,failure
dgp3_N200_T200_r00001_truth1-0-2,3,200,200,1,"(1,0,2)",rank_selection_numerically_unresolved,rank_selection_numerically_unresolved: cap+1 pilot failed maintained acceptance diagnostics,not_needed_interior_fast_path,3,0,3.9853873408950455e-06,6.208478046350929e-06,6.405687326238096e-06,0.3829207142790299,0.3834886540262112,3,0,0,0.0,110.71008509999956,"[0.38348865402621124, 0.3833428395164761, 0.3829207142790299]",0.0005679397471813341,,True,False,True,False,False,failure
dgp3_N200_T200_r00002_truth1-0-2,3,200,200,2,"(1,0,2)",rank_selection_numerically_unresolved,rank_selection_numerically_unresolved: cap+1 pilot failed maintained acceptance diagnostics,not_needed_interior_fast_path,3,0,2.3291346157128466e-06,4.2726991641355445e-06,6.233221632300278e-06,0.3763262346781432,0.3769551505742318,3,0,0,0.0,110.65284179999435,"[0.3763262346781432, 0.3769551505742318, 0.3766530018087825]",0.0006289158960885999,,True,False,True,False,False,failure
dgp3_N200_T200_r00000_truth1-1-1,3,200,200,0,"(1,1,1)",rank_selection_numerically_unresolved,rank_selection_numerically_unresolved: cap+1 pilot failed maintained acceptance diagnostics,not_needed_interior_fast_path,3,0,2.5922577728532958e-06,9.350851125744638e-06,1.2213801108633293e-05,1.8553810921919216,1.8580165292161823,3,0,0,0.0,75.43663650000235,"[1.8569226937615095, 1.8553810921919218, 1.8580165292161825]",0.002635437024260723,,True,False,True,False,False,failure
dgp3_N200_T200_r00001_truth1-1-1,3,200,200,1,"(1,1,1)",rank_selection_numerically_unresolved,rank_selection_numerically_unresolved: cap+1 pilot failed maintained acceptance diagnostics,success,3,1,4.244685953100477e-06,9.459234200638983e-06,2.8243473582076987e-05,1.8841883776895192,1.88940690701624,2,1,1,0.0,1269.1502466999955,"[1.8841883776895192, 1.8894069070162398, 1.8843045000773826]",0.005218529326720622,,True,False,True,False,True,failure
dgp3_N200_T200_r00002_truth1-1-1,3,200,200,2,"(1,1,1)",rank_selection_numerically_unresolved,rank_selection_numerically_unresolved: cap+1 pilot failed maintained acceptance diagnostics,success,3,1,7.942245874415755e-06,7.984975002195507e-06,3.88146511279162e-05,1.916024019271992,1.918244391943116,2,1,1,1.7763568394002505e-15,953.6259404000084,"[1.9182443919431156, 1.9160240192719917, 1.9167870082278302]",0.002220372671123849,,True,False,True,False,True,failure
dgp3_N200_T200_r00000_truth2-1-1,3,200,200,0,"(2,1,1)",rank_selection_numerically_unresolved,rank_selection_numerically_unresolved: cap+1 pilot failed maintained acceptance diagnostics,not_needed_interior_fast_path,3,0,3.9705386633795695e-06,6.0657343781292905e-06,8.335077121555031e-06,0.2979946463838148,0.2985245935887901,3,0,0,0.0,71.18974610000441,"[0.2981643956668385, 0.2979946463838148, 0.2985245935887901]",0.0005299472049752896,,True,False,True,False,False,failure
dgp3_N200_T200_r00001_truth2-1-1,3,200,200,1,"(2,1,1)",rank_selection_numerically_unresolved,rank_selection_numerically_unresolved: cap+1 pilot failed maintained acceptance diagnostics,not_needed_interior_fast_path,3,1,8.412966433070776e-07,7.253227623281768e-06,1.008633916143022e-05,0.2825127746348619,0.2832240514930486,3,0,0,0.0,72.97520099999383,"[0.28251277463486196, 0.28252132621663256, 0.28322405149304863]",0.0007112768581866713,,True,False,False,False,False,failure
dgp3_N200_T200_r00002_truth2-1-1,3,200,200,2,"(2,1,1)",rank_selection_numerically_unresolved,rank_selection_numerically_unresolved: cap+1 pilot failed maintained acceptance diagnostics,not_needed_interior_fast_path,3,0,1.642700647018359e-06,2.698600975289249e-06,6.626850389216352e-06,0.286690804930047,0.2873566052609829,3,0,0,0.0,77.5184697000077,"[0.28701108329224134, 0.28735660526098294, 0.28669080493004706]",0.000665800330935884,,True,False,True,False,False,failure
dgp4_N50_T50_r00000_truth1-0-2,4,50,50,0,"(1,0,2)",rank_selection_numerically_unresolved,rank_selection_numerically_unresolved: cap+1 pilot failed maintained acceptance diagnostics,constrained_optimality_failure,3,0,0.0001079060377989,0.0001931056672883,0.0023236392219412,0.1220055016233515,0.1273205530972666,3,3,3,1.7763568394002505e-15,567.968724300008,"[0.12410147861228896, 0.12732055309726667, 0.12200550162335151]",0.005315051473915158,,True,False,True,False,True,failure
dgp4_N50_T50_r00001_truth1-0-2,4,50,50,1,"(1,0,2)",rank_selection_numerically_unresolved,rank_selection_numerically_unresolved: cap+1 pilot failed maintained acceptance diagnostics,constrained_optimality_failure,3,1,9.774156011758857e-05,0.001034698669877,0.0044770000674502,0.1354249892702766,0.1356532840661188,2,3,3,3.552713678800501e-15,576.8263756000088,"[0.13565328406611887, 0.13556433990350966, 0.13542498927027663]",0.00022829479584224321,,True,False,True,False,True,failure
dgp4_N50_T50_r00002_truth1-0-2,4,50,50,2,"(1,0,2)",rank_selection_numerically_unresolved,rank_selection_numerically_unresolved: cap+1 pilot failed maintained acceptance diagnostics,constrained_optimality_failure,3,0,0.0004433698258625,0.0016228966186838,0.001756558153042,0.1481721022353128,0.1513012269635912,3,3,3,1.7763568394002505e-15,617.7164968999859,"[0.1481721022353128, 0.15130122696359127, 0.1496423405728941]",0.003129124728278476,,True,False,True,False,True,failure
dgp4_N50_T50_r00000_truth1-1-1,4,50,50,0,"(1,1,1)",rank_selection_numerically_unresolved,rank_selection_numerically_unresolved: cap+1 pilot failed maintained acceptance diagnostics,constrained_optimality_failure,3,0,0.0061458833012408,0.0139530013319559,0.0180611681022768,0.8385527286138041,0.885029554646428,3,3,3,1.7763568394002505e-15,945.4679805000051,"[0.8534698637918016, 0.885029554646428, 0.8385527286138041]",0.04647682603262382,,True,False,True,False,True,failure
dgp4_N50_T50_r00001_truth1-1-1,4,50,50,1,"(1,1,1)",rank_selection_numerically_unresolved,rank_selection_numerically_unresolved: cap+1 pilot failed maintained acceptance diagnostics,constrained_optimality_failure,3,0,0.0007509917300372,0.003563599495295,0.0075600495063508,0.7984531068844383,0.815721262524109,3,3,3,3.552713678800501e-15,862.8021695999996,"[0.7984531068844383, 0.815721262524109, 0.8121694764350316]",0.017268155639670768,,True,False,True,False,True,failure
dgp4_N50_T50_r00002_truth1-1-1,4,50,50,2,"(1,1,1)",rank_selection_numerically_unresolved,rank_selection_numerically_unresolved: cap+1 pilot failed maintained acceptance diagnostics,constrained_optimality_failure,3,0,0.0005347122025569,0.0007659473714534,0.0048224113448967,0.6862256358967127,0.7088560019236295,3,3,3,1.7763568394002505e-15,885.620891999999,"[0.7088560019236295, 0.703731378713133, 0.6862256358967127]",0.022630366026916815,,True,False,True,False,True,failure
dgp4_N50_T50_r00000_truth2-1-1,4,50,50,0,"(2,1,1)",rank_selection_numerically_unresolved,rank_selection_numerically_unresolved: cap+1 pilot failed maintained acceptance diagnostics,constrained_optimality_failure,3,0,0.0004927101006773,0.0005830906661247,0.00256430854785,0.1007332374317405,0.1041819866294817,3,3,3,1.7763568394002505e-15,659.0544779000047,"[0.10073323743174052, 0.10418198662948175, 0.10216312014344582]",0.003448749197741227,,True,False,True,False,True,failure
dgp4_N50_T50_r00001_truth2-1-1,4,50,50,1,"(2,1,1)",rank_selection_numerically_unresolved,rank_selection_numerically_unresolved: cap+1 pilot failed maintained acceptance diagnostics,constrained_optimality_failure,3,0,0.0009793476359851,0.0022949729793483,0.0027482628013199,0.1115022381851097,0.1129768261645289,3,3,3,1.7763568394002505e-15,724.964399799981,"[0.1115022381851097, 0.11297682616452893, 0.11261621367606767]",0.0014745879794192396,,True,False,True,False,True,failure
dgp4_N50_T50_r00002_truth2-1-1,4,50,50,2,"(2,1,1)",rank_selection_numerically_unresolved,rank_selection_numerically_unresolved: cap+1 pilot failed maintained acceptance diagnostics,constrained_optimality_failure,3,0,0.0005165583084932,0.0010113664029352,0.0016539345920679,0.1028513751999678,0.1044321329407418,3,3,3,0.0,545.1024068000115,"[0.10443213294074184, 0.10285137519996783, 0.10417710495560213]",0.0015807577407740137,,True,False,True,False,True,failure
dgp4_N100_T100_r00000_truth1-0-2,4,100,100,0,"(1,0,2)",rank_selection_numerically_unresolved,rank_selection_numerically_unresolved: cap+1 pilot failed maintained acceptance diagnostics,constrained_optimality_failure,3,0,8.840295660280855e-06,0.0001807399989129,0.0002662910652659,0.2684738629033997,0.2716067534459787,3,2,1,0.0,709.5529173999967,"[0.27160675344597873, 0.2695055792515328, 0.26847386290339975]",0.003132890542578981,,True,False,True,False,True,failure
dgp4_N100_T100_r00001_truth1-0-2,4,100,100,1,"(1,0,2)",rank_selection_numerically_unresolved,rank_selection_numerically_unresolved: cap+1 pilot failed maintained acceptance diagnostics,not_needed_interior_fast_path,3,0,1.2744834666634084e-05,3.0516395317294603e-05,3.414086551970498e-05,0.284033676623368,0.2849152535049469,3,0,0,0.0,27.98965020000469,"[0.284033676623368, 0.28491525350494695, 0.2846620586729871]",0.0008815768815789715,,True,False,True,False,False,failure
dgp4_N100_T100_r00002_truth1-0-2,4,100,100,2,"(1,0,2)",rank_selection_numerically_unresolved,rank_selection_numerically_unresolved: cap+1 pilot failed maintained acceptance diagnostics,success,3,1,1.6699510186524857e-05,2.6210845658508797e-05,8.607982827607716e-05,0.3007258001181921,0.3029740510435506,2,1,0,0.0,258.0943346000131,"[0.3029740510435506, 0.3007258001181921, 0.3020516414447665]",0.0022482509253584637,,True,False,True,False,False,failure
dgp4_N100_T100_r00000_truth1-1-1,4,100,100,0,"(1,1,1)",rank_selection_numerically_unresolved,rank_selection_numerically_unresolved: cap+1 pilot failed maintained acceptance diagnostics,constrained_optimality_failure,3,0,1.618358302940593e-05,3.213795152609243e-05,0.0008570622520027,1.1439641926720272,1.1549924467684485,3,1,1,0.0,676.4232649999976,"[1.1549924467684485, 1.1481502800991539, 1.1439641926720272]",0.011028254096421275,,True,False,True,False,False,failure
dgp4_N100_T100_r00001_truth1-1-1,4,100,100,1,"(1,1,1)",rank_selection_numerically_unresolved,rank_selection_numerically_unresolved: cap+1 pilot failed maintained acceptance diagnostics,constrained_optimality_failure,3,0,4.821782202080154e-06,0.0002322787046349,0.0006457015451151,1.0827929855493514,1.0912642327647355,3,2,2,1.7763568394002505e-15,1273.038113399998,"[1.0912642327647357, 1.0865006302565934, 1.0827929855493514]",0.008471247215384281,,True,False,True,False,True,failure
dgp4_N100_T100_r00002_truth1-1-1,4,100,100,2,"(1,1,1)",rank_selection_numerically_unresolved,rank_selection_numerically_unresolved: cap+1 pilot failed maintained acceptance diagnostics,constrained_optimality_failure,3,0,7.806963378058213e-06,5.7568270648301386e-05,0.0002652832242707,1.149645329785179,1.1554057526424684,3,1,1,1.7763568394002505e-15,623.6771883999972,"[1.149645329785179, 1.1554057526424684, 1.1521263406676576]",0.005760422857289393,,True,False,True,False,True,failure
dgp4_N100_T100_r00000_truth2-1-1,4,100,100,0,"(2,1,1)",rank_selection_numerically_unresolved,rank_selection_numerically_unresolved: cap+1 pilot failed maintained acceptance diagnostics,not_needed_interior_fast_path,3,0,4.3573880939300726e-06,6.008023092286243e-06,6.747170704952947e-06,0.2199903377294748,0.220243178134446,3,0,0,0.0,39.22006429998146,"[0.22024317813444605, 0.21999033772947488, 0.22003271448739284]",0.0002528404049711719,,True,False,True,False,False,failure
dgp4_N100_T100_r00001_truth2-1-1,4,100,100,1,"(2,1,1)",rank_selection_numerically_unresolved,rank_selection_numerically_unresolved: cap+1 pilot failed maintained acceptance diagnostics,not_needed_interior_fast_path,3,1,9.959379783088684e-07,4.8099614125576025e-06,1.0507258023090144e-05,0.2172595646259751,0.2193496251367453,3,0,0,0.0,34.03336649999255,"[0.21876661395962102, 0.21934962513674536, 0.21725956462597515]",0.0020900605107702086,,True,False,False,False,False,failure
dgp4_N100_T100_r00002_truth2-1-1,4,100,100,2,"(2,1,1)",rank_selection_numerically_unresolved,rank_selection_numerically_unresolved: cap+1 pilot failed maintained acceptance diagnostics,not_needed_interior_fast_path,3,1,7.986481029952193e-07,3.308536886595338e-06,2.291467713238058e-05,0.2210516809639724,0.2212077904845785,3,0,0,0.0,33.67631700000493,"[0.22120779048457853, 0.22107102680056906, 0.22105168096397243]",0.0001561095206061014,,True,False,False,False,False,failure
dgp4_N100_T200_r00000_truth1-0-2,4,100,200,0,"(1,0,2)",rank_selection_numerically_unresolved,rank_selection_numerically_unresolved: cap+1 pilot failed maintained acceptance diagnostics,success,3,1,1.755551726245771e-05,2.1187940914254573e-05,7.899261979889864e-05,0.3408437112037462,0.3421234593775975,2,1,0,0.0,513.9885235000111,"[0.3421234593775975, 0.3419556348151657, 0.34084371120374624]",0.0012797481738512917,,True,False,True,False,False,failure
dgp4_N100_T200_r00001_truth1-0-2,4,100,200,1,"(1,0,2)",rank_selection_numerically_unresolved,rank_selection_numerically_unresolved: cap+1 pilot failed maintained acceptance diagnostics,not_needed_interior_fast_path,3,0,4.582131952564037e-06,1.0040814164833864e-05,1.6955515792212746e-05,0.3221673018908029,0.3226761649086093,3,0,0,0.0,44.50520680000773,"[0.3221673018908029, 0.3226761649086093, 0.322307833096293]",0.0005088630178063935,,True,False,True,False,False,failure
dgp4_N100_T200_r00002_truth1-0-2,4,100,200,2,"(1,0,2)",rank_selection_numerically_unresolved,rank_selection_numerically_unresolved: cap+1 pilot failed maintained acceptance diagnostics,not_needed_interior_fast_path,3,0,2.3164696270692854e-06,9.172144531378244e-06,1.132098430522282e-05,0.3448433546155403,0.3454292796902752,3,0,0,0.0,45.32870810001623,"[0.34542927969027526, 0.34484335461554033, 0.34527075157567094]",0.0005859250747349276,,True,False,True,False,False,failure
dgp4_N100_T200_r00000_truth1-1-1,4,100,200,0,"(1,1,1)",rank_selection_numerically_unresolved,rank_selection_numerically_unresolved: cap+1 pilot failed maintained acceptance diagnostics,constrained_optimality_failure,3,1,6.219129209358789e-06,4.039147051761298e-05,0.0001228626891462,1.320891804072606,1.3212196548750963,2,2,2,1.7763568394002505e-15,1227.727951199995,"[1.3211703970565654, 1.3212196548750965, 1.3208918040726059]",0.0003278508024906479,,True,False,True,False,True,failure
dgp4_N100_T200_r00001_truth1-1-1,4,100,200,1,"(1,1,1)",rank_selection_numerically_unresolved,rank_selection_numerically_unresolved: cap+1 pilot failed maintained acceptance diagnostics,not_needed_interior_fast_path,3,0,1.1417454941828976e-05,1.1468111547816935e-05,1.4608267781703165e-05,1.2238952010127462,1.2257798393405797,3,0,0,0.0,42.9872258999967,"[1.2251350894014903, 1.2257798393405797, 1.2238952010127462]",0.0018846383278334766,,True,False,True,False,False,failure
dgp4_N100_T200_r00002_truth1-1-1,4,100,200,2,"(1,1,1)",rank_selection_numerically_unresolved,rank_selection_numerically_unresolved: cap+1 pilot failed maintained acceptance diagnostics,constrained_optimality_failure,3,1,8.309292983391551e-05,0.0007981000797691,0.00100632510506,1.3689518214626586,1.3707165954449465,3,3,3,1.7763568394002505e-15,2598.512590700004,"[1.3707165954449463, 1.3705073756515558, 1.3689518214626586]",0.0017647739822876929,,True,False,True,False,True,failure
dgp4_N100_T200_r00000_truth2-1-1,4,100,200,0,"(2,1,1)",rank_selection_numerically_unresolved,rank_selection_numerically_unresolved: cap+1 pilot failed maintained acceptance diagnostics,not_needed_interior_fast_path,3,0,6.564547741396212e-06,7.292334482931095e-06,1.144592321562258e-05,0.2393500581516019,0.2400590397645698,3,0,0,0.0,50.66589410000597,"[0.23942144450657807, 0.2400590397645698, 0.23935005815160193]",0.0007089816129678683,,True,False,True,False,False,failure
dgp4_N100_T200_r00001_truth2-1-1,4,100,200,1,"(2,1,1)",rank_selection_numerically_unresolved,rank_selection_numerically_unresolved: cap+1 pilot failed maintained acceptance diagnostics,not_needed_interior_fast_path,3,0,3.327080077290581e-06,3.6829924092923424e-06,1.8300395362208325e-05,0.2281306993220974,0.2292870362189529,3,0,0,0.0,50.42416779999621,"[0.22928703621895297, 0.22881366324811497, 0.22813069932209745]",0.0011563368968555143,,True,False,True,False,False,failure
dgp4_N100_T200_r00002_truth2-1-1,4,100,200,2,"(2,1,1)",rank_selection_numerically_unresolved,rank_selection_numerically_unresolved: cap+1 pilot failed maintained acceptance diagnostics,not_needed_interior_fast_path,3,0,3.958966033059497e-06,4.853174158321887e-06,1.0008626717357874e-05,0.2263805700708446,0.2278257715524944,3,0,0,0.0,55.6411360000202,"[0.22782577155249442, 0.2272305977078585, 0.22638057007084467]",0.001445201481649755,,True,False,True,False,False,failure
dgp4_N200_T100_r00000_truth1-0-2,4,200,100,0,"(1,0,2)",rank_selection_numerically_unresolved,rank_selection_numerically_unresolved: cap+1 pilot failed maintained acceptance diagnostics,constrained_optimality_failure,3,0,1.1704078903060464e-06,1.4012303595458167e-06,0.0006019643346578,0.3519887099889816,0.3523348980983373,3,1,1,0.0,477.07986409998557,"[0.352116881093732, 0.3519887099889816, 0.35233489809833735]",0.0003461881093557717,,True,False,True,False,False,failure
dgp4_N200_T100_r00001_truth1-0-2,4,200,100,1,"(1,0,2)",rank_selection_numerically_unresolved,rank_selection_numerically_unresolved: cap+1 pilot failed maintained acceptance diagnostics,constrained_optimality_failure,3,0,2.6314288535387272e-06,4.260882338313485e-06,0.0002833622606677,0.3418602547838331,0.3430055344848624,3,1,1,0.0,476.7450491000054,"[0.34300553448486243, 0.3418602547838331, 0.3426869756708488]",0.0011452797010293447,,True,False,True,False,False,failure
dgp4_N200_T100_r00002_truth1-0-2,4,200,100,2,"(1,0,2)",rank_selection_numerically_unresolved,rank_selection_numerically_unresolved: cap+1 pilot failed maintained acceptance diagnostics,constrained_optimality_failure,3,0,7.039970589088002e-06,1.464110148874878e-05,0.0008632075201147,0.3289362304321513,0.3303149015302354,3,1,1,0.0,535.1643789999944,"[0.32893623043215137, 0.33031490153023546, 0.32936027409317914]",0.0013786710980840944,,True,False,True,False,True,failure
dgp4_N200_T100_r00000_truth1-1-1,4,200,100,0,"(1,1,1)",rank_selection_numerically_unresolved,rank_selection_numerically_unresolved: cap+1 pilot failed maintained acceptance diagnostics,success,3,1,1.367320781106765e-05,3.144627137330222e-05,5.132511361760744e-05,1.404687707882844,1.4068263763195974,3,1,1,0.0,747.0410736000049,"[1.4068263763195974, 1.4056307863297446, 1.404687707882844]",0.002138668436753477,,True,False,True,False,True,failure
dgp4_N200_T100_r00001_truth1-1-1,4,200,100,1,"(1,1,1)",rank_selection_numerically_unresolved,rank_selection_numerically_unresolved: cap+1 pilot failed maintained acceptance diagnostics,success,3,1,5.3612995185713305e-06,1.7885177080203025e-05,4.5073730862688085e-05,1.4554385708243172,1.4571538184434925,2,1,1,0.0,788.7001624999903,"[1.4554385708243172, 1.4568856058924513, 1.4571538184434925]",0.0017152476191752974,,True,False,True,False,True,failure
dgp4_N200_T100_r00002_truth1-1-1,4,200,100,2,"(1,1,1)",rank_selection_numerically_unresolved,rank_selection_numerically_unresolved: cap+1 pilot failed maintained acceptance diagnostics,constrained_optimality_failure,3,1,7.367986323954664e-06,5.775040805953652e-05,0.0004099115510757,1.411411715006308,1.412259109748384,2,2,1,1.7763568394002505e-15,1809.2228182000035,"[1.4114117150063081, 1.412259109748384, 1.4119693183135997]",0.0008473947420759576,,True,False,True,False,True,failure
dgp4_N200_T100_r00000_truth2-1-1,4,200,100,0,"(2,1,1)",rank_selection_numerically_unresolved,rank_selection_numerically_unresolved: cap+1 pilot failed maintained acceptance diagnostics,not_needed_interior_fast_path,3,0,2.275041948478236e-06,8.457717093664756e-06,8.683278262980766e-06,0.2570402909887778,0.2585811548483676,3,0,0,0.0,63.14286330001778,"[0.2585811548483676, 0.2570402909887778, 0.25782306012210476]",0.0015408638595897917,,True,False,True,False,False,failure
dgp4_N200_T100_r00001_truth2-1-1,4,200,100,1,"(2,1,1)",rank_selection_numerically_unresolved,rank_selection_numerically_unresolved: cap+1 pilot failed maintained acceptance diagnostics,not_needed_interior_fast_path,3,0,1.2834200816539475e-06,8.34398758747373e-06,2.3451038292933087e-05,0.2433486301027424,0.2445255149186225,3,0,0,0.0,62.78702630002226,"[0.24369860029203483, 0.24452551491862254, 0.24334863010274244]",0.0011768848158801026,,True,False,True,False,False,failure
dgp4_N200_T100_r00002_truth2-1-1,4,200,100,2,"(2,1,1)",rank_selection_numerically_unresolved,rank_selection_numerically_unresolved: cap+1 pilot failed maintained acceptance diagnostics,not_needed_interior_fast_path,3,0,1.2863012195409637e-06,2.304083429883438e-06,2.665997527466242e-06,0.2515051984258627,0.2523608681341212,3,0,0,0.0,63.17886560001352,"[0.2519077439852426, 0.2515051984258627, 0.25236086813412123]",0.0008556697082585107,,True,False,True,False,False,failure
dgp4_N200_T200_r00000_truth1-0-2,4,200,200,0,"(1,0,2)",rank_selection_numerically_unresolved,rank_selection_numerically_unresolved: cap+1 pilot failed maintained acceptance diagnostics,not_needed_interior_fast_path,3,0,4.213395241223793e-06,4.731479278084925e-06,5.363851721991328e-06,0.3839651555947719,0.3845105076437861,3,0,0,0.0,68.16520909998508,"[0.3843353995989551, 0.3839651555947719, 0.38451050764378614]",0.0005453520490142361,,True,False,True,False,False,failure
dgp4_N200_T200_r00001_truth1-0-2,4,200,200,1,"(1,0,2)",rank_selection_numerically_unresolved,rank_selection_numerically_unresolved: cap+1 pilot failed maintained acceptance diagnostics,not_needed_interior_fast_path,3,0,2.8636930870721768e-06,3.5473473554782185e-06,6.547752221539511e-06,0.3890854723649286,0.3891585740401898,3,0,0,0.0,68.34808989998419,"[0.3890854723649286, 0.38915857404018983, 0.38914021605716587]",7.310167526125566e-05,,True,False,True,False,False,failure
dgp4_N200_T200_r00002_truth1-0-2,4,200,200,2,"(1,0,2)",rank_selection_numerically_unresolved,rank_selection_numerically_unresolved: cap+1 pilot failed maintained acceptance diagnostics,not_needed_interior_fast_path,3,0,5.739659303859716e-06,6.707678138949265e-06,1.0818606169940605e-05,0.3886707665171809,0.3898564831897677,3,0,0,0.0,66.88685929999338,"[0.38985648318976773, 0.38894991078222946, 0.3886707665171809]",0.001185716672586823,,True,False,True,False,False,failure
dgp4_N200_T200_r00000_truth1-1-1,4,200,200,0,"(1,1,1)",rank_selection_numerically_unresolved,rank_selection_numerically_unresolved: cap+1 pilot failed maintained acceptance diagnostics,constrained_optimality_failure,3,0,3.4125629370136464e-06,4.7274984079028565e-06,0.0007999212289899,1.5550299992549397,1.559773719822702,3,1,0,0.0,1973.5112809000054,"[1.5550299992549397, 1.5569658716361126, 1.559773719822702]",0.0047437205677622885,,True,False,True,False,False,failure
dgp4_N200_T200_r00001_truth1-1-1,4,200,200,1,"(1,1,1)",rank_selection_numerically_unresolved,rank_selection_numerically_unresolved: cap+1 pilot failed maintained acceptance diagnostics,constrained_optimality_failure,3,0,1.2340529823741432e-06,6.4367940951595965e-06,0.0001066555379291,1.5664077590624852,1.568467731952804,3,1,1,0.0,1597.951534199994,"[1.5664934636817611, 1.5664077590624852, 1.568467731952804]",0.002059972890318784,,True,False,True,False,True,failure
dgp4_N200_T200_r00002_truth1-1-1,4,200,200,2,"(1,1,1)",rank_selection_numerically_unresolved,rank_selection_numerically_unresolved: cap+1 pilot failed maintained acceptance diagnostics,not_needed_interior_fast_path,3,1,4.3159768306908717e-07,3.941834614452075e-06,7.496976501304588e-06,1.5461636956567808,1.5470549783718286,3,0,0,0.0,72.56050850000611,"[1.5465406555744237, 1.5470549783718286, 1.5461636956567808]",0.000891282715047792,,True,False,False,False,False,failure
dgp4_N200_T200_r00000_truth2-1-1,4,200,200,0,"(2,1,1)",rank_selection_numerically_unresolved,rank_selection_numerically_unresolved: cap+1 pilot failed maintained acceptance diagnostics,not_needed_interior_fast_path,3,1,5.045175520424837e-07,1.4869790146190909e-06,6.179020559108347e-06,0.2740694856985076,0.2743812783722568,3,0,0,0.0,74.04924779997964,"[0.2740694856985076, 0.2741444372459135, 0.27438127837225684]",0.000311792673749256,,True,False,False,False,False,failure
dgp4_N200_T200_r00001_truth2-1-1,4,200,200,1,"(2,1,1)",rank_selection_numerically_unresolved,rank_selection_numerically_unresolved: cap+1 pilot failed maintained acceptance diagnostics,not_needed_interior_fast_path,3,0,3.07597183692775e-06,7.195526625587108e-06,1.3682336607709622e-05,0.2810305464642857,0.2812318908300733,3,0,0,0.0,74.01823900001182,"[0.28103054646428577, 0.28123189083007333, 0.28109366609591097]",0.0002013443657875591,,True,False,True,False,False,failure
dgp4_N200_T200_r00002_truth2-1-1,4,200,200,2,"(2,1,1)",rank_selection_numerically_unresolved,rank_selection_numerically_unresolved: cap+1 pilot failed maintained acceptance diagnostics,not_needed_interior_fast_path,3,0,1.1860268631774056e-06,1.5757255762636511e-06,2.7920063929528054e-06,0.282293011666121,0.2829985647003858,3,0,0,0.0,74.1025820000068,"[0.2827493769917177, 0.282293011666121, 0.28299856470038587]",0.0007055530342648941,,True,False,True,False,False,failure
