record_type,run_id,dgp,N,T,replication,method,target,primary_status,status,completed_dgp_replication,point_estimate_valid,inference_valid,retained_for_bias_rmse,retained_for_coverage,retained_for_rejection,supplied_rank_vector,selected_rank_vector,cap_pilot_rank,candidate_coverage,rank_selection_diagnostics,expected_fit_count,semantic_replication_id,dgp_realization_hash,replication_runtime_seconds,exception_type,exception_message,unconstrained_outside_box,constrained_fallback_used,boundary_active,constrained_solver_status
replication,beb5729f4f89ab13,1,100,100,0,selected_rank,__replication__,rank_selection_numerically_unresolved,rank_selection_numerically_unresolved,True,False,False,False,False,False,,,,,,3,dgp1_N100_T100_r00000_truth1-0-2,9766e2d04bba4ea73295d9307840acdf518eb9ba84af88a66687a0a835c8322e,338.36692299999413,,rank_selection_numerically_unresolved: cap+1 pilot failed maintained acceptance diagnostics,True,True,True,constrained_optimality_failure
replication,beb5729f4f89ab13,1,100,100,1,selected_rank,__replication__,rank_selection_numerically_unresolved,rank_selection_numerically_unresolved,True,False,False,False,False,False,,,,,,3,dgp1_N100_T100_r00001_truth1-0-2,7b69bf41702fcc0ca385c96cf5dba31a9b71a65e15c3e5031a2a556343b83cf0,1361.7725578999962,,rank_selection_numerically_unresolved: cap+1 pilot failed maintained acceptance diagnostics,True,True,True,constrained_optimality_failure
replication,beb5729f4f89ab13,1,100,100,2,selected_rank,__replication__,rank_selection_numerically_unresolved,rank_selection_numerically_unresolved,True,False,False,False,False,False,,,,,,3,dgp1_N100_T100_r00002_truth1-0-2,7774159d2fedc01d9f59081b6e3660a2eb1b2d6624c0a6a7b122695d67b9eabe,491.68952629998967,,rank_selection_numerically_unresolved: cap+1 pilot failed maintained acceptance diagnostics,True,True,False,constrained_optimality_failure
replication,beb5729f4f89ab13,1,100,100,0,selected_rank,__replication__,rank_selection_numerically_unresolved,rank_selection_numerically_unresolved,True,False,False,False,False,False,,,,,,3,dgp1_N100_T100_r00000_truth1-1-1,eb07f996364de1bfaa59a3df551ab1ae0e5f65c9dfd730a69fc9a024a46be45b,1314.0418174000006,,rank_selection_numerically_unresolved: cap+1 pilot failed maintained acceptance diagnostics,True,True,True,constrained_optimality_failure
replication,beb5729f4f89ab13,1,100,100,1,selected_rank,__replication__,rank_selection_numerically_unresolved,rank_selection_numerically_unresolved,True,False,False,False,False,False,,,,,,3,dgp1_N100_T100_r00001_truth1-1-1,33500f07704812bda31d0bc87952c5fb9ae0bac6780717e5aea373cebdb9fa68,2069.8190413999982,,rank_selection_numerically_unresolved: cap+1 pilot failed maintained acceptance diagnostics,True,True,True,constrained_optimality_failure
replication,beb5729f4f89ab13,1,100,100,2,selected_rank,__replication__,rank_selection_numerically_unresolved,rank_selection_numerically_unresolved,True,False,False,False,False,False,,,,,,3,dgp1_N100_T100_r00002_truth1-1-1,26d31eebc7b268b8c547538a47adf9d5dcaff199955d152464698e8cddef4e1e,1850.9599105000016,,rank_selection_numerically_unresolved: cap+1 pilot failed maintained acceptance diagnostics,True,True,True,constrained_optimality_failure
replication,beb5729f4f89ab13,1,100,100,0,selected_rank,__replication__,rank_selection_numerically_unresolved,rank_selection_numerically_unresolved,True,False,False,False,False,False,,,,,,3,dgp1_N100_T100_r00000_truth2-1-1,427ee2ae0fb648f231972a4140cf35b9e296c43b91f73d72dff6c1152cbbac14,33.279192699992564,,rank_selection_numerically_unresolved: cap+1 pilot failed maintained acceptance diagnostics,False,False,False,not_needed_interior_fast_path
replication,beb5729f4f89ab13,1,100,100,1,selected_rank,__replication__,rank_selection_numerically_unresolved,rank_selection_numerically_unresolved,True,False,False,False,False,False,,,,,,3,dgp1_N100_T100_r00001_truth2-1-1,4618242182f3e54e8940fd5f2068d5e070333bf1ef1df03db76c59486514f1d4,29.899656399997184,,rank_selection_numerically_unresolved: cap+1 pilot failed maintained acceptance diagnostics,False,False,False,not_needed_interior_fast_path
replication,beb5729f4f89ab13,1,100,100,2,selected_rank,__replication__,rank_selection_numerically_unresolved,rank_selection_numerically_unresolved,True,False,False,False,False,False,,,,,,3,dgp1_N100_T100_r00002_truth2-1-1,324b9ebd1813b3dcc1303de730da441f7a946180874e9b32e807b8ddb18a3ab2,386.47112640000705,,rank_selection_numerically_unresolved: cap+1 pilot failed maintained acceptance diagnostics,True,True,True,constrained_optimality_failure
replication,beb5729f4f89ab13,1,100,200,0,selected_rank,__replication__,rank_selection_numerically_unresolved,rank_selection_numerically_unresolved,True,False,False,False,False,False,,,,,,3,dgp1_N100_T200_r00000_truth1-0-2,2c63f202bfcd46db371e5a58c978e17499aac96eafe76e38a51d428d6616513d,658.2057288999931,,rank_selection_numerically_unresolved: cap+1 pilot failed maintained acceptance diagnostics,True,True,True,constrained_optimality_failure
replication,beb5729f4f89ab13,1,100,200,1,selected_rank,__replication__,rank_selection_numerically_unresolved,rank_selection_numerically_unresolved,True,False,False,False,False,False,,,,,,3,dgp1_N100_T200_r00001_truth1-0-2,49412d70342f7621fac939d7703a21529cf5e6332d2679190e4af842b603cb54,47.703263200004585,,rank_selection_numerically_unresolved: cap+1 pilot failed maintained acceptance diagnostics,False,False,False,not_needed_interior_fast_path
replication,beb5729f4f89ab13,1,100,200,2,selected_rank,__replication__,rank_selection_numerically_unresolved,rank_selection_numerically_unresolved,True,False,False,False,False,False,,,,,,3,dgp1_N100_T200_r00002_truth1-0-2,0c365305d4e6f190d3a2fb39b7c267a3b9d00b8cb1be29cee4c3ace93894af91,46.731957399999374,,rank_selection_numerically_unresolved: cap+1 pilot failed maintained acceptance diagnostics,False,False,False,not_needed_interior_fast_path
replication,beb5729f4f89ab13,1,100,200,0,selected_rank,__replication__,rank_selection_numerically_unresolved,rank_selection_numerically_unresolved,True,False,False,False,False,False,,,,,,3,dgp1_N100_T200_r00000_truth1-1-1,b86ded7ea99bfd8662fdd52592499006c2e92bb985b26182fd7bd830a2a1e702,3471.824657799996,,rank_selection_numerically_unresolved: cap+1 pilot failed maintained acceptance diagnostics,True,True,True,constrained_optimality_failure
replication,beb5729f4f89ab13,1,100,200,1,selected_rank,__replication__,rank_selection_numerically_unresolved,rank_selection_numerically_unresolved,True,False,False,False,False,False,,,,,,3,dgp1_N100_T200_r00001_truth1-1-1,80e1fc64c442686377e622f96c04acf5e382969c56217fb1602da817ea4d1a21,1245.4686828999984,,rank_selection_numerically_unresolved: cap+1 pilot failed maintained acceptance diagnostics,True,True,True,constrained_optimality_failure
replication,beb5729f4f89ab13,1,100,200,2,selected_rank,__replication__,rank_selection_numerically_unresolved,rank_selection_numerically_unresolved,True,False,False,False,False,False,,,,,,3,dgp1_N100_T200_r00002_truth1-1-1,539271aeee9232db80d08b3e9f6290b2bd597b7ddc8d74c5e3f4616e309b224e,1208.9078219000003,,rank_selection_numerically_unresolved: cap+1 pilot failed maintained acceptance diagnostics,True,True,True,success
replication,beb5729f4f89ab13,1,100,200,0,selected_rank,__replication__,rank_selection_numerically_unresolved,rank_selection_numerically_unresolved,True,False,False,False,False,False,,,,,,3,dgp1_N100_T200_r00000_truth2-1-1,9f674841a2734c9228b38af025420855b534a4175742e1fcd0de2318bc4bda69,479.24736459999986,,rank_selection_numerically_unresolved: cap+1 pilot failed maintained acceptance diagnostics,True,True,True,success
replication,beb5729f4f89ab13,1,100,200,1,selected_rank,__replication__,rank_selection_numerically_unresolved,rank_selection_numerically_unresolved,True,False,False,False,False,False,,,,,,3,dgp1_N100_T200_r00001_truth2-1-1,6cfece194b0df26b794f5cccfc6351cc37cb9994d0b03ecf30fb364454d1b3a7,48.68047110000043,,rank_selection_numerically_unresolved: cap+1 pilot failed maintained acceptance diagnostics,False,False,False,not_needed_interior_fast_path
replication,beb5729f4f89ab13,1,100,200,2,selected_rank,__replication__,rank_selection_numerically_unresolved,rank_selection_numerically_unresolved,True,False,False,False,False,False,,,,,,3,dgp1_N100_T200_r00002_truth2-1-1,e49e07ff5e2e0f91c7d98933f92930dcc11784560107cafc2f66a28a8eafa4ae,48.86926500000118,,rank_selection_numerically_unresolved: cap+1 pilot failed maintained acceptance diagnostics,False,False,False,not_needed_interior_fast_path
replication,beb5729f4f89ab13,1,200,100,0,selected_rank,__replication__,rank_selection_numerically_unresolved,rank_selection_numerically_unresolved,True,False,False,False,False,False,,,,,,3,dgp1_N200_T100_r00000_truth1-0-2,4c41c6d73413eab9abdff7d176ee22212d8e9839a2ec7834d17710ea14929374,162.6038253000006,,rank_selection_numerically_unresolved: cap+1 pilot failed maintained acceptance diagnostics,True,True,True,success
replication,beb5729f4f89ab13,1,200,100,1,selected_rank,__replication__,rank_selection_numerically_unresolved,rank_selection_numerically_unresolved,True,False,False,False,False,False,,,,,,3,dgp1_N200_T100_r00001_truth1-0-2,ea2519709ea7cc78254b1116ce012d67870d1ccd39c6dd376a129133e1a1a6c5,47.203835400010576,,rank_selection_numerically_unresolved: cap+1 pilot failed maintained acceptance diagnostics,False,False,False,not_needed_interior_fast_path
replication,beb5729f4f89ab13,1,200,100,2,selected_rank,__replication__,rank_selection_numerically_unresolved,rank_selection_numerically_unresolved,True,False,False,False,False,False,,,,,,3,dgp1_N200_T100_r00002_truth1-0-2,8eea512602fe7eb7a0488edea8005eb77cf9ce3ae6b547c4d3e819b9458e508d,883.2765835000027,,rank_selection_numerically_unresolved: cap+1 pilot failed maintained acceptance diagnostics,True,True,False,constrained_optimality_failure
replication,beb5729f4f89ab13,1,200,100,0,selected_rank,__replication__,rank_selection_numerically_unresolved,rank_selection_numerically_unresolved,True,False,False,False,False,False,,,,,,3,dgp1_N200_T100_r00000_truth1-1-1,7c51149b5ba9ebbd5f734f03f0516a1f689aceef853ed41db0d3a00595d6a6eb,1395.122744799999,,rank_selection_numerically_unresolved: cap+1 pilot failed maintained acceptance diagnostics,True,True,True,constrained_optimality_failure
replication,beb5729f4f89ab13,1,200,100,1,selected_rank,__replication__,rank_selection_numerically_unresolved,rank_selection_numerically_unresolved,True,False,False,False,False,False,,,,,,3,dgp1_N200_T100_r00001_truth1-1-1,4a7bfecdc9fbb5c99e925b3563e9cffe1f59290c904eb0b0cf48524a753c9dd8,3072.9547821000015,,rank_selection_numerically_unresolved: cap+1 pilot failed maintained acceptance diagnostics,True,True,True,success
replication,beb5729f4f89ab13,1,200,100,2,selected_rank,__replication__,rank_selection_numerically_unresolved,rank_selection_numerically_unresolved,True,False,False,False,False,False,,,,,,3,dgp1_N200_T100_r00002_truth1-1-1,3b67976e2e3bb5b54f6d1a527edd2ecc21fe90874e8e4672d1e4e425df6e68e0,2112.7982956999986,,rank_selection_numerically_unresolved: cap+1 pilot failed maintained acceptance diagnostics,True,True,True,success
replication,beb5729f4f89ab13,1,200,100,0,selected_rank,__replication__,rank_selection_numerically_unresolved,rank_selection_numerically_unresolved,True,False,False,False,False,False,,,,,,3,dgp1_N200_T100_r00000_truth2-1-1,a17207675ce7fcba1c584c75ed4e01ac5a09be4775c8aecce0bcd7ee4aeca6cf,48.38168869999936,,rank_selection_numerically_unresolved: cap+1 pilot failed maintained acceptance diagnostics,False,False,False,not_needed_interior_fast_path
replication,beb5729f4f89ab13,1,200,100,1,selected_rank,__replication__,rank_selection_numerically_unresolved,rank_selection_numerically_unresolved,True,False,False,False,False,False,,,,,,3,dgp1_N200_T100_r00001_truth2-1-1,bcc04f16b887d5729f500266f9ad780aa857ddb73e1ef79ab4b6ceda1f916b22,45.141811300010886,,rank_selection_numerically_unresolved: cap+1 pilot failed maintained acceptance diagnostics,False,False,False,not_needed_interior_fast_path
replication,beb5729f4f89ab13,1,200,100,2,selected_rank,__replication__,rank_selection_numerically_unresolved,rank_selection_numerically_unresolved,True,False,False,False,False,False,,,,,,3,dgp1_N200_T100_r00002_truth2-1-1,c9eefdd30f3b9e6d4b6703bab506e5da40d5453d9e5f39d65859c9746a38402f,44.93542969999544,,rank_selection_numerically_unresolved: cap+1 pilot failed maintained acceptance diagnostics,False,False,False,not_needed_interior_fast_path
replication,beb5729f4f89ab13,1,200,200,0,selected_rank,__replication__,rank_selection_numerically_unresolved,rank_selection_numerically_unresolved,True,False,False,False,False,False,,,,,,3,dgp1_N200_T200_r00000_truth1-0-2,a1c4391452565bc84eacbe52e03f7d647686cef22036eab449c7c5596ce2f433,83.20730509998975,,rank_selection_numerically_unresolved: cap+1 pilot failed maintained acceptance diagnostics,False,False,False,not_needed_interior_fast_path
replication,beb5729f4f89ab13,1,200,200,1,selected_rank,__replication__,rank_selection_numerically_unresolved,rank_selection_numerically_unresolved,True,False,False,False,False,False,,,,,,3,dgp1_N200_T200_r00001_truth1-0-2,4a820aaa114840da4a2bb1ffa76e80b317f1159af1634458314a46973bc23b2b,75.22725650000211,,rank_selection_numerically_unresolved: cap+1 pilot failed maintained acceptance diagnostics,False,False,False,not_needed_interior_fast_path
replication,beb5729f4f89ab13,1,200,200,2,selected_rank,__replication__,rank_selection_numerically_unresolved,rank_selection_numerically_unresolved,True,False,False,False,False,False,,,,,,3,dgp1_N200_T200_r00002_truth1-0-2,625e87e47b6f510c732e69a2d44d5bc39a0f0b0d39a7a1c15d69e5da02a9fc21,68.88488349999534,,rank_selection_numerically_unresolved: cap+1 pilot failed maintained acceptance diagnostics,False,False,False,not_needed_interior_fast_path
replication,beb5729f4f89ab13,1,200,200,0,selected_rank,__replication__,rank_selection_numerically_unresolved,rank_selection_numerically_unresolved,True,False,False,False,False,False,,,,,,3,dgp1_N200_T200_r00000_truth1-1-1,bdc37c94860ec3faa784ecaa7b80c989b9faf8dc20aa3a453ebe221af6664836,60.44461299999966,,rank_selection_numerically_unresolved: cap+1 pilot failed maintained acceptance diagnostics,False,False,False,not_needed_interior_fast_path
replication,beb5729f4f89ab13,1,200,200,1,selected_rank,__replication__,rank_selection_numerically_unresolved,rank_selection_numerically_unresolved,True,False,False,False,False,False,,,,,,3,dgp1_N200_T200_r00001_truth1-1-1,61f8f87f37fe890d43feee69b857673a9ddf30491bccaef72afc756293727562,61.25863460000255,,rank_selection_numerically_unresolved: cap+1 pilot failed maintained acceptance diagnostics,False,False,False,not_needed_interior_fast_path
replication,beb5729f4f89ab13,1,200,200,2,selected_rank,__replication__,rank_selection_numerically_unresolved,rank_selection_numerically_unresolved,True,False,False,False,False,False,,,,,,3,dgp1_N200_T200_r00002_truth1-1-1,8a5067830d10ee7292df7d7ff078fda1ff0e614fb2c2a888210ffc1fdb1a666e,61.872133000004396,,rank_selection_numerically_unresolved: cap+1 pilot failed maintained acceptance diagnostics,False,False,False,not_needed_interior_fast_path
replication,beb5729f4f89ab13,1,200,200,0,selected_rank,__replication__,rank_selection_numerically_unresolved,rank_selection_numerically_unresolved,True,False,False,False,False,False,,,,,,3,dgp1_N200_T200_r00000_truth2-1-1,20469c9df1adb4b1127da604e11905e426f37a941f8a3d3f520884ed16d47c35,69.65897070000938,,rank_selection_numerically_unresolved: cap+1 pilot failed maintained acceptance diagnostics,False,False,False,not_needed_interior_fast_path
replication,beb5729f4f89ab13,1,200,200,1,selected_rank,__replication__,rank_selection_numerically_unresolved,rank_selection_numerically_unresolved,True,False,False,False,False,False,,,,,,3,dgp1_N200_T200_r00001_truth2-1-1,b17032203ef5f86d9c2eb9eb323cc1c700082a365d4c7430cc8a2de3ca76e6fb,69.55092510000395,,rank_selection_numerically_unresolved: cap+1 pilot failed maintained acceptance diagnostics,False,False,False,not_needed_interior_fast_path
replication,beb5729f4f89ab13,1,200,200,2,selected_rank,__replication__,rank_selection_numerically_unresolved,rank_selection_numerically_unresolved,True,False,False,False,False,False,,,,,,3,dgp1_N200_T200_r00002_truth2-1-1,f944481cbe9d21dc499f3811236c3da716d980c2abf644a47e1ef0b22fcf223a,68.2497846000042,,rank_selection_numerically_unresolved: cap+1 pilot failed maintained acceptance diagnostics,False,False,False,not_needed_interior_fast_path
replication,beb5729f4f89ab13,1,50,50,0,selected_rank,__replication__,rank_selection_numerically_unresolved,rank_selection_numerically_unresolved,True,False,False,False,False,False,,,,,,3,dgp1_N50_T50_r00000_truth1-0-2,ba7ed36a79c035a4068be3db80558214b11a91abeb02be2ab06e535d127b477d,823.2293321000034,,rank_selection_numerically_unresolved: cap+1 pilot failed maintained acceptance diagnostics,True,True,True,constrained_optimality_failure
replication,beb5729f4f89ab13,1,50,50,1,selected_rank,__replication__,rank_selection_numerically_unresolved,rank_selection_numerically_unresolved,True,False,False,False,False,False,,,,,,3,dgp1_N50_T50_r00001_truth1-0-2,2c266dd76035044b95b2d9963f84552853901739aac195b29a9a076ab7fbd42b,649.0855222999962,,rank_selection_numerically_unresolved: cap+1 pilot failed maintained acceptance diagnostics,True,True,True,constrained_optimality_failure
replication,beb5729f4f89ab13,1,50,50,2,selected_rank,__replication__,rank_selection_numerically_unresolved,rank_selection_numerically_unresolved,True,False,False,False,False,False,,,,,,3,dgp1_N50_T50_r00002_truth1-0-2,00bae92ad7a5f61ca7b412c7228d59f7a908227ad75104ee1724438dfd366d61,622.1936131000111,,rank_selection_numerically_unresolved: cap+1 pilot failed maintained acceptance diagnostics,True,True,True,constrained_optimality_failure
replication,beb5729f4f89ab13,1,50,50,0,selected_rank,__replication__,rank_selection_numerically_unresolved,rank_selection_numerically_unresolved,True,False,False,False,False,False,,,,,,3,dgp1_N50_T50_r00000_truth1-1-1,37c361870d7cd86f74c8816035fda96c1ac1edf891af94c00cda70de72187254,890.5018272000016,,rank_selection_numerically_unresolved: cap+1 pilot failed maintained acceptance diagnostics,True,True,True,constrained_optimality_failure
replication,beb5729f4f89ab13,1,50,50,1,selected_rank,__replication__,rank_selection_numerically_unresolved,rank_selection_numerically_unresolved,True,False,False,False,False,False,,,,,,3,dgp1_N50_T50_r00001_truth1-1-1,5234d58bddf64ea9bbaa348da120729fdc525badd5f1a3cdc1c1aa1084f3c0d2,934.3781468000016,,rank_selection_numerically_unresolved: cap+1 pilot failed maintained acceptance diagnostics,True,True,True,constrained_optimality_failure
replication,beb5729f4f89ab13,1,50,50,2,selected_rank,__replication__,rank_selection_numerically_unresolved,rank_selection_numerically_unresolved,True,False,False,False,False,False,,,,,,3,dgp1_N50_T50_r00002_truth1-1-1,60524f1113dfb9bd0797f4424951cb3fa7700e1fbc537cb4aab7cbe883b7982d,967.8513424000048,,rank_selection_numerically_unresolved: cap+1 pilot failed maintained acceptance diagnostics,True,True,True,constrained_optimality_failure
replication,beb5729f4f89ab13,1,50,50,0,selected_rank,__replication__,rank_selection_numerically_unresolved,rank_selection_numerically_unresolved,True,False,False,False,False,False,,,,,,3,dgp1_N50_T50_r00000_truth2-1-1,1462fc4f9c8ea33b5cf9b9126ee4122396880dbd733ad6379be085c4b307d24c,753.0934039999993,,rank_selection_numerically_unresolved: cap+1 pilot failed maintained acceptance diagnostics,True,True,True,constrained_optimality_failure
replication,beb5729f4f89ab13,1,50,50,1,selected_rank,__replication__,rank_selection_numerically_unresolved,rank_selection_numerically_unresolved,True,False,False,False,False,False,,,,,,3,dgp1_N50_T50_r00001_truth2-1-1,d8109b63072b32e86aa9531831f0025bdb913e47a4cdc4738af29bda57d29933,669.3352734999935,,rank_selection_numerically_unresolved: cap+1 pilot failed maintained acceptance diagnostics,True,True,True,constrained_optimality_failure
replication,beb5729f4f89ab13,1,50,50,2,selected_rank,__replication__,rank_selection_numerically_unresolved,rank_selection_numerically_unresolved,True,False,False,False,False,False,,,,,,3,dgp1_N50_T50_r00002_truth2-1-1,912e417f842cb279fde2d13c453e7a563162c412413397445e076aa238735a42,500.08046450000256,,rank_selection_numerically_unresolved: cap+1 pilot failed maintained acceptance diagnostics,True,True,True,constrained_optimality_failure
replication,beb5729f4f89ab13,2,100,100,0,selected_rank,__replication__,rank_selection_numerically_unresolved,rank_selection_numerically_unresolved,True,False,False,False,False,False,,,,,,3,dgp2_N100_T100_r00000_truth1-0-2,cca8127d10f5bf1b4ba96be177ddafe1cb8b744838fb090a353d52182a930342,409.74249819999386,,rank_selection_numerically_unresolved: cap+1 pilot failed maintained acceptance diagnostics,True,True,True,constrained_optimality_failure
replication,beb5729f4f89ab13,2,100,100,1,selected_rank,__replication__,rank_selection_numerically_unresolved,rank_selection_numerically_unresolved,True,False,False,False,False,False,,,,,,3,dgp2_N100_T100_r00001_truth1-0-2,c8cc760a59af7e7d1a670c0937691da9ff7fe0f5ddb5a54b71127e1f9e47143e,449.3988376999914,,rank_selection_numerically_unresolved: cap+1 pilot failed maintained acceptance diagnostics,True,True,False,constrained_optimality_failure
replication,beb5729f4f89ab13,2,100,100,2,selected_rank,__replication__,rank_selection_numerically_unresolved,rank_selection_numerically_unresolved,True,False,False,False,False,False,,,,,,3,dgp2_N100_T100_r00002_truth1-0-2,e7bb0fc373c6d9bd1bde637256a5e99d3b2ac7206fe65249062755bcfc4ab502,37.12367329999688,,rank_selection_numerically_unresolved: cap+1 pilot failed maintained acceptance diagnostics,False,False,False,not_needed_interior_fast_path
replication,beb5729f4f89ab13,2,100,100,0,selected_rank,__replication__,rank_selection_numerically_unresolved,rank_selection_numerically_unresolved,True,False,False,False,False,False,,,,,,3,dgp2_N100_T100_r00000_truth1-1-1,6888a4d45396a73291d84d9fa449ba78a9b855261cbf3b55832ed473f39069dc,2077.9702851999973,,rank_selection_numerically_unresolved: cap+1 pilot failed maintained acceptance diagnostics,True,True,True,constrained_optimality_failure
replication,beb5729f4f89ab13,2,100,100,1,selected_rank,__replication__,rank_selection_numerically_unresolved,rank_selection_numerically_unresolved,True,False,False,False,False,False,,,,,,3,dgp2_N100_T100_r00001_truth1-1-1,81ffaf02699b9efbbc281b6ef5abdf19271ecfd21f842bd7b07a85231e07701a,826.7981400999997,,rank_selection_numerically_unresolved: cap+1 pilot failed maintained acceptance diagnostics,True,True,True,constrained_optimality_failure
replication,beb5729f4f89ab13,2,100,100,2,selected_rank,__replication__,rank_selection_numerically_unresolved,rank_selection_numerically_unresolved,True,False,False,False,False,False,,,,,,3,dgp2_N100_T100_r00002_truth1-1-1,0e7ab7cc50766574cbd955915c9a95e5a2cc64030d01502d264f0f8996e75079,32.408229399996344,,rank_selection_numerically_unresolved: cap+1 pilot failed maintained acceptance diagnostics,False,False,False,not_needed_interior_fast_path
replication,beb5729f4f89ab13,2,100,100,0,selected_rank,__replication__,rank_selection_numerically_unresolved,rank_selection_numerically_unresolved,True,False,False,False,False,False,,,,,,3,dgp2_N100_T100_r00000_truth2-1-1,cfb7586796831989198ad9ddb3d953206a5ab992c108e6ec1008f6f8e139e45f,511.1722540999908,,rank_selection_numerically_unresolved: cap+1 pilot failed maintained acceptance diagnostics,True,True,True,constrained_optimality_failure
replication,beb5729f4f89ab13,2,100,100,1,selected_rank,__replication__,rank_selection_numerically_unresolved,rank_selection_numerically_unresolved,True,False,False,False,False,False,,,,,,3,dgp2_N100_T100_r00001_truth2-1-1,682aefd9796645100b4381fd22e78e3cb46e4a1568cd83165e5044d12953b5f8,545.4534276000049,,rank_selection_numerically_unresolved: cap+1 pilot failed maintained acceptance diagnostics,True,True,False,constrained_optimality_failure
replication,beb5729f4f89ab13,2,100,100,2,selected_rank,__replication__,rank_selection_numerically_unresolved,rank_selection_numerically_unresolved,True,False,False,False,False,False,,,,,,3,dgp2_N100_T100_r00002_truth2-1-1,a1494c2afa3b76e89ea036d50cc91299687670316e7f5db5139b5fb16f8e68f9,33.27462179999566,,rank_selection_numerically_unresolved: cap+1 pilot failed maintained acceptance diagnostics,False,False,False,not_needed_interior_fast_path
replication,beb5729f4f89ab13,2,100,200,0,selected_rank,__replication__,rank_selection_numerically_unresolved,rank_selection_numerically_unresolved,True,False,False,False,False,False,,,,,,3,dgp2_N100_T200_r00000_truth1-0-2,b052b2457e84d110d17de9a99ecc98b8ca0598371711a722601101b11db1404c,52.582964799992624,,rank_selection_numerically_unresolved: cap+1 pilot failed maintained acceptance diagnostics,False,False,False,not_needed_interior_fast_path
replication,beb5729f4f89ab13,2,100,200,1,selected_rank,__replication__,rank_selection_numerically_unresolved,rank_selection_numerically_unresolved,True,False,False,False,False,False,,,,,,3,dgp2_N100_T200_r00001_truth1-0-2,8879c49a02748d99f7ec6bf20f264528028858ba4b8dd25ce4e0c6ce02de230b,1193.6971212000062,,rank_selection_numerically_unresolved: cap+1 pilot failed maintained acceptance diagnostics,True,True,True,success
replication,beb5729f4f89ab13,2,100,200,2,selected_rank,__replication__,rank_selection_numerically_unresolved,rank_selection_numerically_unresolved,True,False,False,False,False,False,,,,,,3,dgp2_N100_T200_r00002_truth1-0-2,93e5f76dfa65380650722ed76a49513c58063b32ad2e7cd28a766e1d8ac252a7,53.090165600006,,rank_selection_numerically_unresolved: cap+1 pilot failed maintained acceptance diagnostics,False,False,False,not_needed_interior_fast_path
replication,beb5729f4f89ab13,2,100,200,0,selected_rank,__replication__,rank_selection_numerically_unresolved,rank_selection_numerically_unresolved,True,False,False,False,False,False,,,,,,3,dgp2_N100_T200_r00000_truth1-1-1,3741e20a64426270116afc33fd1d432b6b2eda419d25eaad9cdf82ade49ce1ac,1611.5920226000017,,rank_selection_numerically_unresolved: cap+1 pilot failed maintained acceptance diagnostics,True,True,True,success
replication,beb5729f4f89ab13,2,100,200,1,selected_rank,__replication__,rank_selection_numerically_unresolved,rank_selection_numerically_unresolved,True,False,False,False,False,False,,,,,,3,dgp2_N100_T200_r00001_truth1-1-1,c278d57358ee9c49fc4d70e83f10bb13fb943ac32229feca8934cde9fc6563c6,899.3414495999968,,rank_selection_numerically_unresolved: cap+1 pilot failed maintained acceptance diagnostics,True,True,True,success
replication,beb5729f4f89ab13,2,100,200,2,selected_rank,__replication__,rank_selection_numerically_unresolved,rank_selection_numerically_unresolved,True,False,False,False,False,False,,,,,,3,dgp2_N100_T200_r00002_truth1-1-1,5d020a33177e2e2e95c1959920b559659fc10b44328f6a8ada61c55cc9eec021,2030.507178699998,,rank_selection_numerically_unresolved: cap+1 pilot failed maintained acceptance diagnostics,True,True,True,success
replication,beb5729f4f89ab13,2,100,200,0,selected_rank,__replication__,rank_selection_numerically_unresolved,rank_selection_numerically_unresolved,True,False,False,False,False,False,,,,,,3,dgp2_N100_T200_r00000_truth2-1-1,3b53dc0e774e08804813d060d9770fc48d33f79a2bf2a6b00436b423cd43a51a,49.00637660000939,,rank_selection_numerically_unresolved: cap+1 pilot failed maintained acceptance diagnostics,False,False,False,not_needed_interior_fast_path
replication,beb5729f4f89ab13,2,100,200,1,selected_rank,__replication__,rank_selection_numerically_unresolved,rank_selection_numerically_unresolved,True,False,False,False,False,False,,,,,,3,dgp2_N100_T200_r00001_truth2-1-1,b8a5f1adeac6833cce44205826ff38723fe48c220896ec0a5f91d2eb45b7113d,53.51607880000665,,rank_selection_numerically_unresolved: cap+1 pilot failed maintained acceptance diagnostics,False,False,False,not_needed_interior_fast_path
replication,beb5729f4f89ab13,2,100,200,2,selected_rank,__replication__,rank_selection_numerically_unresolved,rank_selection_numerically_unresolved,True,False,False,False,False,False,,,,,,3,dgp2_N100_T200_r00002_truth2-1-1,e8cae7d8f70b6cff232c04809c8c58f685e231488df412c3ed8025db220bb9a8,49.6977681999997,,rank_selection_numerically_unresolved: cap+1 pilot failed maintained acceptance diagnostics,False,False,False,not_needed_interior_fast_path
replication,beb5729f4f89ab13,2,200,100,0,selected_rank,__replication__,rank_selection_numerically_unresolved,rank_selection_numerically_unresolved,True,False,False,False,False,False,,,,,,3,dgp2_N200_T100_r00000_truth1-0-2,05c8e0f57fd0e01dc2cc4b09d441f3c61f7e2ed17aa213c930a16abbd293e3e3,53.262114199998905,,rank_selection_numerically_unresolved: cap+1 pilot failed maintained acceptance diagnostics,False,False,False,not_needed_interior_fast_path
replication,beb5729f4f89ab13,2,200,100,1,selected_rank,__replication__,rank_selection_numerically_unresolved,rank_selection_numerically_unresolved,True,False,False,False,False,False,,,,,,3,dgp2_N200_T100_r00001_truth1-0-2,dd608552b40d1343cbd095b4c70300b0735d453c3fdc2c3baf15b9578b397ad8,44.903867400003946,,rank_selection_numerically_unresolved: cap+1 pilot failed maintained acceptance diagnostics,False,False,False,not_needed_interior_fast_path
replication,beb5729f4f89ab13,2,200,100,2,selected_rank,__replication__,rank_selection_numerically_unresolved,rank_selection_numerically_unresolved,True,False,False,False,False,False,,,,,,3,dgp2_N200_T100_r00002_truth1-0-2,fb99bf75089c3fac35d36978c38d3c0c4fb63eb425a9028b87fdfb705799ccf2,45.16692410000542,,rank_selection_numerically_unresolved: cap+1 pilot failed maintained acceptance diagnostics,False,False,False,not_needed_interior_fast_path
replication,beb5729f4f89ab13,2,200,100,0,selected_rank,__replication__,rank_selection_numerically_unresolved,rank_selection_numerically_unresolved,True,False,False,False,False,False,,,,,,3,dgp2_N200_T100_r00000_truth1-1-1,f4755ee8bbf117f2f2e8c7d45750ffae99b3bbcbda9e0a92e470c0abcd108dd6,2365.218249700003,,rank_selection_numerically_unresolved: cap+1 pilot failed maintained acceptance diagnostics,True,True,False,constrained_optimality_failure
replication,beb5729f4f89ab13,2,200,100,1,selected_rank,__replication__,rank_selection_numerically_unresolved,rank_selection_numerically_unresolved,True,False,False,False,False,False,,,,,,3,dgp2_N200_T100_r00001_truth1-1-1,4b0b609bd15e71a527e3e474fa115c77a1656658b3f079a43ac410e04ec8d03f,1138.810237400001,,rank_selection_numerically_unresolved: cap+1 pilot failed maintained acceptance diagnostics,True,True,True,constrained_optimality_failure
replication,beb5729f4f89ab13,2,200,100,2,selected_rank,__replication__,rank_selection_numerically_unresolved,rank_selection_numerically_unresolved,True,False,False,False,False,False,,,,,,3,dgp2_N200_T100_r00002_truth1-1-1,8eb504328290315d26f4f79f1abdfee3d22d5dc382d3b65243b34ad15eba2dac,1047.1785069000034,,rank_selection_numerically_unresolved: cap+1 pilot failed maintained acceptance diagnostics,True,True,True,success
replication,beb5729f4f89ab13,2,200,100,0,selected_rank,__replication__,rank_selection_numerically_unresolved,rank_selection_numerically_unresolved,True,False,False,False,False,False,,,,,,3,dgp2_N200_T100_r00000_truth2-1-1,3a62b42b2cd9bb304b3c8518afad955e19fe009f0f0e71bafa17eb83d687ad9b,53.26999319999595,,rank_selection_numerically_unresolved: cap+1 pilot failed maintained acceptance diagnostics,False,False,False,not_needed_interior_fast_path
replication,beb5729f4f89ab13,2,200,100,1,selected_rank,__replication__,rank_selection_numerically_unresolved,rank_selection_numerically_unresolved,True,False,False,False,False,False,,,,,,3,dgp2_N200_T100_r00001_truth2-1-1,a190aead170ddf010751d58a35fed306fd51f5ee375c5cb1594caa8ac498a07a,53.344060200004606,,rank_selection_numerically_unresolved: cap+1 pilot failed maintained acceptance diagnostics,False,False,False,not_needed_interior_fast_path
replication,beb5729f4f89ab13,2,200,100,2,selected_rank,__replication__,rank_selection_numerically_unresolved,rank_selection_numerically_unresolved,True,False,False,False,False,False,,,,,,3,dgp2_N200_T100_r00002_truth2-1-1,dba58d5f85ae0aff5160c837cbb1d68d36cb69fc77d8e9a8706f196eaecb8101,54.24752509999962,,rank_selection_numerically_unresolved: cap+1 pilot failed maintained acceptance diagnostics,False,False,False,not_needed_interior_fast_path
replication,beb5729f4f89ab13,2,200,200,0,selected_rank,__replication__,rank_selection_numerically_unresolved,rank_selection_numerically_unresolved,True,False,False,False,False,False,,,,,,3,dgp2_N200_T200_r00000_truth1-0-2,5caa7df268fc0d0fbe35e863cd639617925fe2b8616226e251e49154664900ea,67.68956569999864,,rank_selection_numerically_unresolved: cap+1 pilot failed maintained acceptance diagnostics,False,False,False,not_needed_interior_fast_path
replication,beb5729f4f89ab13,2,200,200,1,selected_rank,__replication__,rank_selection_numerically_unresolved,rank_selection_numerically_unresolved,True,False,False,False,False,False,,,,,,3,dgp2_N200_T200_r00001_truth1-0-2,82bc196625566abb6664b8bc1586ffc79ad90bfcebb1edec793fd5fee27eac59,68.0252160000091,,rank_selection_numerically_unresolved: cap+1 pilot failed maintained acceptance diagnostics,False,False,False,not_needed_interior_fast_path
replication,beb5729f4f89ab13,2,200,200,2,selected_rank,__replication__,rank_selection_numerically_unresolved,rank_selection_numerically_unresolved,True,False,False,False,False,False,,,,,,3,dgp2_N200_T200_r00002_truth1-0-2,e11e43a19aab0deb24904f903a9b0400533ffd971cdbba489c22eb182588b006,74.73850259999745,,rank_selection_numerically_unresolved: cap+1 pilot failed maintained acceptance diagnostics,False,False,False,not_needed_interior_fast_path
replication,beb5729f4f89ab13,2,200,200,0,selected_rank,__replication__,rank_selection_numerically_unresolved,rank_selection_numerically_unresolved,True,False,False,False,False,False,,,,,,3,dgp2_N200_T200_r00000_truth1-1-1,17a8bd8ef94f8d32d1452224fdb1b082a23f6713b14fd40425b333a9f60c2234,1621.577347999999,,rank_selection_numerically_unresolved: cap+1 pilot failed maintained acceptance diagnostics,True,True,False,constrained_optimality_failure
replication,beb5729f4f89ab13,2,200,200,1,selected_rank,__replication__,rank_selection_numerically_unresolved,rank_selection_numerically_unresolved,True,False,False,False,False,False,,,,,,3,dgp2_N200_T200_r00001_truth1-1-1,6c503f4ce1e15ec0c508ca668ae5c3e91efb1db7262e983c140a1980052f6fd7,77.13591459999589,,rank_selection_numerically_unresolved: cap+1 pilot failed maintained acceptance diagnostics,False,False,False,not_needed_interior_fast_path
replication,beb5729f4f89ab13,2,200,200,2,selected_rank,__replication__,rank_selection_numerically_unresolved,rank_selection_numerically_unresolved,True,False,False,False,False,False,,,,,,3,dgp2_N200_T200_r00002_truth1-1-1,f9a8a24e30b87fdcd72b3d73b4edb5f09a12a8a4fd4f15984ba5360095ace45f,78.43817180000042,,rank_selection_numerically_unresolved: cap+1 pilot failed maintained acceptance diagnostics,False,False,False,not_needed_interior_fast_path
replication,beb5729f4f89ab13,2,200,200,0,selected_rank,__replication__,rank_selection_numerically_unresolved,rank_selection_numerically_unresolved,True,False,False,False,False,False,,,,,,3,dgp2_N200_T200_r00000_truth2-1-1,26ccfdffe38ac8ce6567a083892ceb0b6a154145dba5f25f2d41f87b848d4f3b,70.54433240000799,,rank_selection_numerically_unresolved: cap+1 pilot failed maintained acceptance diagnostics,False,False,False,not_needed_interior_fast_path
replication,beb5729f4f89ab13,2,200,200,1,selected_rank,__replication__,rank_selection_numerically_unresolved,rank_selection_numerically_unresolved,True,False,False,False,False,False,,,,,,3,dgp2_N200_T200_r00001_truth2-1-1,b571de7489d33e197abed47c7a4521896d39c6df1010f89dabccd09c33081a27,66.9457098999992,,rank_selection_numerically_unresolved: cap+1 pilot failed maintained acceptance diagnostics,False,False,False,not_needed_interior_fast_path
replication,beb5729f4f89ab13,2,200,200,2,selected_rank,__replication__,rank_selection_numerically_unresolved,rank_selection_numerically_unresolved,True,False,False,False,False,False,,,,,,3,dgp2_N200_T200_r00002_truth2-1-1,009861fa14b9479e4a1e00fac1baea6d9e98838d1803035d177596cadd04da19,72.30563220000477,,rank_selection_numerically_unresolved: cap+1 pilot failed maintained acceptance diagnostics,False,False,False,not_needed_interior_fast_path
replication,beb5729f4f89ab13,2,50,50,0,selected_rank,__replication__,rank_selection_numerically_unresolved,rank_selection_numerically_unresolved,True,False,False,False,False,False,,,,,,3,dgp2_N50_T50_r00000_truth1-0-2,fefbf6a230fedbb3e3e8b0136a672848637cdda02d1a96eebf3eaa8a490d5bf8,735.9374385999981,,rank_selection_numerically_unresolved: cap+1 pilot failed maintained acceptance diagnostics,True,True,True,constrained_optimality_failure
replication,beb5729f4f89ab13,2,50,50,1,selected_rank,__replication__,rank_selection_numerically_unresolved,rank_selection_numerically_unresolved,True,False,False,False,False,False,,,,,,3,dgp2_N50_T50_r00001_truth1-0-2,9e36a39f4be57986ec09296919e757466bb0c89187ad8165f5a5840cdaa009de,565.2390198999929,,rank_selection_numerically_unresolved: cap+1 pilot failed maintained acceptance diagnostics,True,True,True,constrained_optimality_failure
replication,beb5729f4f89ab13,2,50,50,2,selected_rank,__replication__,rank_selection_numerically_unresolved,rank_selection_numerically_unresolved,True,False,False,False,False,False,,,,,,3,dgp2_N50_T50_r00002_truth1-0-2,86603c1af46a41deb7d07cfaae74376567706340b79b9fc58e2d717eadf08364,831.3329457999935,,rank_selection_numerically_unresolved: cap+1 pilot failed maintained acceptance diagnostics,True,True,True,constrained_optimality_failure
replication,beb5729f4f89ab13,2,50,50,0,selected_rank,__replication__,rank_selection_numerically_unresolved,rank_selection_numerically_unresolved,True,False,False,False,False,False,,,,,,3,dgp2_N50_T50_r00000_truth1-1-1,e5d8c9e8b3708311f63bb3031e43d8bad7c3079ba211a54168b1a6dab072ec4b,933.7925144999972,,rank_selection_numerically_unresolved: cap+1 pilot failed maintained acceptance diagnostics,True,True,True,constrained_optimality_failure
replication,beb5729f4f89ab13,2,50,50,1,selected_rank,__replication__,rank_selection_numerically_unresolved,rank_selection_numerically_unresolved,True,False,False,False,False,False,,,,,,3,dgp2_N50_T50_r00001_truth1-1-1,1df7d64eaa174ca65bc3c35c6ea938e6fd816b97744c4d58f0c2ff6db7b27d8e,838.561692299998,,rank_selection_numerically_unresolved: cap+1 pilot failed maintained acceptance diagnostics,True,True,True,constrained_optimality_failure
replication,beb5729f4f89ab13,2,50,50,2,selected_rank,__replication__,rank_selection_numerically_unresolved,rank_selection_numerically_unresolved,True,False,False,False,False,False,,,,,,3,dgp2_N50_T50_r00002_truth1-1-1,3fba084d7e0749fcc4489faee7dd99826b62e82d92a306a59efcba08dc5832f4,955.1264531999987,,rank_selection_numerically_unresolved: cap+1 pilot failed maintained acceptance diagnostics,True,True,True,constrained_optimality_failure
replication,beb5729f4f89ab13,2,50,50,0,selected_rank,__replication__,rank_selection_numerically_unresolved,rank_selection_numerically_unresolved,True,False,False,False,False,False,,,,,,3,dgp2_N50_T50_r00000_truth2-1-1,8c32c10a72b54cb64c81ad96ede055e95e66bd1933e28746968bc60baa509513,624.466225600001,,rank_selection_numerically_unresolved: cap+1 pilot failed maintained acceptance diagnostics,True,True,True,constrained_optimality_failure
replication,beb5729f4f89ab13,2,50,50,1,selected_rank,__replication__,rank_selection_numerically_unresolved,rank_selection_numerically_unresolved,True,False,False,False,False,False,,,,,,3,dgp2_N50_T50_r00001_truth2-1-1,a92956e90f9f3a9215d9f7d608f717aff14fa65dbb3f5843cf43f13b69fc3d5b,615.4086901999981,,rank_selection_numerically_unresolved: cap+1 pilot failed maintained acceptance diagnostics,True,True,True,constrained_optimality_failure
replication,beb5729f4f89ab13,2,50,50,2,selected_rank,__replication__,rank_selection_numerically_unresolved,rank_selection_numerically_unresolved,True,False,False,False,False,False,,,,,,3,dgp2_N50_T50_r00002_truth2-1-1,e6d6d5367c57e04fce8e3d8b4c343c8125373b9ba7acb9a6601cba775d8b3fb0,498.2327174999955,,rank_selection_numerically_unresolved: cap+1 pilot failed maintained acceptance diagnostics,True,True,True,constrained_optimality_failure
replication,beb5729f4f89ab13,3,100,100,0,selected_rank,__replication__,rank_selection_numerically_unresolved,rank_selection_numerically_unresolved,True,False,False,False,False,False,,,,,,3,dgp3_N100_T100_r00000_truth1-0-2,f7d62a1602afc3c86f857e546de7174446880808996bee3c720569418fd02cde,615.603362599999,,rank_selection_numerically_unresolved: cap+1 pilot failed maintained acceptance diagnostics,True,True,True,constrained_optimality_failure
replication,beb5729f4f89ab13,3,100,100,1,selected_rank,__replication__,rank_selection_numerically_unresolved,rank_selection_numerically_unresolved,True,False,False,False,False,False,,,,,,3,dgp3_N100_T100_r00001_truth1-0-2,b398fba12e8f3185adcfe4bf529a9b0a87eb60828d1c81e6739dd975b0db3d5e,639.7874908999947,,rank_selection_numerically_unresolved: cap+1 pilot failed maintained acceptance diagnostics,True,True,True,constrained_optimality_failure
replication,beb5729f4f89ab13,3,100,100,2,selected_rank,__replication__,rank_selection_numerically_unresolved,rank_selection_numerically_unresolved,True,False,False,False,False,False,,,,,,3,dgp3_N100_T100_r00002_truth1-0-2,5afd13a56c5c61449ebe75e40178edb5cedfeb247b3f07f542fd3e41b9d439d2,609.8376243000093,,rank_selection_numerically_unresolved: cap+1 pilot failed maintained acceptance diagnostics,True,True,False,constrained_optimality_failure
replication,beb5729f4f89ab13,3,100,100,0,selected_rank,__replication__,rank_selection_numerically_unresolved,rank_selection_numerically_unresolved,True,False,False,False,False,False,,,,,,3,dgp3_N100_T100_r00000_truth1-1-1,37af1461e411e3035b8fbb6669d48d1774c66466a77646aa8fb818831177396d,2120.0342189999938,,rank_selection_numerically_unresolved: cap+1 pilot failed maintained acceptance diagnostics,True,True,True,constrained_optimality_failure
replication,beb5729f4f89ab13,3,100,100,1,selected_rank,__replication__,rank_selection_numerically_unresolved,rank_selection_numerically_unresolved,True,False,False,False,False,False,,,,,,3,dgp3_N100_T100_r00001_truth1-1-1,d281a17ca57f24c1abf038956e04b586312420b3af79981f6826eb3084c307b2,1434.9069937000022,,rank_selection_numerically_unresolved: cap+1 pilot failed maintained acceptance diagnostics,True,True,True,success
replication,beb5729f4f89ab13,3,100,100,2,selected_rank,__replication__,rank_selection_numerically_unresolved,rank_selection_numerically_unresolved,True,False,False,False,False,False,,,,,,3,dgp3_N100_T100_r00002_truth1-1-1,339833ebcb2b1bd963185bc1a97bb5e7c24367dc304683b2541b30ea6b324095,1946.9504041999971,,rank_selection_numerically_unresolved: cap+1 pilot failed maintained acceptance diagnostics,True,True,True,constrained_optimality_failure
replication,beb5729f4f89ab13,3,100,100,0,selected_rank,__replication__,rank_selection_numerically_unresolved,rank_selection_numerically_unresolved,True,False,False,False,False,False,,,,,,3,dgp3_N100_T100_r00000_truth2-1-1,95852fdaa8aab731bea915081c43adb02ad4a86fc0a5c522d06bc8fdc347b2fb,33.46232120000059,,rank_selection_numerically_unresolved: cap+1 pilot failed maintained acceptance diagnostics,False,False,False,not_needed_interior_fast_path
replication,beb5729f4f89ab13,3,100,100,1,selected_rank,__replication__,rank_selection_numerically_unresolved,rank_selection_numerically_unresolved,True,False,False,False,False,False,,,,,,3,dgp3_N100_T100_r00001_truth2-1-1,697c8e8a6236984b41214bb44de443f4401b21f857cdc35c86f27ccf8529e129,268.96275869999954,,rank_selection_numerically_unresolved: cap+1 pilot failed maintained acceptance diagnostics,True,True,True,success
replication,beb5729f4f89ab13,3,100,100,2,selected_rank,__replication__,rank_selection_numerically_unresolved,rank_selection_numerically_unresolved,True,False,False,False,False,False,,,,,,3,dgp3_N100_T100_r00002_truth2-1-1,95c0f5b495cda4fab8689027a45d096700a96e806a6f5dee668352af67156c88,433.4777071999997,,rank_selection_numerically_unresolved: cap+1 pilot failed maintained acceptance diagnostics,True,True,True,constrained_optimality_failure
replication,beb5729f4f89ab13,3,100,200,0,selected_rank,__replication__,rank_selection_numerically_unresolved,rank_selection_numerically_unresolved,True,False,False,False,False,False,,,,,,3,dgp3_N100_T200_r00000_truth1-0-2,18083930c1332f118e562f19004ff61151d6fd648011a94d137e45d28b255561,308.42750890000025,,rank_selection_numerically_unresolved: cap+1 pilot failed maintained acceptance diagnostics,True,True,True,success
replication,beb5729f4f89ab13,3,100,200,1,selected_rank,__replication__,rank_selection_numerically_unresolved,rank_selection_numerically_unresolved,True,False,False,False,False,False,,,,,,3,dgp3_N100_T200_r00001_truth1-0-2,f3f58bde06e8637686c38b023ea1322250ae97c343dd505f51b68fa295bd72b2,72.25224170000001,,rank_selection_numerically_unresolved: cap+1 pilot failed maintained acceptance diagnostics,False,False,False,not_needed_interior_fast_path
replication,beb5729f4f89ab13,3,100,200,2,selected_rank,__replication__,rank_selection_numerically_unresolved,rank_selection_numerically_unresolved,True,False,False,False,False,False,,,,,,3,dgp3_N100_T200_r00002_truth1-0-2,45eca59ce2be79c5833c6be8b1616e595c1b66f8a5856a2321e122a926fada14,59.16673230000015,,rank_selection_numerically_unresolved: cap+1 pilot failed maintained acceptance diagnostics,False,False,False,not_needed_interior_fast_path
replication,beb5729f4f89ab13,3,100,200,0,selected_rank,__replication__,rank_selection_numerically_unresolved,rank_selection_numerically_unresolved,True,False,False,False,False,False,,,,,,3,dgp3_N100_T200_r00000_truth1-1-1,3b8cf34dec38da5b6e88d1580111c0b20530fe79097314febfd94215e449f113,2326.2714507999917,,rank_selection_numerically_unresolved: cap+1 pilot failed maintained acceptance diagnostics,True,True,True,constrained_optimality_failure
replication,beb5729f4f89ab13,3,100,200,1,selected_rank,__replication__,rank_selection_numerically_unresolved,rank_selection_numerically_unresolved,True,False,False,False,False,False,,,,,,3,dgp3_N100_T200_r00001_truth1-1-1,aaba470204ba3c965241769a180fb923e519691a95e11c55eeeb452bfe896583,50.42111090000253,,rank_selection_numerically_unresolved: cap+1 pilot failed maintained acceptance diagnostics,False,False,False,not_needed_interior_fast_path
replication,beb5729f4f89ab13,3,100,200,2,selected_rank,__replication__,rank_selection_numerically_unresolved,rank_selection_numerically_unresolved,True,False,False,False,False,False,,,,,,3,dgp3_N100_T200_r00002_truth1-1-1,baf365d7e4a9dcf7612c441329c860e51c4afd98f6187904d4446313c542241e,1050.1676802000002,,rank_selection_numerically_unresolved: cap+1 pilot failed maintained acceptance diagnostics,True,True,True,constrained_optimality_failure
replication,beb5729f4f89ab13,3,100,200,0,selected_rank,__replication__,rank_selection_numerically_unresolved,rank_selection_numerically_unresolved,True,False,False,False,False,False,,,,,,3,dgp3_N100_T200_r00000_truth2-1-1,f11f7d11b8a653f8aeec54dc87c065fc0198da938eda016bde90a0af8768372d,59.20211169999675,,rank_selection_numerically_unresolved: cap+1 pilot failed maintained acceptance diagnostics,False,False,False,not_needed_interior_fast_path
replication,beb5729f4f89ab13,3,100,200,1,selected_rank,__replication__,rank_selection_numerically_unresolved,rank_selection_numerically_unresolved,True,False,False,False,False,False,,,,,,3,dgp3_N100_T200_r00001_truth2-1-1,f81c184b241717a11dafdfef69b00ce96d05e283e8acb27d1239849853f60740,58.822180899995146,,rank_selection_numerically_unresolved: cap+1 pilot failed maintained acceptance diagnostics,False,False,False,not_needed_interior_fast_path
replication,beb5729f4f89ab13,3,100,200,2,selected_rank,__replication__,rank_selection_numerically_unresolved,rank_selection_numerically_unresolved,True,False,False,False,False,False,,,,,,3,dgp3_N100_T200_r00002_truth2-1-1,31080b0f599d4cab478a77c2520ff14309bcd2e432af3b2a33677a84f098573e,53.49286349999602,,rank_selection_numerically_unresolved: cap+1 pilot failed maintained acceptance diagnostics,False,False,False,not_needed_interior_fast_path
replication,beb5729f4f89ab13,3,200,100,0,selected_rank,__replication__,rank_selection_numerically_unresolved,rank_selection_numerically_unresolved,True,False,False,False,False,False,,,,,,3,dgp3_N200_T100_r00000_truth1-0-2,0a37af0d263b8d60830a3426a1f25db94aba30072f94adaa8c749ad813a954a7,732.6355850999971,,rank_selection_numerically_unresolved: cap+1 pilot failed maintained acceptance diagnostics,True,True,True,constrained_optimality_failure
replication,beb5729f4f89ab13,3,200,100,1,selected_rank,__replication__,rank_selection_numerically_unresolved,rank_selection_numerically_unresolved,True,False,False,False,False,False,,,,,,3,dgp3_N200_T100_r00001_truth1-0-2,9ef4375f0b0e5ca7770b67504622c54cc90e7f43e70819012a0c564e37e459ab,45.77451309999742,,rank_selection_numerically_unresolved: cap+1 pilot failed maintained acceptance diagnostics,False,False,False,not_needed_interior_fast_path
replication,beb5729f4f89ab13,3,200,100,2,selected_rank,__replication__,rank_selection_numerically_unresolved,rank_selection_numerically_unresolved,True,False,False,False,False,False,,,,,,3,dgp3_N200_T100_r00002_truth1-0-2,d3fc1c0317a4a38d49ad6c1208c8f1cfc3052d8ac064f24ea08bd0e3b86976e1,46.1428656999924,,rank_selection_numerically_unresolved: cap+1 pilot failed maintained acceptance diagnostics,False,False,False,not_needed_interior_fast_path
replication,beb5729f4f89ab13,3,200,100,0,selected_rank,__replication__,rank_selection_numerically_unresolved,rank_selection_numerically_unresolved,True,False,False,False,False,False,,,,,,3,dgp3_N200_T100_r00000_truth1-1-1,b59025acb6836face419347794988b4e4742569cb6b1345c5c8b5fabed3ea153,1060.8685732000013,,rank_selection_numerically_unresolved: cap+1 pilot failed maintained acceptance diagnostics,True,True,True,constrained_optimality_failure
replication,beb5729f4f89ab13,3,200,100,1,selected_rank,__replication__,rank_selection_numerically_unresolved,rank_selection_numerically_unresolved,True,False,False,False,False,False,,,,,,3,dgp3_N200_T100_r00001_truth1-1-1,3b2544c79153c95415b3d4f39bacd91bbe331ece267075acb577f5c5eff4c36f,952.4844431999954,,rank_selection_numerically_unresolved: cap+1 pilot failed maintained acceptance diagnostics,True,True,True,success
replication,beb5729f4f89ab13,3,200,100,2,selected_rank,__replication__,rank_selection_numerically_unresolved,rank_selection_numerically_unresolved,True,False,False,False,False,False,,,,,,3,dgp3_N200_T100_r00002_truth1-1-1,1198e8a9e48242cb8e589502602972bd884a33c2011d7aed57691004c579b1fd,2749.5747914999956,,rank_selection_numerically_unresolved: cap+1 pilot failed maintained acceptance diagnostics,True,True,True,success
replication,beb5729f4f89ab13,3,200,100,0,selected_rank,__replication__,rank_selection_numerically_unresolved,rank_selection_numerically_unresolved,True,False,False,False,False,False,,,,,,3,dgp3_N200_T100_r00000_truth2-1-1,49ea6cf307b2011203b39eb9a10f90ca3aaaf233fff75008d4a4821160cfb8d4,53.3431702000089,,rank_selection_numerically_unresolved: cap+1 pilot failed maintained acceptance diagnostics,False,False,False,not_needed_interior_fast_path
replication,beb5729f4f89ab13,3,200,100,1,selected_rank,__replication__,rank_selection_numerically_unresolved,rank_selection_numerically_unresolved,True,False,False,False,False,False,,,,,,3,dgp3_N200_T100_r00001_truth2-1-1,a1af57aad8bf5776c67a79a006f4176eadf549465483d0c70d3b7f7f5e9519a1,54.72690710000461,,rank_selection_numerically_unresolved: cap+1 pilot failed maintained acceptance diagnostics,False,False,False,not_needed_interior_fast_path
replication,beb5729f4f89ab13,3,200,100,2,selected_rank,__replication__,rank_selection_numerically_unresolved,rank_selection_numerically_unresolved,True,False,False,False,False,False,,,,,,3,dgp3_N200_T100_r00002_truth2-1-1,ce7adb49e0c1f98e63fe806cf2a60df94667b96516ec45bc760cc6c06573be16,49.64152589999139,,rank_selection_numerically_unresolved: cap+1 pilot failed maintained acceptance diagnostics,False,False,False,not_needed_interior_fast_path
replication,beb5729f4f89ab13,3,200,200,0,selected_rank,__replication__,rank_selection_numerically_unresolved,rank_selection_numerically_unresolved,True,False,False,False,False,False,,,,,,3,dgp3_N200_T200_r00000_truth1-0-2,fd5b937c6124f2fdb3365219bc89947f1e2be66c69213d75fadf546c5f6aeefe,75.20431370000006,,rank_selection_numerically_unresolved: cap+1 pilot failed maintained acceptance diagnostics,False,False,False,not_needed_interior_fast_path
replication,beb5729f4f89ab13,3,200,200,1,selected_rank,__replication__,rank_selection_numerically_unresolved,rank_selection_numerically_unresolved,True,False,False,False,False,False,,,,,,3,dgp3_N200_T200_r00001_truth1-0-2,a59ee30e5f04481d835629690242a758852e2871cd37eb253446eeb3804c5699,110.95087660000718,,rank_selection_numerically_unresolved: cap+1 pilot failed maintained acceptance diagnostics,False,False,False,not_needed_interior_fast_path
replication,beb5729f4f89ab13,3,200,200,2,selected_rank,__replication__,rank_selection_numerically_unresolved,rank_selection_numerically_unresolved,True,False,False,False,False,False,,,,,,3,dgp3_N200_T200_r00002_truth1-0-2,8e4f980d556976d97a48484b3b9329245040be8745add5aaefc364176ca4d744,110.89446970001154,,rank_selection_numerically_unresolved: cap+1 pilot failed maintained acceptance diagnostics,False,False,False,not_needed_interior_fast_path
replication,beb5729f4f89ab13,3,200,200,0,selected_rank,__replication__,rank_selection_numerically_unresolved,rank_selection_numerically_unresolved,True,False,False,False,False,False,,,,,,3,dgp3_N200_T200_r00000_truth1-1-1,98753abed5a946128fc79ef11f26862e960e7123ccb167018d7419331f644fd2,75.67065939999884,,rank_selection_numerically_unresolved: cap+1 pilot failed maintained acceptance diagnostics,False,False,False,not_needed_interior_fast_path
replication,beb5729f4f89ab13,3,200,200,1,selected_rank,__replication__,rank_selection_numerically_unresolved,rank_selection_numerically_unresolved,True,False,False,False,False,False,,,,,,3,dgp3_N200_T200_r00001_truth1-1-1,5c589c186143d8f820d85cfa37a08e63975b26d4fba16e989e5371db44da955f,1294.8779607999968,,rank_selection_numerically_unresolved: cap+1 pilot failed maintained acceptance diagnostics,True,True,True,success
replication,beb5729f4f89ab13,3,200,200,2,selected_rank,__replication__,rank_selection_numerically_unresolved,rank_selection_numerically_unresolved,True,False,False,False,False,False,,,,,,3,dgp3_N200_T200_r00002_truth1-1-1,b2da71fc001a83c42572798df35c29f3b49662a47a6c69e4cde218dc068764a7,978.9970774999965,,rank_selection_numerically_unresolved: cap+1 pilot failed maintained acceptance diagnostics,True,True,True,success
replication,beb5729f4f89ab13,3,200,200,0,selected_rank,__replication__,rank_selection_numerically_unresolved,rank_selection_numerically_unresolved,True,False,False,False,False,False,,,,,,3,dgp3_N200_T200_r00000_truth2-1-1,43529b49175288eef129d4ae87e3a28785a0f81c2aeb4aef7578c8cf0ecad6ec,71.4194523000042,,rank_selection_numerically_unresolved: cap+1 pilot failed maintained acceptance diagnostics,False,False,False,not_needed_interior_fast_path
replication,beb5729f4f89ab13,3,200,200,1,selected_rank,__replication__,rank_selection_numerically_unresolved,rank_selection_numerically_unresolved,True,False,False,False,False,False,,,,,,3,dgp3_N200_T200_r00001_truth2-1-1,2a4b5a535500633e4fcf19aafe767d20245883f91585377a3288df511e230296,73.20290170000226,,rank_selection_numerically_unresolved: cap+1 pilot failed maintained acceptance diagnostics,False,False,False,not_needed_interior_fast_path
replication,beb5729f4f89ab13,3,200,200,2,selected_rank,__replication__,rank_selection_numerically_unresolved,rank_selection_numerically_unresolved,True,False,False,False,False,False,,,,,,3,dgp3_N200_T200_r00002_truth2-1-1,7ea859114273e7a40e438533215becedd9a961a414e8ec207fc4fc68448c0830,77.7689185999916,,rank_selection_numerically_unresolved: cap+1 pilot failed maintained acceptance diagnostics,False,False,False,not_needed_interior_fast_path
replication,beb5729f4f89ab13,3,50,50,0,selected_rank,__replication__,rank_selection_numerically_unresolved,rank_selection_numerically_unresolved,True,False,False,False,False,False,,,,,,3,dgp3_N50_T50_r00000_truth1-0-2,88b593abc3e11ca51455eac95532160d7bc4257943701d3f9c6cf322250e7f3c,783.6051196000044,,rank_selection_numerically_unresolved: cap+1 pilot failed maintained acceptance diagnostics,True,True,True,constrained_optimality_failure
replication,beb5729f4f89ab13,3,50,50,1,selected_rank,__replication__,rank_selection_numerically_unresolved,rank_selection_numerically_unresolved,True,False,False,False,False,False,,,,,,3,dgp3_N50_T50_r00001_truth1-0-2,61a6ed207cdf7cdfa270182956722b51e0f979917cb3c88cacd6d9d72cf61e5f,771.4770363999996,,rank_selection_numerically_unresolved: cap+1 pilot failed maintained acceptance diagnostics,True,True,True,constrained_optimality_failure
replication,beb5729f4f89ab13,3,50,50,2,selected_rank,__replication__,rank_selection_numerically_unresolved,rank_selection_numerically_unresolved,True,False,False,False,False,False,,,,,,3,dgp3_N50_T50_r00002_truth1-0-2,d99fd28ecc5b99efddac6a12a3730977e328ea4ba5ac90244b3032da847a53e6,597.7644325000001,,rank_selection_numerically_unresolved: cap+1 pilot failed maintained acceptance diagnostics,True,True,True,constrained_optimality_failure
replication,beb5729f4f89ab13,3,50,50,0,selected_rank,__replication__,rank_selection_numerically_unresolved,rank_selection_numerically_unresolved,True,False,False,False,False,False,,,,,,3,dgp3_N50_T50_r00000_truth1-1-1,03d9f430e27766a2625728910e3c77b8a111abe95da9f83ad0fd9c9e943102ba,883.7248831999968,,rank_selection_numerically_unresolved: cap+1 pilot failed maintained acceptance diagnostics,True,True,True,constrained_optimality_failure
replication,beb5729f4f89ab13,3,50,50,1,selected_rank,__replication__,rank_selection_numerically_unresolved,rank_selection_numerically_unresolved,True,False,False,False,False,False,,,,,,3,dgp3_N50_T50_r00001_truth1-1-1,b90a8f4393b171a4c7591ef7d7deee79591d348c70afbcaff44e56104d08c944,977.426918899997,,rank_selection_numerically_unresolved: cap+1 pilot failed maintained acceptance diagnostics,True,True,True,constrained_optimality_failure
replication,beb5729f4f89ab13,3,50,50,2,selected_rank,__replication__,rank_selection_numerically_unresolved,rank_selection_numerically_unresolved,True,False,False,False,False,False,,,,,,3,dgp3_N50_T50_r00002_truth1-1-1,4531304422ee5958ec933540643d2b5fa66df52e0d5d55203acce6783f815eb5,773.8771561999965,,rank_selection_numerically_unresolved: cap+1 pilot failed maintained acceptance diagnostics,True,True,True,constrained_optimality_failure
replication,beb5729f4f89ab13,3,50,50,0,selected_rank,__replication__,rank_selection_numerically_unresolved,rank_selection_numerically_unresolved,True,False,False,False,False,False,,,,,,3,dgp3_N50_T50_r00000_truth2-1-1,63fbf6c8c93feab866e577e906889a6e6229814edf6276ce3678fa21ead39786,511.31894450000254,,rank_selection_numerically_unresolved: cap+1 pilot failed maintained acceptance diagnostics,True,True,True,constrained_optimality_failure
replication,beb5729f4f89ab13,3,50,50,1,selected_rank,__replication__,rank_selection_numerically_unresolved,rank_selection_numerically_unresolved,True,False,False,False,False,False,,,,,,3,dgp3_N50_T50_r00001_truth2-1-1,35b7fccfe52cc1852ab325697d464b399d7f1b25643449219505e4ab1d63a09f,542.9851682000008,,rank_selection_numerically_unresolved: cap+1 pilot failed maintained acceptance diagnostics,True,True,True,constrained_optimality_failure
replication,beb5729f4f89ab13,3,50,50,2,selected_rank,__replication__,rank_selection_numerically_unresolved,rank_selection_numerically_unresolved,True,False,False,False,False,False,,,,,,3,dgp3_N50_T50_r00002_truth2-1-1,2df87b84962772f083164a64a2ec730df6cabd5d5d4fe20bcb106322bce0048c,525.2193690999993,,rank_selection_numerically_unresolved: cap+1 pilot failed maintained acceptance diagnostics,True,True,True,constrained_optimality_failure
replication,beb5729f4f89ab13,4,100,100,0,selected_rank,__replication__,rank_selection_numerically_unresolved,rank_selection_numerically_unresolved,True,False,False,False,False,False,,,,,,3,dgp4_N100_T100_r00000_truth1-0-2,fc889c17afad8c2cc68c8bf7c1a9f38d8e1dc28aba1851f5094b3bc55733af50,726.3342316000053,,rank_selection_numerically_unresolved: cap+1 pilot failed maintained acceptance diagnostics,True,True,True,constrained_optimality_failure
replication,beb5729f4f89ab13,4,100,100,1,selected_rank,__replication__,rank_selection_numerically_unresolved,rank_selection_numerically_unresolved,True,False,False,False,False,False,,,,,,3,dgp4_N100_T100_r00001_truth1-0-2,d08282067126de01d539fd49c8366d9cacea6c1de7e0b5e6a04231d455768ce4,28.053404600010253,,rank_selection_numerically_unresolved: cap+1 pilot failed maintained acceptance diagnostics,False,False,False,not_needed_interior_fast_path
replication,beb5729f4f89ab13,4,100,100,2,selected_rank,__replication__,rank_selection_numerically_unresolved,rank_selection_numerically_unresolved,True,False,False,False,False,False,,,,,,3,dgp4_N100_T100_r00002_truth1-0-2,2770ac2e4719155e220480304e5bf038a32a39000ececcdceb9416cdac28db21,267.3162209999864,,rank_selection_numerically_unresolved: cap+1 pilot failed maintained acceptance diagnostics,True,True,False,success
replication,beb5729f4f89ab13,4,100,100,0,selected_rank,__replication__,rank_selection_numerically_unresolved,rank_selection_numerically_unresolved,True,False,False,False,False,False,,,,,,3,dgp4_N100_T100_r00000_truth1-1-1,a7e3a44a1341226484956f905c32dffe44c2716bb7cd9ac77fd9b17321a490ef,686.2989583000017,,rank_selection_numerically_unresolved: cap+1 pilot failed maintained acceptance diagnostics,True,True,True,constrained_optimality_failure
replication,beb5729f4f89ab13,4,100,100,1,selected_rank,__replication__,rank_selection_numerically_unresolved,rank_selection_numerically_unresolved,True,False,False,False,False,False,,,,,,3,dgp4_N100_T100_r00001_truth1-1-1,428bf1579a487d44fbfedccf7c1dbac5766839d54fae0b70ffb32147b8bc388f,1293.4336251999994,,rank_selection_numerically_unresolved: cap+1 pilot failed maintained acceptance diagnostics,True,True,True,constrained_optimality_failure
replication,beb5729f4f89ab13,4,100,100,2,selected_rank,__replication__,rank_selection_numerically_unresolved,rank_selection_numerically_unresolved,True,False,False,False,False,False,,,,,,3,dgp4_N100_T100_r00002_truth1-1-1,e7fc16e4b53c422c24730487099afd16001b56606969a05666add72a8cf611b9,633.0588462999949,,rank_selection_numerically_unresolved: cap+1 pilot failed maintained acceptance diagnostics,True,True,True,constrained_optimality_failure
replication,beb5729f4f89ab13,4,100,100,0,selected_rank,__replication__,rank_selection_numerically_unresolved,rank_selection_numerically_unresolved,True,False,False,False,False,False,,,,,,3,dgp4_N100_T100_r00000_truth2-1-1,baf8763ed05f86271192cd34f03c5d85eb4ca4669f9116feb315e346db0bf8f3,39.36852859999635,,rank_selection_numerically_unresolved: cap+1 pilot failed maintained acceptance diagnostics,False,False,False,not_needed_interior_fast_path
replication,beb5729f4f89ab13,4,100,100,1,selected_rank,__replication__,rank_selection_numerically_unresolved,rank_selection_numerically_unresolved,True,False,False,False,False,False,,,,,,3,dgp4_N100_T100_r00001_truth2-1-1,b9d88f53913bcb06c85e8e325edc203ab7e94546340f6eb7d2c859f280e1be95,34.103317499990226,,rank_selection_numerically_unresolved: cap+1 pilot failed maintained acceptance diagnostics,False,False,False,not_needed_interior_fast_path
replication,beb5729f4f89ab13,4,100,100,2,selected_rank,__replication__,rank_selection_numerically_unresolved,rank_selection_numerically_unresolved,True,False,False,False,False,False,,,,,,3,dgp4_N100_T100_r00002_truth2-1-1,13d2252200aa90aa50a1e0c56ae887abc02196db0555d85967373455fce685f4,33.74181930000486,,rank_selection_numerically_unresolved: cap+1 pilot failed maintained acceptance diagnostics,False,False,False,not_needed_interior_fast_path
replication,beb5729f4f89ab13,4,100,200,0,selected_rank,__replication__,rank_selection_numerically_unresolved,rank_selection_numerically_unresolved,True,False,False,False,False,False,,,,,,3,dgp4_N100_T200_r00000_truth1-0-2,eb4cf1d44d6d68e7075ca2ccab8c851fd14cc516a06057bd83b224294947501b,528.5004711999936,,rank_selection_numerically_unresolved: cap+1 pilot failed maintained acceptance diagnostics,True,True,False,success
replication,beb5729f4f89ab13,4,100,200,1,selected_rank,__replication__,rank_selection_numerically_unresolved,rank_selection_numerically_unresolved,True,False,False,False,False,False,,,,,,3,dgp4_N100_T200_r00001_truth1-0-2,e4c5561afe23c79efb27f084d5162e7a99ea14fa0b2a9fd9c690c8e78566fdc3,44.62167090000003,,rank_selection_numerically_unresolved: cap+1 pilot failed maintained acceptance diagnostics,False,False,False,not_needed_interior_fast_path
replication,beb5729f4f89ab13,4,100,200,2,selected_rank,__replication__,rank_selection_numerically_unresolved,rank_selection_numerically_unresolved,True,False,False,False,False,False,,,,,,3,dgp4_N100_T200_r00002_truth1-0-2,67286bf8ad72251033a8ad1adc8afe73d9d0677ae053791079380c1360e663db,45.451058899998316,,rank_selection_numerically_unresolved: cap+1 pilot failed maintained acceptance diagnostics,False,False,False,not_needed_interior_fast_path
replication,beb5729f4f89ab13,4,100,200,0,selected_rank,__replication__,rank_selection_numerically_unresolved,rank_selection_numerically_unresolved,True,False,False,False,False,False,,,,,,3,dgp4_N100_T200_r00000_truth1-1-1,89878969bebeb89031b22004c450a0389fb6ef5003be6955014cb4b5bc6cbbe8,1255.083157800007,,rank_selection_numerically_unresolved: cap+1 pilot failed maintained acceptance diagnostics,True,True,True,constrained_optimality_failure
replication,beb5729f4f89ab13,4,100,200,1,selected_rank,__replication__,rank_selection_numerically_unresolved,rank_selection_numerically_unresolved,True,False,False,False,False,False,,,,,,3,dgp4_N100_T200_r00001_truth1-1-1,fb5064fd4a2924f2989af1646e2956c0d31928e93458adf066cf27b9945bc3f3,43.07369199999084,,rank_selection_numerically_unresolved: cap+1 pilot failed maintained acceptance diagnostics,False,False,False,not_needed_interior_fast_path
replication,beb5729f4f89ab13,4,100,200,2,selected_rank,__replication__,rank_selection_numerically_unresolved,rank_selection_numerically_unresolved,True,False,False,False,False,False,,,,,,3,dgp4_N100_T200_r00002_truth1-1-1,3eb5cf327aa1899804723206bc8da0d4aab3f20695d6497f8ff2fc96e809d677,2642.604798900007,,rank_selection_numerically_unresolved: cap+1 pilot failed maintained acceptance diagnostics,True,True,True,constrained_optimality_failure
replication,beb5729f4f89ab13,4,100,200,0,selected_rank,__replication__,rank_selection_numerically_unresolved,rank_selection_numerically_unresolved,True,False,False,False,False,False,,,,,,3,dgp4_N100_T200_r00000_truth2-1-1,0e0b4f752dc369027ab6d334233f0c6b58158f0268c8a9af057b7b44c0465ba1,50.77720789999876,,rank_selection_numerically_unresolved: cap+1 pilot failed maintained acceptance diagnostics,False,False,False,not_needed_interior_fast_path
replication,beb5729f4f89ab13,4,100,200,1,selected_rank,__replication__,rank_selection_numerically_unresolved,rank_selection_numerically_unresolved,True,False,False,False,False,False,,,,,,3,dgp4_N100_T200_r00001_truth2-1-1,5aaac5a955e27ad240da7382cf5860e13241a24a4507cbfe51d5feaef0c64c8e,50.54150020000816,,rank_selection_numerically_unresolved: cap+1 pilot failed maintained acceptance diagnostics,False,False,False,not_needed_interior_fast_path
replication,beb5729f4f89ab13,4,100,200,2,selected_rank,__replication__,rank_selection_numerically_unresolved,rank_selection_numerically_unresolved,True,False,False,False,False,False,,,,,,3,dgp4_N100_T200_r00002_truth2-1-1,2758a1ef16e5f25c9720db4b272ae4d5279621e09879c8678c73e3de999af438,55.776315399998566,,rank_selection_numerically_unresolved: cap+1 pilot failed maintained acceptance diagnostics,False,False,False,not_needed_interior_fast_path
replication,beb5729f4f89ab13,4,200,100,0,selected_rank,__replication__,rank_selection_numerically_unresolved,rank_selection_numerically_unresolved,True,False,False,False,False,False,,,,,,3,dgp4_N200_T100_r00000_truth1-0-2,84e2674449bca51f29c1896ded4897da1df9b86477804c8a90322240762373fb,492.52449880000495,,rank_selection_numerically_unresolved: cap+1 pilot failed maintained acceptance diagnostics,True,True,True,constrained_optimality_failure
replication,beb5729f4f89ab13,4,200,100,1,selected_rank,__replication__,rank_selection_numerically_unresolved,rank_selection_numerically_unresolved,True,False,False,False,False,False,,,,,,3,dgp4_N200_T100_r00001_truth1-0-2,61ef90816738ca5f688c358c3500a499455b685fe637e205398aaa230426d918,491.4468259999994,,rank_selection_numerically_unresolved: cap+1 pilot failed maintained acceptance diagnostics,True,True,True,constrained_optimality_failure
replication,beb5729f4f89ab13,4,200,100,2,selected_rank,__replication__,rank_selection_numerically_unresolved,rank_selection_numerically_unresolved,True,False,False,False,False,False,,,,,,3,dgp4_N200_T100_r00002_truth1-0-2,3087dd37a2a6d76e220547575224836efb31dc42b568d8296f6995718dc51b57,550.36370300001,,rank_selection_numerically_unresolved: cap+1 pilot failed maintained acceptance diagnostics,True,True,True,constrained_optimality_failure
replication,beb5729f4f89ab13,4,200,100,0,selected_rank,__replication__,rank_selection_numerically_unresolved,rank_selection_numerically_unresolved,True,False,False,False,False,False,,,,,,3,dgp4_N200_T100_r00000_truth1-1-1,cba96f49da82853e7c8a0cf6b5fb9bb86247e29388bf0b934fb032d02edaa9d7,761.4431117999993,,rank_selection_numerically_unresolved: cap+1 pilot failed maintained acceptance diagnostics,True,True,True,success
replication,beb5729f4f89ab13,4,200,100,1,selected_rank,__replication__,rank_selection_numerically_unresolved,rank_selection_numerically_unresolved,True,False,False,False,False,False,,,,,,3,dgp4_N200_T100_r00001_truth1-1-1,c5128be97b6f8993b0c9c271a45e4caed5ca4efbaa83d442a4da52c8206b169b,802.9986562000049,,rank_selection_numerically_unresolved: cap+1 pilot failed maintained acceptance diagnostics,True,True,True,success
replication,beb5729f4f89ab13,4,200,100,2,selected_rank,__replication__,rank_selection_numerically_unresolved,rank_selection_numerically_unresolved,True,False,False,False,False,False,,,,,,3,dgp4_N200_T100_r00002_truth1-1-1,f67f6e377eafd4c452e32121ffa7df7d339f3f512a3fbaa4832d3643a9dbfd1b,1845.8603211999944,,rank_selection_numerically_unresolved: cap+1 pilot failed maintained acceptance diagnostics,True,True,True,constrained_optimality_failure
replication,beb5729f4f89ab13,4,200,100,0,selected_rank,__replication__,rank_selection_numerically_unresolved,rank_selection_numerically_unresolved,True,False,False,False,False,False,,,,,,3,dgp4_N200_T100_r00000_truth2-1-1,fdc8958db21e6c18dcb490dbe9104902de9051cb3ef58287e2de9430d35596f3,63.250089399996796,,rank_selection_numerically_unresolved: cap+1 pilot failed maintained acceptance diagnostics,False,False,False,not_needed_interior_fast_path
replication,beb5729f4f89ab13,4,200,100,1,selected_rank,__replication__,rank_selection_numerically_unresolved,rank_selection_numerically_unresolved,True,False,False,False,False,False,,,,,,3,dgp4_N200_T100_r00001_truth2-1-1,0e243d9b5b5cee7faeebb54045eb302cc9ec5372a52f950a8a2c547567f99a50,62.943920799996704,,rank_selection_numerically_unresolved: cap+1 pilot failed maintained acceptance diagnostics,False,False,False,not_needed_interior_fast_path
replication,beb5729f4f89ab13,4,200,100,2,selected_rank,__replication__,rank_selection_numerically_unresolved,rank_selection_numerically_unresolved,True,False,False,False,False,False,,,,,,3,dgp4_N200_T100_r00002_truth2-1-1,0f71dfe154ea81c8077d136bb468604cdd3ba31538fd0e383e5bd40ca52f599e,63.31020279999939,,rank_selection_numerically_unresolved: cap+1 pilot failed maintained acceptance diagnostics,False,False,False,not_needed_interior_fast_path
replication,beb5729f4f89ab13,4,200,200,0,selected_rank,__replication__,rank_selection_numerically_unresolved,rank_selection_numerically_unresolved,True,False,False,False,False,False,,,,,,3,dgp4_N200_T200_r00000_truth1-0-2,3a98b004b6ed5d15db05904dfe1f8a07906338fab4cd4e3da16306ba6cc01aa2,68.39139689999865,,rank_selection_numerically_unresolved: cap+1 pilot failed maintained acceptance diagnostics,False,False,False,not_needed_interior_fast_path
replication,beb5729f4f89ab13,4,200,200,1,selected_rank,__replication__,rank_selection_numerically_unresolved,rank_selection_numerically_unresolved,True,False,False,False,False,False,,,,,,3,dgp4_N200_T200_r00001_truth1-0-2,1650467e17a7f93d629c48608aa46d4e375c26c3609aa76175cd792ae6ddb78b,68.56936150000547,,rank_selection_numerically_unresolved: cap+1 pilot failed maintained acceptance diagnostics,False,False,False,not_needed_interior_fast_path
replication,beb5729f4f89ab13,4,200,200,2,selected_rank,__replication__,rank_selection_numerically_unresolved,rank_selection_numerically_unresolved,True,False,False,False,False,False,,,,,,3,dgp4_N200_T200_r00002_truth1-0-2,d2aef40bb97a79951641229a471502557b363b700ccfdcd743aede32c37327c9,67.10904080000182,,rank_selection_numerically_unresolved: cap+1 pilot failed maintained acceptance diagnostics,False,False,False,not_needed_interior_fast_path
replication,beb5729f4f89ab13,4,200,200,0,selected_rank,__replication__,rank_selection_numerically_unresolved,rank_selection_numerically_unresolved,True,False,False,False,False,False,,,,,,3,dgp4_N200_T200_r00000_truth1-1-1,f64388918e7f370f28aeedc7ac51edfaf86c5c9dc2e8b00a49763ac080ac6dd8,1996.6749916000044,,rank_selection_numerically_unresolved: cap+1 pilot failed maintained acceptance diagnostics,True,True,False,constrained_optimality_failure
replication,beb5729f4f89ab13,4,200,200,1,selected_rank,__replication__,rank_selection_numerically_unresolved,rank_selection_numerically_unresolved,True,False,False,False,False,False,,,,,,3,dgp4_N200_T200_r00001_truth1-1-1,f3f2835016fe67a639f2d86d4db6e514c46127f9d137be5c8698d269b42b7993,1621.7396785999954,,rank_selection_numerically_unresolved: cap+1 pilot failed maintained acceptance diagnostics,True,True,True,constrained_optimality_failure
replication,beb5729f4f89ab13,4,200,200,2,selected_rank,__replication__,rank_selection_numerically_unresolved,rank_selection_numerically_unresolved,True,False,False,False,False,False,,,,,,3,dgp4_N200_T200_r00002_truth1-1-1,5b47fbfa42bdfbc99da2e52ba12fd37c71eb436710bd6dbde629485045cf31e9,72.78964279999491,,rank_selection_numerically_unresolved: cap+1 pilot failed maintained acceptance diagnostics,False,False,False,not_needed_interior_fast_path
replication,beb5729f4f89ab13,4,200,200,0,selected_rank,__replication__,rank_selection_numerically_unresolved,rank_selection_numerically_unresolved,True,False,False,False,False,False,,,,,,3,dgp4_N200_T200_r00000_truth2-1-1,5af206f5a44b2089f321b3966a2dcbdee8f89bb8d98e3efc6c70e5d32ae561f6,74.2875337000005,,rank_selection_numerically_unresolved: cap+1 pilot failed maintained acceptance diagnostics,False,False,False,not_needed_interior_fast_path
replication,beb5729f4f89ab13,4,200,200,1,selected_rank,__replication__,rank_selection_numerically_unresolved,rank_selection_numerically_unresolved,True,False,False,False,False,False,,,,,,3,dgp4_N200_T200_r00001_truth2-1-1,cfa82a83a8bf9847f9487283ea83247b6d648dd6facf333c5ee5fd021020dbb9,74.24442990000534,,rank_selection_numerically_unresolved: cap+1 pilot failed maintained acceptance diagnostics,False,False,False,not_needed_interior_fast_path
replication,beb5729f4f89ab13,4,200,200,2,selected_rank,__replication__,rank_selection_numerically_unresolved,rank_selection_numerically_unresolved,True,False,False,False,False,False,,,,,,3,dgp4_N200_T200_r00002_truth2-1-1,feeb4d8a1170b8312c0b3daa305d612c6dd0a3fbb836db03b526d28310b194ec,74.33561349999218,,rank_selection_numerically_unresolved: cap+1 pilot failed maintained acceptance diagnostics,False,False,False,not_needed_interior_fast_path
replication,beb5729f4f89ab13,4,50,50,0,selected_rank,__replication__,rank_selection_numerically_unresolved,rank_selection_numerically_unresolved,True,False,False,False,False,False,,,,,,3,dgp4_N50_T50_r00000_truth1-0-2,27950943253732c22e4ae5437367b73c78421645561ca129a2be2d76f2b107f2,580.8205031000107,,rank_selection_numerically_unresolved: cap+1 pilot failed maintained acceptance diagnostics,True,True,True,constrained_optimality_failure
replication,beb5729f4f89ab13,4,50,50,1,selected_rank,__replication__,rank_selection_numerically_unresolved,rank_selection_numerically_unresolved,True,False,False,False,False,False,,,,,,3,dgp4_N50_T50_r00001_truth1-0-2,a242d518b4b5b376bc9ae7d7f9bb64873fec9cc05c77ad060f3efb937aefa26c,589.5482898000046,,rank_selection_numerically_unresolved: cap+1 pilot failed maintained acceptance diagnostics,True,True,True,constrained_optimality_failure
replication,beb5729f4f89ab13,4,50,50,2,selected_rank,__replication__,rank_selection_numerically_unresolved,rank_selection_numerically_unresolved,True,False,False,False,False,False,,,,,,3,dgp4_N50_T50_r00002_truth1-0-2,e90a695e7891eb787f541224dd91b504c18a5afa148a0bbdf4b74df971a45882,630.8004692000104,,rank_selection_numerically_unresolved: cap+1 pilot failed maintained acceptance diagnostics,True,True,True,constrained_optimality_failure
replication,beb5729f4f89ab13,4,50,50,0,selected_rank,__replication__,rank_selection_numerically_unresolved,rank_selection_numerically_unresolved,True,False,False,False,False,False,,,,,,3,dgp4_N50_T50_r00000_truth1-1-1,b6ed931f20e79442842f92443fc93a30eabe72d9faadfc54c042e00dd3b3fb25,961.3210186000069,,rank_selection_numerically_unresolved: cap+1 pilot failed maintained acceptance diagnostics,True,True,True,constrained_optimality_failure
replication,beb5729f4f89ab13,4,50,50,1,selected_rank,__replication__,rank_selection_numerically_unresolved,rank_selection_numerically_unresolved,True,False,False,False,False,False,,,,,,3,dgp4_N50_T50_r00001_truth1-1-1,b217378d2534dd15feb995a61045ee6dd791122692ad6c1a9171b8792b51427b,873.5941110999993,,rank_selection_numerically_unresolved: cap+1 pilot failed maintained acceptance diagnostics,True,True,True,constrained_optimality_failure
replication,beb5729f4f89ab13,4,50,50,2,selected_rank,__replication__,rank_selection_numerically_unresolved,rank_selection_numerically_unresolved,True,False,False,False,False,False,,,,,,3,dgp4_N50_T50_r00002_truth1-1-1,c983c98c61d8a7f03dd6b48acf0ad1462b8a737bbae6df96a389185bec79b0a8,901.2866590000049,,rank_selection_numerically_unresolved: cap+1 pilot failed maintained acceptance diagnostics,True,True,True,constrained_optimality_failure
replication,beb5729f4f89ab13,4,50,50,0,selected_rank,__replication__,rank_selection_numerically_unresolved,rank_selection_numerically_unresolved,True,False,False,False,False,False,,,,,,3,dgp4_N50_T50_r00000_truth2-1-1,d30d646014fb9021217fa74eda55839fd0f4f9584a6713aa84136e05e2d66373,669.2003832000046,,rank_selection_numerically_unresolved: cap+1 pilot failed maintained acceptance diagnostics,True,True,True,constrained_optimality_failure
replication,beb5729f4f89ab13,4,50,50,1,selected_rank,__replication__,rank_selection_numerically_unresolved,rank_selection_numerically_unresolved,True,False,False,False,False,False,,,,,,3,dgp4_N50_T50_r00001_truth2-1-1,0e13f9bb7730d53c453abfc898139869fbfb1a6e8d228cafcb6f96dd1c6d2ab9,735.1977679999982,,rank_selection_numerically_unresolved: cap+1 pilot failed maintained acceptance diagnostics,True,True,True,constrained_optimality_failure
replication,beb5729f4f89ab13,4,50,50,2,selected_rank,__replication__,rank_selection_numerically_unresolved,rank_selection_numerically_unresolved,True,False,False,False,False,False,,,,,,3,dgp4_N50_T50_r00002_truth2-1-1,5a68e2dae9ce58c92830cb4479006e562cf1b498a1732c07d9561476ca9fa1ae,555.4856182999938,,rank_selection_numerically_unresolved: cap+1 pilot failed maintained acceptance diagnostics,True,True,True,constrained_optimality_failure
