dgp,N,method,fit_role,attempted_fits,unconstrained_outside_box_count,unconstrained_outside_box_rate,constrained_fallback_count,constrained_fallback_rate,boundary_active_count,boundary_active_rate,constrained_solver_failure_count,constrained_solver_failure_rate,constrained_feasibility_failure_count,constrained_feasibility_failure_rate,constrained_optimality_failure_count,constrained_optimality_failure_rate
1,50,fixed_rank,full_panel,9,0,0.0,0,0.0,0,0.0,0,0.0,0,0.0,0,0.0
1,50,fixed_rank,time_half_split,4,1,0.25,1,0.25,1,0.25,0,0.0,0,0.0,0,0.0
1,50,fixed_rank,unit_half_split,4,1,0.25,1,0.25,1,0.25,0,0.0,0,0.0,0,0.0
1,50,selected_rank,candidate_post_refit,194,94,0.4845360824742268,94,0.4845360824742268,93,0.4793814432989691,0,0.0,0,0.0,25,0.12886597938144329
1,50,selected_rank,cap_pilot,294,113,0.3843537414965986,113,0.3843537414965986,111,0.37755102040816324,0,0.0,0,0.0,18,0.061224489795918366
1,50,selected_rank,full_panel,3,0,0.0,0,0.0,0,0.0,0,0.0,0,0.0,0,0.0
1,50,selected_rank,time_half_split,6,0,0.0,0,0.0,0,0.0,0,0.0,0,0.0,0,0.0
1,50,selected_rank,unit_half_split,6,0,0.0,0,0.0,0,0.0,0,0.0,0,0.0,0,0.0
1,100,fixed_rank,full_panel,9,0,0.0,0,0.0,0,0.0,0,0.0,0,0.0,0,0.0
1,100,fixed_rank,time_half_split,6,0,0.0,0,0.0,0,0.0,0,0.0,0,0.0,0,0.0
1,100,fixed_rank,unit_half_split,6,0,0.0,0,0.0,0,0.0,0,0.0,0,0.0,0,0.0
1,100,selected_rank,candidate_post_refit,221,66,0.2986425339366516,66,0.2986425339366516,65,0.29411764705882354,0,0.0,0,0.0,9,0.04072398190045249
1,100,selected_rank,cap_pilot,382,84,0.2198952879581152,84,0.2198952879581152,84,0.2198952879581152,0,0.0,0,0.0,8,0.020942408376963352
1,100,selected_rank,full_panel,3,0,0.0,0,0.0,0,0.0,0,0.0,0,0.0,0,0.0
1,100,selected_rank,time_half_split,6,0,0.0,0,0.0,0,0.0,0,0.0,0,0.0,0,0.0
1,100,selected_rank,unit_half_split,6,0,0.0,0,0.0,0,0.0,0,0.0,0,0.0,0,0.0
2,50,fixed_rank,full_panel,9,0,0.0,0,0.0,0,0.0,0,0.0,0,0.0,0,0.0
2,50,fixed_rank,time_half_split,6,1,0.16666666666666666,1,0.16666666666666666,1,0.16666666666666666,0,0.0,0,0.0,0,0.0
2,50,fixed_rank,unit_half_split,6,0,0.0,0,0.0,0,0.0,0,0.0,0,0.0,0,0.0
2,50,selected_rank,candidate_post_refit,179,76,0.4245810055865922,76,0.4245810055865922,74,0.4134078212290503,0,0.0,0,0.0,8,0.0446927374301676
2,50,selected_rank,cap_pilot,449,216,0.48106904231625836,216,0.48106904231625836,210,0.46770601336302897,0,0.0,0,0.0,24,0.053452115812917596
2,50,selected_rank,full_panel,3,0,0.0,0,0.0,0,0.0,0,0.0,0,0.0,0,0.0
2,50,selected_rank,time_half_split,6,0,0.0,0,0.0,0,0.0,0,0.0,0,0.0,0,0.0
2,50,selected_rank,unit_half_split,6,0,0.0,0,0.0,0,0.0,0,0.0,0,0.0,0,0.0
2,100,fixed_rank,full_panel,9,0,0.0,0,0.0,0,0.0,0,0.0,0,0.0,0,0.0
2,100,fixed_rank,time_half_split,6,0,0.0,0,0.0,0,0.0,0,0.0,0,0.0,0,0.0
2,100,fixed_rank,unit_half_split,6,0,0.0,0,0.0,0,0.0,0,0.0,0,0.0,0,0.0
2,100,selected_rank,candidate_post_refit,197,46,0.233502538071066,46,0.233502538071066,45,0.22842639593908629,0,0.0,0,0.0,4,0.02030456852791878
2,100,selected_rank,cap_pilot,394,71,0.1802030456852792,71,0.1802030456852792,70,0.17766497461928935,0,0.0,0,0.0,6,0.015228426395939087
2,100,selected_rank,full_panel,3,0,0.0,0,0.0,0,0.0,0,0.0,0,0.0,0,0.0
2,100,selected_rank,time_half_split,6,0,0.0,0,0.0,0,0.0,0,0.0,0,0.0,0,0.0
2,100,selected_rank,unit_half_split,6,0,0.0,0,0.0,0,0.0,0,0.0,0,0.0,0,0.0
3,50,fixed_rank,full_panel,12,0,0.0,0,0.0,0,0.0,0,0.0,0,0.0,0,0.0
3,50,fixed_rank,time_half_split,2,1,0.5,1,0.5,1,0.5,0,0.0,0,0.0,0,0.0
3,50,fixed_rank,unit_half_split,2,0,0.0,0,0.0,0,0.0,0,0.0,0,0.0,0,0.0
3,50,selected_rank,candidate_post_refit,212,104,0.49056603773584906,104,0.49056603773584906,103,0.4858490566037736,0,0.0,0,0.0,12,0.05660377358490566
3,50,selected_rank,cap_pilot,334,174,0.5209580838323353,174,0.5209580838323353,173,0.5179640718562875,0,0.0,0,0.0,14,0.041916167664670656
3,50,selected_rank,full_panel,3,0,0.0,0,0.0,0,0.0,0,0.0,0,0.0,0,0.0
3,50,selected_rank,time_half_split,6,0,0.0,0,0.0,0,0.0,0,0.0,0,0.0,0,0.0
3,50,selected_rank,unit_half_split,6,0,0.0,0,0.0,0,0.0,0,0.0,0,0.0,0,0.0
3,100,fixed_rank,full_panel,9,0,0.0,0,0.0,0,0.0,0,0.0,0,0.0,0,0.0
3,100,fixed_rank,time_half_split,6,0,0.0,0,0.0,0,0.0,0,0.0,0,0.0,0,0.0
3,100,fixed_rank,unit_half_split,6,0,0.0,0,0.0,0,0.0,0,0.0,0,0.0,0,0.0
3,100,selected_rank,candidate_post_refit,180,50,0.2777777777777778,50,0.2777777777777778,46,0.25555555555555554,0,0.0,0,0.0,9,0.05
3,100,selected_rank,cap_pilot,464,123,0.2650862068965517,123,0.2650862068965517,122,0.2629310344827586,0,0.0,0,0.0,17,0.036637931034482756
3,100,selected_rank,full_panel,3,0,0.0,0,0.0,0,0.0,0,0.0,0,0.0,0,0.0
3,100,selected_rank,time_half_split,6,0,0.0,0,0.0,0,0.0,0,0.0,0,0.0,0,0.0
3,100,selected_rank,unit_half_split,6,0,0.0,0,0.0,0,0.0,0,0.0,0,0.0,0,0.0
4,50,fixed_rank,full_panel,9,0,0.0,0,0.0,0,0.0,0,0.0,0,0.0,0,0.0
4,50,fixed_rank,time_half_split,4,2,0.5,2,0.5,2,0.5,0,0.0,0,0.0,0,0.0
4,50,fixed_rank,unit_half_split,4,3,0.75,3,0.75,3,0.75,0,0.0,0,0.0,0,0.0
4,50,selected_rank,candidate_post_refit,196,84,0.42857142857142855,84,0.42857142857142855,84,0.42857142857142855,0,0.0,0,0.0,19,0.09693877551020408
4,50,selected_rank,cap_pilot,379,145,0.38258575197889183,145,0.38258575197889183,145,0.38258575197889183,0,0.0,0,0.0,28,0.07387862796833773
4,50,selected_rank,full_panel,3,0,0.0,0,0.0,0,0.0,0,0.0,0,0.0,0,0.0
4,50,selected_rank,time_half_split,6,0,0.0,0,0.0,0,0.0,0,0.0,0,0.0,0,0.0
4,50,selected_rank,unit_half_split,6,0,0.0,0,0.0,0,0.0,0,0.0,0,0.0,0,0.0
4,100,fixed_rank,full_panel,9,0,0.0,0,0.0,0,0.0,0,0.0,0,0.0,0,0.0
4,100,fixed_rank,time_half_split,6,0,0.0,0,0.0,0,0.0,0,0.0,0,0.0,0,0.0
4,100,fixed_rank,unit_half_split,6,0,0.0,0,0.0,0,0.0,0,0.0,0,0.0,0,0.0
4,100,selected_rank,candidate_post_refit,150,21,0.14,21,0.14,21,0.14,0,0.0,0,0.0,0,0.0
4,100,selected_rank,cap_pilot,413,52,0.12590799031476999,52,0.12590799031476999,52,0.12590799031476999,0,0.0,0,0.0,0,0.0
4,100,selected_rank,full_panel,3,0,0.0,0,0.0,0,0.0,0,0.0,0,0.0,0,0.0
4,100,selected_rank,time_half_split,6,0,0.0,0,0.0,0,0.0,0,0.0,0,0.0,0,0.0
4,100,selected_rank,unit_half_split,6,0,0.0,0,0.0,0,0.0,0,0.0,0,0.0,0,0.0
