dgp,N,method,target,attempted,target_support_rate,gram_min_eigenvalue_min,gram_max_eigenvalue_max,condition_number_max,riesz_residual_max,riesz_convergence_rate,target_rayleigh_min,invalid_variance_count,nonfinite_SE_count
1,50,fixed_rank,A_G1_fixed_time,2,1.0,0.1308897122525601,28.12915501577578,214.90730273360805,8.045758352541914e-09,1.0,2.7013377265072425,0,0
1,50,fixed_rank,A_G1_time_average,2,1.0,0.1308897122525601,28.12915501577578,214.90730273360805,9.125987672335993e-09,1.0,0.8312132215354541,0,0
1,50,fixed_rank,A_G2_fixed_time,2,1.0,0.1308897122525601,28.12915501577578,214.90730273360805,8.45044797932842e-09,1.0,2.727029790646231,0,0
1,50,fixed_rank,A_G2_minus_G1_time_average,2,1.0,0.1308897122525601,28.12915501577578,214.90730273360805,8.727635032370631e-09,1.0,2.5184302948665707,0,0
1,50,fixed_rank,A_G2_time_average,2,1.0,0.1308897122525601,28.12915501577578,214.90730273360805,8.45440585518284e-09,1.0,0.8949345107607973,0,0
1,50,fixed_rank,A_entry,2,1.0,0.1308897122525601,28.12915501577578,214.90730273360805,9.970490104246065e-09,1.0,3.199592178726605,0,0
1,50,fixed_rank,A_fixed_time_mean,2,1.0,0.1308897122525601,28.12915501577578,214.90730273360805,8.157990573019325e-09,1.0,2.724495504437071,0,0
1,50,fixed_rank,A_full_mean,2,1.0,0.1308897122525601,28.12915501577578,214.90730273360805,9.957615379706173e-09,1.0,0.6191866614299754,0,0
1,50,fixed_rank,B_G1_fixed_time,2,1.0,0.1308897122525601,28.12915501577578,214.90730273360805,9.811908096998449e-09,1.0,0.6310131346196867,0,0
1,50,fixed_rank,B_G1_time_average,2,1.0,0.1308897122525601,28.12915501577578,214.90730273360805,7.497215230351075e-09,1.0,0.6699507802675511,0,0
1,50,fixed_rank,B_G2_fixed_time,2,1.0,0.1308897122525601,28.12915501577578,214.90730273360805,7.709859221314198e-09,1.0,0.6703800896087423,0,0
1,50,fixed_rank,B_G2_minus_G1_time_average,2,1.0,0.1308897122525601,28.12915501577578,214.90730273360805,7.732948204661747e-09,1.0,0.6815780968980133,0,0
1,50,fixed_rank,B_G2_time_average,2,1.0,0.1308897122525601,28.12915501577578,214.90730273360805,9.702413703227445e-09,1.0,0.635388011823257,0,0
1,50,fixed_rank,B_entry,2,1.0,0.1308897122525601,28.12915501577578,214.90730273360805,7.861776218373568e-09,1.0,0.8708750096656025,0,0
1,50,fixed_rank,B_fixed_time_mean,2,1.0,0.1308897122525601,28.12915501577578,214.90730273360805,6.795548787905625e-09,1.0,0.6439743056782979,0,0
1,50,fixed_rank,B_full_mean,2,1.0,0.1308897122525601,28.12915501577578,214.90730273360805,9.094012249557142e-09,1.0,0.6285901522923152,0,0
1,50,selected_rank,A_G1_fixed_time,3,0.0,,,,,0.0,,3,3
1,50,selected_rank,A_G1_time_average,3,0.0,,,,,0.0,,3,3
1,50,selected_rank,A_G2_fixed_time,3,0.0,,,,,0.0,,3,3
1,50,selected_rank,A_G2_minus_G1_time_average,3,0.0,,,,,0.0,,3,3
1,50,selected_rank,A_G2_time_average,3,0.0,,,,,0.0,,3,3
1,50,selected_rank,A_entry,3,0.0,,,,,0.0,,3,3
1,50,selected_rank,A_fixed_time_mean,3,0.0,,,,,0.0,,3,3
1,50,selected_rank,A_full_mean,3,0.0,,,,,0.0,,3,3
1,50,selected_rank,B_G1_fixed_time,3,0.0,,,,,0.0,,3,3
1,50,selected_rank,B_G1_time_average,3,0.0,,,,,0.0,,3,3
1,50,selected_rank,B_G2_fixed_time,3,0.0,,,,,0.0,,3,3
1,50,selected_rank,B_G2_minus_G1_time_average,3,0.0,,,,,0.0,,3,3
1,50,selected_rank,B_G2_time_average,3,0.0,,,,,0.0,,3,3
1,50,selected_rank,B_entry,3,0.0,,,,,0.0,,3,3
1,50,selected_rank,B_fixed_time_mean,3,0.0,,,,,0.0,,3,3
1,50,selected_rank,B_full_mean,3,0.0,,,,,0.0,,3,3
1,100,fixed_rank,A_G1_fixed_time,3,1.0,0.18034788889596762,54.19224097921007,300.4872488996557,9.556937584728984e-09,1.0,0.9317317106079699,0,0
1,100,fixed_rank,A_G1_time_average,3,1.0,0.18034788889596762,54.19224097921007,300.4872488996557,9.516079623126606e-09,1.0,1.3256430808224238,0,0
1,100,fixed_rank,A_G2_fixed_time,3,1.0,0.18034788889596762,54.19224097921007,300.4872488996557,9.793358867052135e-09,1.0,0.9167756715913689,0,0
1,100,fixed_rank,A_G2_minus_G1_time_average,3,1.0,0.18034788889596762,54.19224097921007,300.4872488996557,9.728939378736672e-09,1.0,2.5258519612111865,0,0
1,100,fixed_rank,A_G2_time_average,3,1.0,0.18034788889596762,54.19224097921007,300.4872488996557,9.748730476716456e-09,1.0,1.1243225891044797,0,0
1,100,fixed_rank,A_entry,3,1.0,0.18034788889596762,54.19224097921007,300.4872488996557,9.865068391019905e-09,1.0,1.5370077059239804,0,0
1,100,fixed_rank,A_fixed_time_mean,3,1.0,0.18034788889596762,54.19224097921007,300.4872488996557,9.568332615462355e-09,1.0,0.9105540540590794,0,0
1,100,fixed_rank,A_full_mean,3,1.0,0.18034788889596762,54.19224097921007,300.4872488996557,9.653238666891913e-09,1.0,0.9158259065718725,0,0
1,100,fixed_rank,B_G1_fixed_time,3,1.0,0.18034788889596762,54.19224097921007,300.4872488996557,9.076925490124764e-09,1.0,0.7865012284251346,0,0
1,100,fixed_rank,B_G1_time_average,3,1.0,0.18034788889596762,54.19224097921007,300.4872488996557,9.724918454033696e-09,1.0,0.7650762492911929,0,0
1,100,fixed_rank,B_G2_fixed_time,3,1.0,0.18034788889596762,54.19224097921007,300.4872488996557,9.457546248085485e-09,1.0,0.7792824915473627,0,0
1,100,fixed_rank,B_G2_minus_G1_time_average,3,1.0,0.18034788889596762,54.19224097921007,300.4872488996557,8.837010260362696e-09,1.0,0.7854079218000539,0,0
1,100,fixed_rank,B_G2_time_average,3,1.0,0.18034788889596762,54.19224097921007,300.4872488996557,9.680795155362245e-09,1.0,0.7793185730031617,0,0
1,100,fixed_rank,B_entry,3,1.0,0.18034788889596762,54.19224097921007,300.4872488996557,9.44217827503641e-09,1.0,0.6804377427359387,0,0
1,100,fixed_rank,B_fixed_time_mean,3,1.0,0.18034788889596762,54.19224097921007,300.4872488996557,9.683767978545337e-09,1.0,0.7818918842756775,0,0
1,100,fixed_rank,B_full_mean,3,1.0,0.18034788889596762,54.19224097921007,300.4872488996557,9.951142337591142e-09,1.0,0.7612059605028417,0,0
1,100,selected_rank,A_G1_fixed_time,3,0.0,,,,,0.0,,3,3
1,100,selected_rank,A_G1_time_average,3,0.0,,,,,0.0,,3,3
1,100,selected_rank,A_G2_fixed_time,3,0.0,,,,,0.0,,3,3
1,100,selected_rank,A_G2_minus_G1_time_average,3,0.0,,,,,0.0,,3,3
1,100,selected_rank,A_G2_time_average,3,0.0,,,,,0.0,,3,3
1,100,selected_rank,A_entry,3,0.0,,,,,0.0,,3,3
1,100,selected_rank,A_fixed_time_mean,3,0.0,,,,,0.0,,3,3
1,100,selected_rank,A_full_mean,3,0.0,,,,,0.0,,3,3
1,100,selected_rank,B_G1_fixed_time,3,0.0,,,,,0.0,,3,3
1,100,selected_rank,B_G1_time_average,3,0.0,,,,,0.0,,3,3
1,100,selected_rank,B_G2_fixed_time,3,0.0,,,,,0.0,,3,3
1,100,selected_rank,B_G2_minus_G1_time_average,3,0.0,,,,,0.0,,3,3
1,100,selected_rank,B_G2_time_average,3,0.0,,,,,0.0,,3,3
1,100,selected_rank,B_entry,3,0.0,,,,,0.0,,3,3
1,100,selected_rank,B_fixed_time_mean,3,0.0,,,,,0.0,,3,3
1,100,selected_rank,B_full_mean,3,0.0,,,,,0.0,,3,3
2,50,fixed_rank,A_G1_fixed_time,3,1.0,0.11383350379047824,51.350526701071004,361.3334622500763,9.61343916163612e-09,1.0,1.141665599682785,0,0
2,50,fixed_rank,A_G1_time_average,3,1.0,0.11383350379047824,51.350526701071004,361.3334622500763,9.142687014064778e-09,1.0,0.7959430326451834,0,0
2,50,fixed_rank,A_G2_fixed_time,3,1.0,0.11383350379047824,51.350526701071004,361.3334622500763,8.26837170329229e-09,1.0,1.1429363537554862,0,0
2,50,fixed_rank,A_G2_minus_G1_time_average,3,1.0,0.11383350379047824,51.350526701071004,361.3334622500763,8.851168014361556e-09,1.0,2.653105953635392,0,0
2,50,fixed_rank,A_G2_time_average,3,1.0,0.11383350379047824,51.350526701071004,361.3334622500763,9.231061762745023e-09,1.0,0.7618946013398317,0,0
2,50,fixed_rank,A_entry,3,1.0,0.11383350379047824,51.350526701071004,361.3334622500763,9.661128362555182e-09,1.0,1.15066900031677,0,0
2,50,fixed_rank,A_fixed_time_mean,3,1.0,0.11383350379047824,51.350526701071004,361.3334622500763,9.628473351845941e-09,1.0,1.1417193057181172,0,0
2,50,fixed_rank,A_full_mean,3,1.0,0.11383350379047824,51.350526701071004,361.3334622500763,9.908105699277326e-09,1.0,0.5554045867896074,0,0
2,50,fixed_rank,B_G1_fixed_time,3,1.0,0.11383350379047824,51.350526701071004,361.3334622500763,9.712258568638108e-09,1.0,0.8962030215240816,0,0
2,50,fixed_rank,B_G1_time_average,3,1.0,0.11383350379047824,51.350526701071004,361.3334622500763,9.722926766804311e-09,1.0,0.6359998784894839,0,0
2,50,fixed_rank,B_G2_fixed_time,3,1.0,0.11383350379047824,51.350526701071004,361.3334622500763,9.710522502354585e-09,1.0,0.9000347862928403,0,0
2,50,fixed_rank,B_G2_minus_G1_time_average,3,1.0,0.11383350379047824,51.350526701071004,361.3334622500763,9.850033965754794e-09,1.0,0.7807076377702933,0,0
2,50,fixed_rank,B_G2_time_average,3,1.0,0.11383350379047824,51.350526701071004,361.3334622500763,9.436217507487775e-09,1.0,0.7183722880247387,0,0
2,50,fixed_rank,B_entry,3,1.0,0.11383350379047824,51.350526701071004,361.3334622500763,8.808374824621338e-09,1.0,0.5558215018900821,0,0
2,50,fixed_rank,B_fixed_time_mean,3,1.0,0.11383350379047824,51.350526701071004,361.3334622500763,9.614288420477392e-09,1.0,0.8989732757321283,0,0
2,50,fixed_rank,B_full_mean,3,1.0,0.11383350379047824,51.350526701071004,361.3334622500763,7.596340816723521e-09,1.0,0.6423413263250016,0,0
2,50,selected_rank,A_G1_fixed_time,3,0.0,,,,,0.0,,3,3
2,50,selected_rank,A_G1_time_average,3,0.0,,,,,0.0,,3,3
2,50,selected_rank,A_G2_fixed_time,3,0.0,,,,,0.0,,3,3
2,50,selected_rank,A_G2_minus_G1_time_average,3,0.0,,,,,0.0,,3,3
2,50,selected_rank,A_G2_time_average,3,0.0,,,,,0.0,,3,3
2,50,selected_rank,A_entry,3,0.0,,,,,0.0,,3,3
2,50,selected_rank,A_fixed_time_mean,3,0.0,,,,,0.0,,3,3
2,50,selected_rank,A_full_mean,3,0.0,,,,,0.0,,3,3
2,50,selected_rank,B_G1_fixed_time,3,0.0,,,,,0.0,,3,3
2,50,selected_rank,B_G1_time_average,3,0.0,,,,,0.0,,3,3
2,50,selected_rank,B_G2_fixed_time,3,0.0,,,,,0.0,,3,3
2,50,selected_rank,B_G2_minus_G1_time_average,3,0.0,,,,,0.0,,3,3
2,50,selected_rank,B_G2_time_average,3,0.0,,,,,0.0,,3,3
2,50,selected_rank,B_entry,3,0.0,,,,,0.0,,3,3
2,50,selected_rank,B_fixed_time_mean,3,0.0,,,,,0.0,,3,3
2,50,selected_rank,B_full_mean,3,0.0,,,,,0.0,,3,3
2,100,fixed_rank,A_G1_fixed_time,3,1.0,0.16477592353858805,43.43806224576771,233.39843892883866,9.678927395877004e-09,1.0,0.9795935679410053,0,0
2,100,fixed_rank,A_G1_time_average,3,1.0,0.16477592353858805,43.43806224576771,233.39843892883866,8.067001743843108e-09,1.0,1.0867784208311781,0,0
2,100,fixed_rank,A_G2_fixed_time,3,1.0,0.16477592353858805,43.43806224576771,233.39843892883866,9.37150398158355e-09,1.0,0.9774588614819619,0,0
2,100,fixed_rank,A_G2_minus_G1_time_average,3,1.0,0.16477592353858805,43.43806224576771,233.39843892883866,9.257820907848778e-09,1.0,3.4212806856304643,0,0
2,100,fixed_rank,A_G2_time_average,3,1.0,0.16477592353858805,43.43806224576771,233.39843892883866,9.46910746016696e-09,1.0,1.0400093560244175,0,0
2,100,fixed_rank,A_entry,3,1.0,0.16477592353858805,43.43806224576771,233.39843892883866,9.592597428002659e-09,1.0,1.6149837873389545,0,0
2,100,fixed_rank,A_fixed_time_mean,3,1.0,0.16477592353858805,43.43806224576771,233.39843892883866,9.55117227259011e-09,1.0,0.9766773364476437,0,0
2,100,fixed_rank,A_full_mean,3,1.0,0.16477592353858805,43.43806224576771,233.39843892883866,9.845896416582605e-09,1.0,0.7747580706705143,0,0
2,100,fixed_rank,B_G1_fixed_time,3,1.0,0.16477592353858805,43.43806224576771,233.39843892883866,9.844390557391729e-09,1.0,0.8743906687111357,0,0
2,100,fixed_rank,B_G1_time_average,3,1.0,0.16477592353858805,43.43806224576771,233.39843892883866,8.499806271739804e-09,1.0,0.814955218054179,0,0
2,100,fixed_rank,B_G2_fixed_time,3,1.0,0.16477592353858805,43.43806224576771,233.39843892883866,9.919190847440321e-09,1.0,0.8673110855270284,0,0
2,100,fixed_rank,B_G2_minus_G1_time_average,3,1.0,0.16477592353858805,43.43806224576771,233.39843892883866,9.020440939191201e-09,1.0,0.8661782191134627,0,0
2,100,fixed_rank,B_G2_time_average,3,1.0,0.16477592353858805,43.43806224576771,233.39843892883866,9.229997762755658e-09,1.0,0.8206809483058081,0,0
2,100,fixed_rank,B_entry,3,1.0,0.16477592353858805,43.43806224576771,233.39843892883866,8.918052872954689e-09,1.0,0.8046189210791475,0,0
2,100,fixed_rank,B_fixed_time_mean,3,1.0,0.16477592353858805,43.43806224576771,233.39843892883866,9.901183473655645e-09,1.0,0.8696621185606667,0,0
2,100,fixed_rank,B_full_mean,3,1.0,0.16477592353858805,43.43806224576771,233.39843892883866,9.323252320387236e-09,1.0,0.8077534320237414,0,0
2,100,selected_rank,A_G1_fixed_time,3,0.0,,,,,0.0,,3,3
2,100,selected_rank,A_G1_time_average,3,0.0,,,,,0.0,,3,3
2,100,selected_rank,A_G2_fixed_time,3,0.0,,,,,0.0,,3,3
2,100,selected_rank,A_G2_minus_G1_time_average,3,0.0,,,,,0.0,,3,3
2,100,selected_rank,A_G2_time_average,3,0.0,,,,,0.0,,3,3
2,100,selected_rank,A_entry,3,0.0,,,,,0.0,,3,3
2,100,selected_rank,A_fixed_time_mean,3,0.0,,,,,0.0,,3,3
2,100,selected_rank,A_full_mean,3,0.0,,,,,0.0,,3,3
2,100,selected_rank,B_G1_fixed_time,3,0.0,,,,,0.0,,3,3
2,100,selected_rank,B_G1_time_average,3,0.0,,,,,0.0,,3,3
2,100,selected_rank,B_G2_fixed_time,3,0.0,,,,,0.0,,3,3
2,100,selected_rank,B_G2_minus_G1_time_average,3,0.0,,,,,0.0,,3,3
2,100,selected_rank,B_G2_time_average,3,0.0,,,,,0.0,,3,3
2,100,selected_rank,B_entry,3,0.0,,,,,0.0,,3,3
2,100,selected_rank,B_fixed_time_mean,3,0.0,,,,,0.0,,3,3
2,100,selected_rank,B_full_mean,3,0.0,,,,,0.0,,3,3
3,50,fixed_rank,A_G1_fixed_time,1,1.0,0.2548296532112522,40.07740224831833,157.27134477200894,8.592486247778054e-09,1.0,1.585446623356438,0,0
3,50,fixed_rank,A_G1_time_average,1,1.0,0.2548296532112522,40.07740224831833,157.27134477200894,9.758990262224576e-09,1.0,1.269464114194925,0,0
3,50,fixed_rank,A_G2_fixed_time,1,1.0,0.2548296532112522,40.07740224831833,157.27134477200894,7.49356865792364e-09,1.0,1.5205444765470322,0,0
3,50,fixed_rank,A_G2_minus_G1_time_average,1,1.0,0.2548296532112522,40.07740224831833,157.27134477200894,7.593101098147133e-09,1.0,3.1405441062811508,0,0
3,50,fixed_rank,A_G2_time_average,1,1.0,0.2548296532112522,40.07740224831833,157.27134477200894,8.943840360038623e-09,1.0,0.9862521115239002,0,0
3,50,fixed_rank,A_entry,1,1.0,0.2548296532112522,40.07740224831833,157.27134477200894,8.726209428890246e-09,1.0,2.243202425337363,0,0
3,50,fixed_rank,A_fixed_time_mean,1,1.0,0.2548296532112522,40.07740224831833,157.27134477200894,6.091850394364728e-09,1.0,1.5331894052040287,0,0
3,50,fixed_rank,A_full_mean,1,1.0,0.2548296532112522,40.07740224831833,157.27134477200894,8.765425332086287e-09,1.0,0.7992459312065608,0,0
3,50,fixed_rank,B_G1_fixed_time,1,1.0,0.2548296532112522,40.07740224831833,157.27134477200894,9.955604012641202e-09,1.0,0.7650321526080497,0,0
3,50,fixed_rank,B_G1_time_average,1,1.0,0.2548296532112522,40.07740224831833,157.27134477200894,9.879786516158693e-09,1.0,0.744664473526039,0,0
3,50,fixed_rank,B_G2_fixed_time,1,1.0,0.2548296532112522,40.07740224831833,157.27134477200894,9.672249487076563e-09,1.0,0.7615709247849782,0,0
3,50,fixed_rank,B_G2_minus_G1_time_average,1,1.0,0.2548296532112522,40.07740224831833,157.27134477200894,6.64970809970076e-09,1.0,0.7996295101933973,0,0
3,50,fixed_rank,B_G2_time_average,1,1.0,0.2548296532112522,40.07740224831833,157.27134477200894,9.245889360615319e-09,1.0,0.6731144517256705,0,0
3,50,fixed_rank,B_entry,1,1.0,0.2548296532112522,40.07740224831833,157.27134477200894,9.375894960173712e-09,1.0,0.9330738875822182,0,0
3,50,fixed_rank,B_fixed_time_mean,1,1.0,0.2548296532112522,40.07740224831833,157.27134477200894,8.773596712942154e-09,1.0,0.761467924848015,0,0
3,50,fixed_rank,B_full_mean,1,1.0,0.2548296532112522,40.07740224831833,157.27134477200894,9.479141029097165e-09,1.0,0.6549164600518784,0,0
3,50,selected_rank,A_G1_fixed_time,3,0.0,,,,,0.0,,3,3
3,50,selected_rank,A_G1_time_average,3,0.0,,,,,0.0,,3,3
3,50,selected_rank,A_G2_fixed_time,3,0.0,,,,,0.0,,3,3
3,50,selected_rank,A_G2_minus_G1_time_average,3,0.0,,,,,0.0,,3,3
3,50,selected_rank,A_G2_time_average,3,0.0,,,,,0.0,,3,3
3,50,selected_rank,A_entry,3,0.0,,,,,0.0,,3,3
3,50,selected_rank,A_fixed_time_mean,3,0.0,,,,,0.0,,3,3
3,50,selected_rank,A_full_mean,3,0.0,,,,,0.0,,3,3
3,50,selected_rank,B_G1_fixed_time,3,0.0,,,,,0.0,,3,3
3,50,selected_rank,B_G1_time_average,3,0.0,,,,,0.0,,3,3
3,50,selected_rank,B_G2_fixed_time,3,0.0,,,,,0.0,,3,3
3,50,selected_rank,B_G2_minus_G1_time_average,3,0.0,,,,,0.0,,3,3
3,50,selected_rank,B_G2_time_average,3,0.0,,,,,0.0,,3,3
3,50,selected_rank,B_entry,3,0.0,,,,,0.0,,3,3
3,50,selected_rank,B_fixed_time_mean,3,0.0,,,,,0.0,,3,3
3,50,selected_rank,B_full_mean,3,0.0,,,,,0.0,,3,3
3,100,fixed_rank,A_G1_fixed_time,3,1.0,0.16983639179879514,46.288400339067394,272.5470074394019,8.52700436452725e-09,1.0,1.3390426202464663,0,0
3,100,fixed_rank,A_G1_time_average,3,1.0,0.16983639179879514,46.288400339067394,272.5470074394019,9.0716388486795e-09,1.0,1.0802351649196305,0,0
3,100,fixed_rank,A_G2_fixed_time,3,1.0,0.16983639179879514,46.288400339067394,272.5470074394019,9.415380225893725e-09,1.0,1.34599886479423,0,0
3,100,fixed_rank,A_G2_minus_G1_time_average,3,1.0,0.16983639179879514,46.288400339067394,272.5470074394019,9.714448545331502e-09,1.0,2.442163287915292,0,0
3,100,fixed_rank,A_G2_time_average,3,1.0,0.16983639179879514,46.288400339067394,272.5470074394019,8.476792243561439e-09,1.0,1.0249257971532677,0,0
3,100,fixed_rank,A_entry,3,1.0,0.16983639179879514,46.288400339067394,272.5470074394019,7.805588629426236e-09,1.0,1.9267202608868639,0,0
3,100,fixed_rank,A_fixed_time_mean,3,1.0,0.16983639179879514,46.288400339067394,272.5470074394019,9.445617336937793e-09,1.0,1.3348873369740046,0,0
3,100,fixed_rank,A_full_mean,3,1.0,0.16983639179879514,46.288400339067394,272.5470074394019,8.879630803272344e-09,1.0,0.7788516078537336,0,0
3,100,fixed_rank,B_G1_fixed_time,3,1.0,0.16983639179879514,46.288400339067394,272.5470074394019,9.905310028059132e-09,1.0,0.9567897595764028,0,0
3,100,fixed_rank,B_G1_time_average,3,1.0,0.16983639179879514,46.288400339067394,272.5470074394019,9.953461807281596e-09,1.0,0.6838429248863298,0,0
3,100,fixed_rank,B_G2_fixed_time,3,1.0,0.16983639179879514,46.288400339067394,272.5470074394019,9.326881871120483e-09,1.0,0.9550975751841078,0,0
3,100,fixed_rank,B_G2_minus_G1_time_average,3,1.0,0.16983639179879514,46.288400339067394,272.5470074394019,9.770424931957207e-09,1.0,0.8358698777519737,0,0
3,100,fixed_rank,B_G2_time_average,3,1.0,0.16983639179879514,46.288400339067394,272.5470074394019,9.97316746856513e-09,1.0,0.7347654963948703,0,0
3,100,fixed_rank,B_entry,3,1.0,0.16983639179879514,46.288400339067394,272.5470074394019,9.586781237952596e-09,1.0,0.8669840721876839,0,0
3,100,fixed_rank,B_fixed_time_mean,3,1.0,0.16983639179879514,46.288400339067394,272.5470074394019,9.636384733157664e-09,1.0,0.956023401950531,0,0
3,100,fixed_rank,B_full_mean,3,1.0,0.16983639179879514,46.288400339067394,272.5470074394019,9.406217040031807e-09,1.0,0.6823266775625153,0,0
3,100,selected_rank,A_G1_fixed_time,3,0.0,,,,,0.0,,3,3
3,100,selected_rank,A_G1_time_average,3,0.0,,,,,0.0,,3,3
3,100,selected_rank,A_G2_fixed_time,3,0.0,,,,,0.0,,3,3
3,100,selected_rank,A_G2_minus_G1_time_average,3,0.0,,,,,0.0,,3,3
3,100,selected_rank,A_G2_time_average,3,0.0,,,,,0.0,,3,3
3,100,selected_rank,A_entry,3,0.0,,,,,0.0,,3,3
3,100,selected_rank,A_fixed_time_mean,3,0.0,,,,,0.0,,3,3
3,100,selected_rank,A_full_mean,3,0.0,,,,,0.0,,3,3
3,100,selected_rank,B_G1_fixed_time,3,0.0,,,,,0.0,,3,3
3,100,selected_rank,B_G1_time_average,3,0.0,,,,,0.0,,3,3
3,100,selected_rank,B_G2_fixed_time,3,0.0,,,,,0.0,,3,3
3,100,selected_rank,B_G2_minus_G1_time_average,3,0.0,,,,,0.0,,3,3
3,100,selected_rank,B_G2_time_average,3,0.0,,,,,0.0,,3,3
3,100,selected_rank,B_entry,3,0.0,,,,,0.0,,3,3
3,100,selected_rank,B_fixed_time_mean,3,0.0,,,,,0.0,,3,3
3,100,selected_rank,B_full_mean,3,0.0,,,,,0.0,,3,3
4,50,fixed_rank,A_G1_fixed_time,2,1.0,0.13570772127717962,55.895791825014484,411.8836518583105,9.02063149207596e-09,1.0,4.021192568564322,0,0
4,50,fixed_rank,A_G1_time_average,2,1.0,0.13570772127717962,55.895791825014484,411.8836518583105,8.58502177248819e-09,1.0,0.9813263453791721,0,0
4,50,fixed_rank,A_G2_fixed_time,2,1.0,0.13570772127717962,55.895791825014484,411.8836518583105,8.409466645345779e-09,1.0,4.909159982611792,0,0
4,50,fixed_rank,A_G2_minus_G1_fixed_time,2,1.0,0.13570772127717962,55.895791825014484,411.8836518583105,9.873029269236466e-09,1.0,2.669229990392713,0,0
4,50,fixed_rank,A_G2_minus_G1_time_average,2,1.0,0.13570772127717962,55.895791825014484,411.8836518583105,8.549520674582945e-09,1.0,2.01632404323006,0,0
4,50,fixed_rank,A_G2_time_average,2,1.0,0.13570772127717962,55.895791825014484,411.8836518583105,9.856263766943481e-09,1.0,0.7016290934790482,0,0
4,50,fixed_rank,A_entry,2,1.0,0.13570772127717962,55.895791825014484,411.8836518583105,8.900977267456126e-09,1.0,2.7172807548168016,0,0
4,50,fixed_rank,A_fixed_time_mean,2,1.0,0.13570772127717962,55.895791825014484,411.8836518583105,8.757938060003986e-09,1.0,4.708148050561991,0,0
4,50,fixed_rank,A_full_mean,2,1.0,0.13570772127717962,55.895791825014484,411.8836518583105,9.237629183094383e-09,1.0,0.6167802765911005,0,0
4,50,fixed_rank,B_G1_fixed_time,2,1.0,0.13570772127717962,55.895791825014484,411.8836518583105,9.707969145678326e-09,1.0,0.7540000818697015,0,0
4,50,fixed_rank,B_G1_time_average,2,1.0,0.13570772127717962,55.895791825014484,411.8836518583105,9.851627310032184e-09,1.0,0.6113581165314959,0,0
4,50,fixed_rank,B_G2_fixed_time,2,1.0,0.13570772127717962,55.895791825014484,411.8836518583105,9.594167101835198e-09,1.0,0.8011697857916964,0,0
4,50,fixed_rank,B_G2_minus_G1_fixed_time,2,1.0,0.13570772127717962,55.895791825014484,411.8836518583105,8.8143108192375e-09,1.0,0.8038009971392707,0,0
4,50,fixed_rank,B_G2_minus_G1_time_average,2,1.0,0.13570772127717962,55.895791825014484,411.8836518583105,8.613780546889892e-09,1.0,0.710343403979603,0,0
4,50,fixed_rank,B_G2_time_average,2,1.0,0.13570772127717962,55.895791825014484,411.8836518583105,9.911043107407066e-09,1.0,0.6415755463548868,0,0
4,50,fixed_rank,B_entry,2,1.0,0.13570772127717962,55.895791825014484,411.8836518583105,9.929429847127936e-09,1.0,0.9739212655696277,0,0
4,50,fixed_rank,B_fixed_time_mean,2,1.0,0.13570772127717962,55.895791825014484,411.8836518583105,9.857457450316562e-09,1.0,0.7861544186882791,0,0
4,50,fixed_rank,B_full_mean,2,1.0,0.13570772127717962,55.895791825014484,411.8836518583105,9.121923372405001e-09,1.0,0.5806211809771628,0,0
4,50,selected_rank,A_G1_fixed_time,3,0.0,,,,,0.0,,3,3
4,50,selected_rank,A_G1_time_average,3,0.0,,,,,0.0,,3,3
4,50,selected_rank,A_G2_fixed_time,3,0.0,,,,,0.0,,3,3
4,50,selected_rank,A_G2_minus_G1_fixed_time,3,0.0,,,,,0.0,,3,3
4,50,selected_rank,A_G2_minus_G1_time_average,3,0.0,,,,,0.0,,3,3
4,50,selected_rank,A_G2_time_average,3,0.0,,,,,0.0,,3,3
4,50,selected_rank,A_entry,3,0.0,,,,,0.0,,3,3
4,50,selected_rank,A_fixed_time_mean,3,0.0,,,,,0.0,,3,3
4,50,selected_rank,A_full_mean,3,0.0,,,,,0.0,,3,3
4,50,selected_rank,B_G1_fixed_time,3,0.0,,,,,0.0,,3,3
4,50,selected_rank,B_G1_time_average,3,0.0,,,,,0.0,,3,3
4,50,selected_rank,B_G2_fixed_time,3,0.0,,,,,0.0,,3,3
4,50,selected_rank,B_G2_minus_G1_fixed_time,3,0.0,,,,,0.0,,3,3
4,50,selected_rank,B_G2_minus_G1_time_average,3,0.0,,,,,0.0,,3,3
4,50,selected_rank,B_G2_time_average,3,0.0,,,,,0.0,,3,3
4,50,selected_rank,B_entry,3,0.0,,,,,0.0,,3,3
4,50,selected_rank,B_fixed_time_mean,3,0.0,,,,,0.0,,3,3
4,50,selected_rank,B_full_mean,3,0.0,,,,,0.0,,3,3
4,100,fixed_rank,A_G1_fixed_time,3,1.0,0.18940471157185304,38.80783794116115,204.89373056825414,9.600360185434535e-09,1.0,1.2784903973881734,0,0
4,100,fixed_rank,A_G1_time_average,3,1.0,0.18940471157185304,38.80783794116115,204.89373056825414,7.943476992517215e-09,1.0,1.0440269189887146,0,0
4,100,fixed_rank,A_G2_fixed_time,3,1.0,0.18940471157185304,38.80783794116115,204.89373056825414,8.87971446364185e-09,1.0,1.2768782458132464,0,0
4,100,fixed_rank,A_G2_minus_G1_fixed_time,3,1.0,0.18940471157185304,38.80783794116115,204.89373056825414,9.13476143797374e-09,1.0,1.6838497369626728,0,0
4,100,fixed_rank,A_G2_minus_G1_time_average,3,1.0,0.18940471157185304,38.80783794116115,204.89373056825414,9.471645594256405e-09,1.0,2.442438383939459,0,0
4,100,fixed_rank,A_G2_time_average,3,1.0,0.18940471157185304,38.80783794116115,204.89373056825414,9.823350135486576e-09,1.0,1.0294059512247091,0,0
4,100,fixed_rank,A_entry,3,1.0,0.18940471157185304,38.80783794116115,204.89373056825414,9.489701093552608e-09,1.0,1.6933222968530184,0,0
4,100,fixed_rank,A_fixed_time_mean,3,1.0,0.18940471157185304,38.80783794116115,204.89373056825414,9.132764794209864e-09,1.0,1.2730738597324938,0,0
4,100,fixed_rank,A_full_mean,3,1.0,0.18940471157185304,38.80783794116115,204.89373056825414,9.945552039823257e-09,1.0,0.7701925428956221,0,0
4,100,fixed_rank,B_G1_fixed_time,3,1.0,0.18940471157185304,38.80783794116115,204.89373056825414,9.926773050257094e-09,1.0,0.9521626659175578,0,0
4,100,fixed_rank,B_G1_time_average,3,1.0,0.18940471157185304,38.80783794116115,204.89373056825414,9.905665389813354e-09,1.0,0.7775490673279697,0,0
4,100,fixed_rank,B_G2_fixed_time,3,1.0,0.18940471157185304,38.80783794116115,204.89373056825414,9.596830429938014e-09,1.0,0.9523260588226379,0,0
4,100,fixed_rank,B_G2_minus_G1_fixed_time,3,1.0,0.18940471157185304,38.80783794116115,204.89373056825414,9.183021685900029e-09,1.0,0.9486682845345301,0,0
4,100,fixed_rank,B_G2_minus_G1_time_average,3,1.0,0.18940471157185304,38.80783794116115,204.89373056825414,9.78038110584605e-09,1.0,0.8471692327870217,0,0
4,100,fixed_rank,B_G2_time_average,3,1.0,0.18940471157185304,38.80783794116115,204.89373056825414,8.026985429861253e-09,1.0,0.7179976515288352,0,0
4,100,fixed_rank,B_entry,3,1.0,0.18940471157185304,38.80783794116115,204.89373056825414,9.571360931533292e-09,1.0,0.553059792738159,0,0
4,100,fixed_rank,B_fixed_time_mean,3,1.0,0.18940471157185304,38.80783794116115,204.89373056825414,9.501681097491632e-09,1.0,0.9525188285146502,0,0
4,100,fixed_rank,B_full_mean,3,1.0,0.18940471157185304,38.80783794116115,204.89373056825414,9.870291956482e-09,1.0,0.6799830240388042,0,0
4,100,selected_rank,A_G1_fixed_time,3,0.0,,,,,0.0,,3,3
4,100,selected_rank,A_G1_time_average,3,0.0,,,,,0.0,,3,3
4,100,selected_rank,A_G2_fixed_time,3,0.0,,,,,0.0,,3,3
4,100,selected_rank,A_G2_minus_G1_fixed_time,3,0.0,,,,,0.0,,3,3
4,100,selected_rank,A_G2_minus_G1_time_average,3,0.0,,,,,0.0,,3,3
4,100,selected_rank,A_G2_time_average,3,0.0,,,,,0.0,,3,3
4,100,selected_rank,A_entry,3,0.0,,,,,0.0,,3,3
4,100,selected_rank,A_fixed_time_mean,3,0.0,,,,,0.0,,3,3
4,100,selected_rank,A_full_mean,3,0.0,,,,,0.0,,3,3
4,100,selected_rank,B_G1_fixed_time,3,0.0,,,,,0.0,,3,3
4,100,selected_rank,B_G1_time_average,3,0.0,,,,,0.0,,3,3
4,100,selected_rank,B_G2_fixed_time,3,0.0,,,,,0.0,,3,3
4,100,selected_rank,B_G2_minus_G1_fixed_time,3,0.0,,,,,0.0,,3,3
4,100,selected_rank,B_G2_minus_G1_time_average,3,0.0,,,,,0.0,,3,3
4,100,selected_rank,B_G2_time_average,3,0.0,,,,,0.0,,3,3
4,100,selected_rank,B_entry,3,0.0,,,,,0.0,,3,3
4,100,selected_rank,B_fixed_time_mean,3,0.0,,,,,0.0,,3,3
4,100,selected_rank,B_full_mean,3,0.0,,,,,0.0,,3,3
