dgp,N,method,target,true_value_mean,mean_estimate,bias,RMSE,MC_SD,mean_SE,coverage,mean_interval_length,point_retained,inference_retained,attempted
1,50,fixed_rank,A_G1_fixed_time,0.5853050067285925,0.6133386502988022,0.0280336435702096,0.04111991552199789,0.038811027824660935,0.09260241149549332,1.0,0.3629947828254496,2,2,3
1,50,fixed_rank,A_G1_time_average,0.47340376184497895,0.4658710577940014,-0.007532704050977557,0.01719134404334548,0.036400473632927005,,,,2,0,3
1,50,fixed_rank,A_G2_fixed_time,0.5760082797778875,0.5972184459496384,0.021210166171750866,0.025297665151497364,0.032233109206048015,0.08958814901972452,1.0,0.3511790910405348,2,2,3
1,50,fixed_rank,A_G2_minus_G1_fixed_time,-0.009296726950705146,-0.016120204349163912,-0.006823477398458767,0.044397774813601534,0.07104413703070891,0.03467658802510584,1.0,0.1359297272718807,2,2,3
1,50,fixed_rank,A_G2_minus_G1_time_average,-0.007655306931137516,-0.025772785181729152,-0.018117478250591637,0.027285612794357365,0.03641444010005098,,,,2,0,3
1,50,fixed_rank,A_G2_time_average,0.4657484549138414,0.4400982726122722,-0.025650182301569263,0.026123314550689017,1.3966467124056773e-05,,,,2,0,3
1,50,fixed_rank,A_entry,0.5961397889855251,0.6687122705130257,0.07257248152750068,0.09804647488916395,0.18486591489895016,0.15263210269491218,1.0,0.5983068483332936,2,2,3
1,50,fixed_rank,A_fixed_time_mean,0.58065664325324,0.6052785481242202,0.024621904870980316,0.02593490033192628,0.003288959309306457,0.0895361433495395,1.0,0.3509752325594258,2,2,3
1,50,fixed_rank,A_full_mean,0.46957610837941016,0.45298466520313674,-0.016591443176273396,0.017402837991964286,0.018193253582901726,,,,2,0,3
1,50,fixed_rank,B_G1_fixed_time,0.649295546726542,0.7906967483290865,0.1414012016025446,0.22516442514569637,0.3688007338396533,0.24893661817672774,1.0,0.9758136121191707,2,2,3
1,50,fixed_rank,B_G1_time_average,0.5659977595574746,0.6646366962623225,0.0986389367048478,0.10377654032476796,0.03819265941978777,,,,2,0,3
1,50,fixed_rank,B_G2_fixed_time,0.6568232873092072,0.6564587774057834,-0.0003645099034238486,0.11094394772109147,0.27155452926722606,0.20911342072455025,1.0,0.8197095466081805,2,2,3
1,50,fixed_rank,B_G2_minus_G1_fixed_time,0.0075277405826653515,-0.13423797092330308,-0.14176571150596842,0.1556598354331973,0.09724620457242723,0.08736985341484235,1.0,0.3424835320552697,2,2,3
1,50,fixed_rank,B_G2_minus_G1_time_average,0.007156574098799131,-0.010734390862729246,-0.017890964961528377,0.08233925337557788,0.1068937410698751,,,,2,0,3
1,50,fixed_rank,B_G2_time_average,0.5731543336562738,0.6539023053995932,0.08074797174331938,0.09400086909115198,0.06870108165008758,,,,2,0,3
1,50,fixed_rank,B_entry,0.844269372294888,0.6664700589706072,-0.17779931332428078,0.18465872621702528,0.06689171925921072,0.43723711993947234,1.0,1.7139380155707715,2,2,3
1,50,fixed_rank,B_fixed_time_mean,0.6530594170178745,0.723577762867435,0.07051834584956046,0.15951894198430983,0.32017763155343976,0.22540033871452642,1.0,0.8835530919672019,2,2,3
1,50,fixed_rank,B_full_mean,0.5695760466068742,0.6592695008309579,0.08969345422408365,0.09004403752732956,0.015254211115149711,,,,2,0,3
1,50,selected_rank,A_G1_fixed_time,0.5797302957816556,0.0,-0.5797302957816556,0.5797879040718948,0.0,,,,3,0,3
1,50,selected_rank,A_G1_time_average,0.4758497722182833,0.0,-0.4758497722182833,0.47593644959695164,0.0,,,,3,0,3
1,50,selected_rank,A_G2_fixed_time,0.5718040719534051,0.0,-0.5718040719534051,0.5718822448949986,0.0,,,,3,0,3
1,50,selected_rank,A_G2_minus_G1_fixed_time,-0.007926223828250522,0.0,0.007926223828250522,0.009674431749028762,0.0,,,,3,0,3
1,50,selected_rank,A_G2_minus_G1_time_average,-0.006564925367567823,0.0,0.006564925367567823,0.008033190484716372,0.0,,,,3,0,3
1,50,selected_rank,A_G2_time_average,0.46928484685071536,0.0,-0.46928484685071536,0.46932882394697234,0.0,,,,3,0,3
1,50,selected_rank,A_entry,0.5707914909569095,0.0,-0.5707914909569095,0.5743576968911077,0.0,,,,3,0,3
1,50,selected_rank,A_fixed_time_mean,0.5757671838675303,0.0,-0.5757671838675303,0.5758283244246458,0.0,,,,3,0,3
1,50,selected_rank,A_full_mean,0.4725673095344993,0.0,-0.4725673095344993,0.4726271167462347,0.0,,,,3,0,3
1,50,selected_rank,B_G1_fixed_time,0.5825528281184639,0.0,-0.5825528281184639,0.5942698232668245,0.0,,,,3,0,3
1,50,selected_rank,B_G1_time_average,0.5657015238148216,0.0,-0.5657015238148216,0.5657178680732093,0.0,,,,3,0,3
1,50,selected_rank,B_G2_fixed_time,0.5998675156520208,0.0,-0.5998675156520208,0.6088604335358407,0.0,,,,3,0,3
1,50,selected_rank,B_G2_minus_G1_fixed_time,0.017314687533556854,0.0,-0.017314687533556854,0.022466473621102247,0.0,,,,3,0,3
1,50,selected_rank,B_G2_minus_G1_time_average,0.02024465218802154,0.0,-0.02024465218802154,0.027707704497299455,0.0,,,,3,0,3
1,50,selected_rank,B_G2_time_average,0.5859461760028433,0.0,-0.5859461760028433,0.5862254869873085,0.0,,,,3,0,3
1,50,selected_rank,B_entry,0.7247980596358566,0.0,-0.7247980596358566,0.7442334275546054,0.0,,,,3,0,3
1,50,selected_rank,B_fixed_time_mean,0.5912101718852423,0.0,-0.5912101718852423,0.6015044800965952,0.0,,,,3,0,3
1,50,selected_rank,B_full_mean,0.5758238499088324,0.0,-0.5758238499088324,0.5758963315591397,0.0,,,,3,0,3
1,100,fixed_rank,A_G1_fixed_time,0.6195923600670161,0.6016826298462107,-0.01790973022080548,0.04390494194501612,0.009772839551368328,0.0629100453805085,1.0,0.24660284642315414,3,3,3
1,100,fixed_rank,A_G1_time_average,0.49520640963169926,0.47958074056294847,-0.015625669068750774,0.025157652906955742,0.029029089481169112,0.012475096791846945,0.6666666666666666,0.04890148083134236,3,3,3
1,100,fixed_rank,A_G2_fixed_time,0.6096699973731831,0.5880406879445595,-0.02162930942862355,0.03815354021716695,0.006726667153728005,0.0613925922814594,1.0,0.24065453957842428,3,3,3
1,100,fixed_rank,A_G2_minus_G1_fixed_time,-0.009922362693832934,-0.01364194190165099,-0.0037195792078180572,0.01513556086221746,0.013675397996701224,0.015776751815383745,1.0,0.06184373070235812,3,3,3
1,100,fixed_rank,A_G2_minus_G1_time_average,-0.007441221549378949,-0.01595688621115944,-0.008515664661780492,0.02085185120836344,0.022366523064725894,0.015724655473871127,1.0,0.06163951679617605,3,3,3
1,100,fixed_rank,A_G2_time_average,0.48776518808232033,0.46362385435178877,-0.02414133373053155,0.024382522375666786,0.006905997436312391,0.012680271118339201,0.3333333333333333,0.049705749412296545,3,3,3
1,100,fixed_rank,A_entry,0.6269725558729259,0.6713356901778941,0.04436313430496811,0.07610838621274846,0.1557489127737625,0.1081567682447856,1.0,0.4239667408880503,3,3,3
1,100,fixed_rank,A_fixed_time_mean,0.6146311787200996,0.5948616588953851,-0.019769519824714643,0.04042767589777624,0.004860462360194885,0.061655976747925334,1.0,0.2416869877151453,3,3,3
1,100,fixed_rank,A_full_mean,0.49148579885700977,0.47160229745736854,-0.019883501399641235,0.022472372457963727,0.017892039566433156,0.009818023937477978,0.6666666666666666,0.03848594663361793,3,3,3
1,100,fixed_rank,B_G1_fixed_time,0.703168611368289,0.7013690003300197,-0.0017996110382692738,0.10419640746524993,0.28130689683525467,0.1545421772347282,1.0,0.6057942029449462,3,3,3
1,100,fixed_rank,B_G1_time_average,0.6206530587275364,0.6445864669785676,0.023933408251031185,0.033185635959635584,0.07772511655957565,0.031076313869003044,1.0,0.12181691191101711,3,3,3
1,100,fixed_rank,B_G2_fixed_time,0.6573165301967402,0.6138659158655498,-0.04345061433119035,0.11016072975808638,0.2164646153177892,0.13729937442257265,1.0,0.5382036579362445,3,3,3
1,100,fixed_rank,B_G2_minus_G1_fixed_time,-0.0458520811715488,-0.08750308446446997,-0.04165100329292117,0.04175543446296689,0.06600064000937284,0.03909679382336725,1.0,0.15325661560957568,3,3,3
1,100,fixed_rank,B_G2_minus_G1_time_average,-0.033762004742878285,-0.0807087259987838,-0.046946721255905516,0.05097069680253197,0.07652533585492298,0.04264038140900506,1.0,0.1671472236974024,3,3,3
1,100,fixed_rank,B_G2_time_average,0.586891053984658,0.5638777409797837,-0.02301331300487434,0.03655029934642793,0.038677203134495276,0.030825269935332703,0.6666666666666666,0.12083283777395483,3,3,3
1,100,fixed_rank,B_entry,0.6199025869662281,0.6616332071192507,0.041730620153022535,0.12496062155068847,0.2657889964576014,0.27761942107580784,1.0,1.0882481334348866,3,3,3
1,100,fixed_rank,B_fixed_time_mean,0.6802425707825145,0.6576174580977848,-0.022625112684729703,0.10516776967280185,0.2488096236592706,0.14486358756034254,1.0,0.567854828579072,3,3,3
1,100,fixed_rank,B_full_mean,0.6037720563560972,0.6042321039791757,0.0004600476230786077,0.023855867727785054,0.048005501104833335,0.022439334644881393,1.0,0.08796057548201884,3,3,3
1,100,selected_rank,A_G1_fixed_time,0.6195923600670161,0.0,-0.6195923600670161,0.6208248303329723,0.0,,,,3,0,3
1,100,selected_rank,A_G1_time_average,0.49520640963169926,0.0,-0.49520640963169926,0.49526765409599605,0.0,,,,3,0,3
1,100,selected_rank,A_G2_fixed_time,0.6096699973731831,0.0,-0.6096699973731831,0.6102301419490783,0.0,,,,3,0,3
1,100,selected_rank,A_G2_minus_G1_fixed_time,-0.009922362693832934,0.0,0.009922362693832934,0.01653790819674015,0.0,,,,3,0,3
1,100,selected_rank,A_G2_minus_G1_time_average,-0.007441221549378949,0.0,0.007441221549378949,0.012667155114405299,0.0,,,,3,0,3
1,100,selected_rank,A_G2_time_average,0.48776518808232033,0.0,-0.48776518808232033,0.48779567235272864,0.0,,,,3,0,3
1,100,selected_rank,A_entry,0.6269725558729259,0.0,-0.6269725558729259,0.6315274394909327,0.0,,,,3,0,3
1,100,selected_rank,A_fixed_time_mean,0.6146311787200996,0.0,-0.6146311787200996,0.6154947379537027,0.0,,,,3,0,3
1,100,selected_rank,A_full_mean,0.49148579885700977,0.0,-0.49148579885700977,0.49150505528959487,0.0,,,,3,0,3
1,100,selected_rank,B_G1_fixed_time,0.703168611368289,0.0,-0.703168611368289,0.7243654330458161,0.0,,,,3,0,3
1,100,selected_rank,B_G1_time_average,0.6206530587275364,0.0,-0.6206530587275364,0.6226993486668113,0.0,,,,3,0,3
1,100,selected_rank,B_G2_fixed_time,0.6573165301967402,0.0,-0.6573165301967402,0.6688566000256921,0.0,,,,3,0,3
1,100,selected_rank,B_G2_minus_G1_fixed_time,-0.0458520811715488,0.0,0.0458520811715488,0.06951632774186503,0.0,,,,3,0,3
1,100,selected_rank,B_G2_minus_G1_time_average,-0.033762004742878285,0.0,0.033762004742878285,0.05456392373293044,0.0,,,,3,0,3
1,100,selected_rank,B_G2_time_average,0.586891053984658,0.0,-0.586891053984658,0.5869629570403764,0.0,,,,3,0,3
1,100,selected_rank,B_entry,0.6199025869662281,0.0,-0.6199025869662281,0.6559453991369484,0.0,,,,3,0,3
1,100,selected_rank,B_fixed_time_mean,0.6802425707825145,0.0,-0.6802425707825145,0.6962966939739927,0.0,,,,3,0,3
1,100,selected_rank,B_full_mean,0.6037720563560972,0.0,-0.6037720563560972,0.6044796857137082,0.0,,,,3,0,3
2,50,fixed_rank,A_G1_fixed_time,0.4215845011736879,0.33486001338845406,-0.0867244877852339,0.19966279064097334,0.18100913699205437,0.10870660743542125,1.0,0.4261220709099194,3,3,3
2,50,fixed_rank,A_G1_time_average,0.4874242579657268,0.5126591807171419,0.025234922751415107,0.034730023318035215,0.03660587652021776,,,,3,0,3
2,50,fixed_rank,A_G2_fixed_time,0.43121825647165135,0.3347030752768059,-0.09651518119484542,0.2230018210830626,0.19912684372791709,0.10565308975834643,0.0,0.41415250156347333,3,3,3
2,50,fixed_rank,A_G2_minus_G1_fixed_time,0.00963375529796343,-0.00015693811164815483,-0.009790693409611586,0.023468900517070113,0.022188580461825907,0.017983483335260442,0.6666666666666666,0.07049395930737343,3,3,3
2,50,fixed_rank,A_G2_minus_G1_time_average,0.012014773188648256,-0.035124529254714466,-0.04713930244336273,0.05974138667262249,0.03931399663080855,,,,3,0,3
2,50,fixed_rank,A_G2_time_average,0.49943903115437505,0.4775346514624272,-0.021904379691947844,0.025553250469214722,0.029079936791622477,,,,3,0,3
2,50,fixed_rank,A_entry,0.39890992095695926,0.2669722868823725,-0.13193763407458672,0.18103313837071813,0.06777868246377253,0.11827208051090611,1.0,0.4636180363559952,3,3,3
2,50,fixed_rank,A_fixed_time_mean,0.42640137882266965,0.3347815443326299,-0.09161983449003967,0.21132871022078775,0.1899600497686226,0.10675547568099421,0.6666666666666666,0.41847377497438054,3,3,3
2,50,fixed_rank,A_full_mean,0.493431644560051,0.4950969160897843,0.001665271529733355,0.006108456778507201,0.026578541664983885,,,,3,0,3
2,50,fixed_rank,B_G1_fixed_time,0.4986666308630358,0.4991515089264616,0.00048487806342578654,0.1266353608722949,0.1767931037224317,0.18242930875499622,1.0,0.7151097497686604,3,3,3
2,50,fixed_rank,B_G1_time_average,0.6245860128483901,0.6736927811766756,0.04910676832828542,0.06130832891808208,0.041045704248119194,,,,3,0,3
2,50,fixed_rank,B_G2_fixed_time,0.4908966087700697,0.4902098496293478,-0.0006867591407218784,0.16282518215461192,0.18022769099141622,0.17642833502739022,1.0,0.6915863650121027,3,3,3
2,50,fixed_rank,B_G2_minus_G1_fixed_time,-0.007770022092966137,-0.008941659297113852,-0.0011716372041477158,0.06908874402582757,0.14772842855167842,0.0594232105411635,1.0,0.23293470501284272,3,3,3
2,50,fixed_rank,B_G2_minus_G1_time_average,-0.0057118839821901635,-0.05567789970941881,-0.04996601572722864,0.06342407012893865,0.12680150670829735,,,,3,0,3
2,50,fixed_rank,B_G2_time_average,0.6188741288662,0.6180148814672567,-0.0008592473989431822,0.0689633489700707,0.13788570700517502,,,,3,0,3
2,50,fixed_rank,B_entry,0.35719750888381524,0.42128550863558956,0.06408799975177433,0.20994519257839447,0.18724994408198875,0.24004478361061168,1.0,0.9409582611070192,3,3,3
2,50,fixed_rank,B_fixed_time_mean,0.4947816198165527,0.49468067927790466,-0.0001009405386480459,0.14170731683897933,0.16252073378915954,0.1780991776952162,1.0,0.698135947917646,3,3,3
2,50,fixed_rank,B_full_mean,0.621730070857295,0.6458538313219658,0.024123760464670834,0.05702345289455536,0.07955472010444684,,,,3,0,3
2,50,selected_rank,A_G1_fixed_time,0.4215845011736879,0.0,-0.4215845011736879,0.43749260346821534,0.0,,,,3,0,3
2,50,selected_rank,A_G1_time_average,0.4874242579657268,0.0,-0.4874242579657268,0.48768916933994033,0.0,,,,3,0,3
2,50,selected_rank,A_G2_fixed_time,0.43121825647165135,0.0,-0.43121825647165135,0.4469180597512909,0.0,,,,3,0,3
2,50,selected_rank,A_G2_minus_G1_fixed_time,0.00963375529796343,0.0,-0.00963375529796343,0.010240474776546809,0.0,,,,3,0,3
2,50,selected_rank,A_G2_minus_G1_time_average,0.012014773188648256,0.0,-0.012014773188648256,0.013508920236068634,0.0,,,,3,0,3
2,50,selected_rank,A_G2_time_average,0.49943903115437505,0.0,-0.49943903115437505,0.49985754221805623,0.0,,,,3,0,3
2,50,selected_rank,A_entry,0.39890992095695926,0.0,-0.39890992095695926,0.4129599253122788,0.0,,,,3,0,3
2,50,selected_rank,A_fixed_time_mean,0.42640137882266965,0.0,-0.42640137882266965,0.4422008008582928,0.0,,,,3,0,3
2,50,selected_rank,A_full_mean,0.493431644560051,0.0,-0.493431644560051,0.49376464177823864,0.0,,,,3,0,3
2,50,selected_rank,B_G1_fixed_time,0.4986666308630358,0.0,-0.4986666308630358,0.5027815472743629,0.0,,,,3,0,3
2,50,selected_rank,B_G1_time_average,0.6245860128483901,0.0,-0.6245860128483901,0.6272845226508595,0.0,,,,3,0,3
2,50,selected_rank,B_G2_fixed_time,0.4908966087700697,0.0,-0.4908966087700697,0.4911564572343843,0.0,,,,3,0,3
2,50,selected_rank,B_G2_minus_G1_fixed_time,-0.007770022092966137,0.0,0.007770022092966137,0.057896503002581506,0.0,,,,3,0,3
2,50,selected_rank,B_G2_minus_G1_time_average,-0.0057118839821901635,0.0,0.0057118839821901635,0.06854276970141156,0.0,,,,3,0,3
2,50,selected_rank,B_G2_time_average,0.6188741288662,0.0,-0.6188741288662,0.6211963738215281,0.0,,,,3,0,3
2,50,selected_rank,B_entry,0.35719750888381524,0.0,-0.35719750888381524,0.3779288744938834,0.0,,,,3,0,3
2,50,selected_rank,B_fixed_time_mean,0.4947816198165527,0.0,-0.4947816198165527,0.4961592220410047,0.0,,,,3,0,3
2,50,selected_rank,B_full_mean,0.621730070857295,0.0,-0.621730070857295,0.6233064060184053,0.0,,,,3,0,3
2,100,fixed_rank,A_G1_fixed_time,0.49831137924336494,0.43807480043843877,-0.060236578804926166,0.13899058150908902,0.13298103129329356,0.07956793997438404,0.6666666666666666,0.3119005933476751,3,3,3
2,100,fixed_rank,A_G1_time_average,0.5070187090919394,0.48710278676664487,-0.01991592232529447,0.021160189712842763,0.04680071612659131,0.013381550049210702,0.6666666666666666,0.052454712307546315,3,3,3
2,100,fixed_rank,A_G2_fixed_time,0.49213922374967495,0.4462587617003206,-0.045880462049354385,0.142606000329766,0.16197167322292444,0.08015554416654587,0.6666666666666666,0.31420395945527907,3,3,3
2,100,fixed_rank,A_G2_minus_G1_fixed_time,-0.006172155493689991,0.008183961261881796,0.014356116755571788,0.018196790862693598,0.029330800302835216,0.01222499597452408,1.0,0.047921103642428665,3,3,3
2,100,fixed_rank,A_G2_minus_G1_time_average,-0.006070164976043682,0.006956277509460199,0.013026442485503881,0.01710156191875487,0.03266740761563212,0.015692069056260874,1.0,0.061511780386373505,3,3,3
2,100,fixed_rank,A_G2_time_average,0.5009485441158957,0.4940590642761049,-0.006889479839790731,0.017955885933852982,0.049742576096036904,0.013424333332416891,1.0,0.05262241969599534,3,3,3
2,100,fixed_rank,A_entry,0.4909752904297518,0.3881641894794359,-0.10281110095031597,0.2062302128810158,0.15755945002808133,0.08934558719131706,0.6666666666666666,0.3502282661451292,3,3,3
2,100,fixed_rank,A_fixed_time_mean,0.49522530149651994,0.44216678106937984,-0.053058520427140175,0.14051564233109004,0.14745953629260367,0.07963393324436985,0.6666666666666666,0.31215928221246353,3,3,3
2,100,fixed_rank,A_full_mean,0.5039836266039174,0.49058092552137506,-0.01340270108254236,0.017662612467052197,0.04544805356926178,0.010855425245232317,0.6666666666666666,0.04255248503504445,3,3,3
2,100,fixed_rank,B_G1_fixed_time,0.5538997353830438,0.5117171363316501,-0.04218259905139373,0.18083724305576682,0.31538762821140565,0.13755662307905658,1.0,0.5392120541398042,3,3,3
2,100,fixed_rank,B_G1_time_average,0.6065702311642214,0.5980903826724182,-0.008479848491803202,0.02668571567794593,0.06327516610558147,0.027796419224902665,1.0,0.10895996115997197,3,3,3
2,100,fixed_rank,B_G2_fixed_time,0.5859638329087206,0.5689642794674871,-0.016999553441233533,0.20966442942449093,0.38663587472899996,0.14512283459940678,1.0,0.568871058298401,3,3,3
2,100,fixed_rank,B_G2_minus_G1_fixed_time,0.032064097525676676,0.05724714313583689,0.02518304561016021,0.08844799704929367,0.08931151564484917,0.0316041225696973,0.0,0.12388588399919236,3,3,3
2,100,fixed_rank,B_G2_minus_G1_time_average,0.02207849010901186,0.03711800461037241,0.015039514501360552,0.07085754200088602,0.0956016699862151,0.038642025086934206,0.6666666666666666,0.15147395492016857,3,3,3
2,100,fixed_rank,B_G2_time_average,0.6286487212732332,0.635208387282791,0.0065596660095578185,0.04695314749422323,0.049783104341772105,0.028880924224837613,0.6666666666666666,0.11321114264182419,3,3,3
2,100,fixed_rank,B_entry,0.326607404504252,0.1943889931526853,-0.13221841135156667,0.17801190378011073,0.04116489620025489,0.18879720471553008,1.0,0.7400714432485492,3,3,3
2,100,fixed_rank,B_fixed_time_mean,0.5699317841458821,0.5403407078995685,-0.029591076246313613,0.19072199316137076,0.34997741515909614,0.14051190836242156,1.0,0.5507965595786773,3,3,3
2,100,fixed_rank,B_full_mean,0.6176094762187274,0.6166493849776047,-0.0009600912411226922,0.01425359343560034,0.03092138799856929,0.020766102833,1.0,0.08140162730387038,3,3,3
2,100,selected_rank,A_G1_fixed_time,0.49831137924336494,0.0,-0.49831137924336494,0.4989450789500872,0.0,,,,3,0,3
2,100,selected_rank,A_G1_time_average,0.5070187090919394,0.0,-0.5070187090919394,0.5081111947171136,0.0,,,,3,0,3
2,100,selected_rank,A_G2_fixed_time,0.49213922374967495,0.0,-0.49213922374967495,0.49229126709768867,0.0,,,,3,0,3
2,100,selected_rank,A_G2_minus_G1_fixed_time,-0.006172155493689991,0.0,0.006172155493689991,0.01662907671154488,0.0,,,,3,0,3
2,100,selected_rank,A_G2_minus_G1_time_average,-0.006070164976043682,0.0,0.006070164976043682,0.01710735609914639,0.0,,,,3,0,3
2,100,selected_rank,A_G2_time_average,0.5009485441158957,0.0,-0.5009485441158957,0.5017561508716482,0.0,,,,3,0,3
2,100,selected_rank,A_entry,0.4909752904297518,0.0,-0.4909752904297518,0.49740338327724426,0.0,,,,3,0,3
2,100,selected_rank,A_fixed_time_mean,0.49522530149651994,0.0,-0.49522530149651994,0.49555959297193375,0.0,,,,3,0,3
2,100,selected_rank,A_full_mean,0.5039836266039174,0.0,-0.5039836266039174,0.5048712164097063,0.0,,,,3,0,3
2,100,selected_rank,B_G1_fixed_time,0.5538997353830438,0.0,-0.5538997353830438,0.5607088381282642,0.0,,,,3,0,3
2,100,selected_rank,B_G1_time_average,0.6065702311642214,0.0,-0.6065702311642214,0.6078965556565864,0.0,,,,3,0,3
2,100,selected_rank,B_G2_fixed_time,0.5859638329087206,0.0,-0.5859638329087206,0.6042107912226555,0.0,,,,3,0,3
2,100,selected_rank,B_G2_minus_G1_fixed_time,0.032064097525676676,0.0,-0.032064097525676676,0.06998769541429803,0.0,,,,3,0,3
2,100,selected_rank,B_G2_minus_G1_time_average,0.02207849010901186,0.0,-0.02207849010901186,0.07380386963905414,0.0,,,,3,0,3
2,100,selected_rank,B_G2_time_average,0.6286487212732332,0.0,-0.6286487212732332,0.6312799427448007,0.0,,,,3,0,3
2,100,selected_rank,B_entry,0.326607404504252,0.0,-0.326607404504252,0.34758109647682706,0.0,,,,3,0,3
2,100,selected_rank,B_fixed_time_mean,0.5699317841458821,0.0,-0.5699317841458821,0.5818143787456413,0.0,,,,3,0,3
2,100,selected_rank,B_full_mean,0.6176094762187274,0.0,-0.6176094762187274,0.6185988534196338,0.0,,,,3,0,3
3,50,fixed_rank,A_G1_fixed_time,0.5863369076601213,0.6588110194394939,0.07247411177937269,0.07247411177937269,,0.1720012773096324,1.0,0.6742326176435318,1,1,3
3,50,fixed_rank,A_G1_time_average,0.49049690670938156,0.517889590400801,0.027392683691419395,0.027392683691419395,,,,,1,0,3
3,50,fixed_rank,A_G2_fixed_time,0.5936643461572759,0.6977211792339583,0.10405683307668234,0.10405683307668234,,0.18452882346111185,1.0,0.7233396961866579,1,1,3
3,50,fixed_rank,A_G2_minus_G1_fixed_time,0.007327438497154684,0.038910159794464376,0.03158272129730969,0.03158272129730969,,0.03823933571162625,1.0,0.14989544157504753,1,1,3
3,50,fixed_rank,A_G2_minus_G1_time_average,0.006129728267150012,0.026404511493254235,0.020274783226104223,0.020274783226104223,,,,,1,0,3
3,50,fixed_rank,A_G2_time_average,0.4966266349765316,0.5442941018940555,0.04766746691752388,0.04766746691752388,,,,,1,0,3
3,50,fixed_rank,A_entry,0.6537896525760432,0.6387477119984847,-0.015041940577558477,0.015041940577558477,,0.208426043528942,1.0,0.8170150775138079,1,1,3
3,50,fixed_rank,A_fixed_time_mean,0.5900006269086986,0.6782660993367261,0.08826547242802751,0.08826547242802751,,0.17734740297660512,1.0,0.6951890451717152,1,1,3
3,50,fixed_rank,A_full_mean,0.4935617708429566,0.5310918461474281,0.0375300753044715,0.0375300753044715,,,,,1,0,3
3,50,fixed_rank,B_G1_fixed_time,0.601466687296456,0.5016790341464287,-0.09978765315002736,0.09978765315002736,,0.1987273394203235,1.0,0.778996856014602,1,1,3
3,50,fixed_rank,B_G1_time_average,0.5289619009261681,0.5452205496471823,0.016258648721014124,0.016258648721014124,,,,,1,0,3
3,50,fixed_rank,B_G2_fixed_time,0.5945490071068156,0.5849980785424675,-0.009550928564348027,0.009550928564348027,,0.23020757199564484,1.0,0.9023971001597508,1,1,3
3,50,fixed_rank,B_G2_minus_G1_fixed_time,-0.006917680189640472,0.08331904439603874,0.09023672458567922,0.09023672458567922,,0.09809612664053907,1.0,0.3845297504766734,1,1,3
3,50,fixed_rank,B_G2_minus_G1_time_average,-0.006083777107522363,-0.09164122570218698,-0.08555744859466462,0.08555744859466462,,,,,1,0,3
3,50,fixed_rank,B_G2_time_average,0.5228781238186456,0.45357932394499534,-0.06929879987365029,0.06929879987365029,,,,,1,0,3
3,50,fixed_rank,B_entry,0.9372396395785438,0.6677132017600148,-0.26952643781852903,0.26952643781852903,,0.42250712431984644,1.0,1.6561974937569723,1,1,3
3,50,fixed_rank,B_fixed_time_mean,0.5980078472016357,0.5433385563444482,-0.054669290857187525,0.054669290857187525,,0.2093760451862033,1.0,0.8207390155807789,1,1,3
3,50,fixed_rank,B_full_mean,0.5259200123724069,0.49939993679608874,-0.02652007557631819,0.02652007557631819,,,,,1,0,3
3,50,selected_rank,A_G1_fixed_time,0.6191505024032341,0.0,-0.6191505024032341,0.620180553552229,0.0,,,,3,0,3
3,50,selected_rank,A_G1_time_average,0.4988988457884429,0.0,-0.4988988457884429,0.49894068781015194,0.0,,,,3,0,3
3,50,selected_rank,A_G2_fixed_time,0.6285658744563384,0.0,-0.6285658744563384,0.6299278161136308,0.0,,,,3,0,3
3,50,selected_rank,A_G2_minus_G1_fixed_time,0.009415372053104326,0.0,-0.009415372053104326,0.011299606669216693,0.0,,,,3,0,3
3,50,selected_rank,A_G2_minus_G1_time_average,0.007349538777287036,0.0,-0.007349538777287036,0.008621229275317515,0.0,,,,3,0,3
3,50,selected_rank,A_G2_time_average,0.5062483845657298,0.0,-0.5062483845657298,0.506297600327024,0.0,,,,3,0,3
3,50,selected_rank,A_entry,0.6376944934813813,0.0,-0.6376944934813813,0.6386179337979425,0.0,,,,3,0,3
3,50,selected_rank,A_fixed_time_mean,0.6238581884297862,0.0,-0.6238581884297862,0.6250476509685473,0.0,,,,3,0,3
3,50,selected_rank,A_full_mean,0.5025736151770864,0.0,-0.5025736151770864,0.502614120002742,0.0,,,,3,0,3
3,50,selected_rank,B_G1_fixed_time,0.5970453832661103,0.0,-0.5970453832661103,0.5989666247281561,0.0,,,,3,0,3
3,50,selected_rank,B_G1_time_average,0.5592256870511813,0.0,-0.5592256870511813,0.5604313127762005,0.0,,,,3,0,3
3,50,selected_rank,B_G2_fixed_time,0.5393652802097618,0.0,-0.5393652802097618,0.5427039599292269,0.0,,,,3,0,3
3,50,selected_rank,B_G2_minus_G1_fixed_time,-0.05768010305634854,0.0,0.05768010305634854,0.06796973831286955,0.0,,,,3,0,3
3,50,selected_rank,B_G2_minus_G1_time_average,-0.05562230985645459,0.0,0.05562230985645459,0.06573383728353872,0.0,,,,3,0,3
3,50,selected_rank,B_G2_time_average,0.5036033771947267,0.0,-0.5036033771947267,0.5046871320470346,0.0,,,,3,0,3
3,50,selected_rank,B_entry,0.6866666405747267,0.0,-0.6866666405747267,0.709235835786037,0.0,,,,3,0,3
3,50,selected_rank,B_fixed_time_mean,0.5682053317379361,0.0,-0.5682053317379361,0.5705167232421604,0.0,,,,3,0,3
3,50,selected_rank,B_full_mean,0.531414532122954,0.0,-0.531414532122954,0.5322743131656398,0.0,,,,3,0,3
3,100,fixed_rank,A_G1_fixed_time,0.43505743585436035,0.36535221697799,-0.06970521887637032,0.12359612009474205,0.12871773003076473,0.10324988473732978,0.6666666666666666,0.40473211098615636,3,3,3
3,100,fixed_rank,A_G1_time_average,0.493823943685312,0.4704141150883386,-0.0234098285969734,0.025655337868644594,0.034151684347422814,0.01468603987350432,0.3333333333333333,0.05756821845517527,3,3,3
3,100,fixed_rank,A_G2_fixed_time,0.4396095376880531,0.373383838090513,-0.0662256995975401,0.13318494241061202,0.1370527383244897,0.10476578912179864,1.0,0.410674346981287,3,3,3
3,100,fixed_rank,A_G2_minus_G1_fixed_time,0.004552101833692775,0.00803162111252302,0.003479519278830244,0.015426982912146347,0.01652235030339972,0.011694732276919756,1.0,0.04584250814320164,3,3,3
3,100,fixed_rank,A_G2_minus_G1_time_average,0.004373859962464575,0.00765078740571333,0.0032769274432487565,0.010241785113531795,0.017071911670027792,0.018049807342826355,1.0,0.07075394463965252,3,3,3
3,100,fixed_rank,A_G2_time_average,0.49819780364777655,0.47806490249405176,-0.020132901153724774,0.021712159274334314,0.019095853051870938,0.014661866354172005,0.6666666666666666,0.057473460000633435,3,3,3
3,100,fixed_rank,A_entry,0.42826458199637557,0.30805080739009677,-0.12021377460627876,0.18808472053692352,0.2085528632135135,0.10103167014397368,0.6666666666666666,0.39603686956023815,3,3,3
3,100,fixed_rank,A_fixed_time_mean,0.4373334867712067,0.36936802753425146,-0.0679654592369552,0.12824826292489522,0.13269365673750153,0.10382394204425151,1.0,0.4069823742794137,3,3,3
3,100,fixed_rank,A_full_mean,0.49601087366654434,0.4742395087911952,-0.02177136487534918,0.02320740334841984,0.026317903255294012,0.011572334761029547,0.6666666666666666,0.04536271869731769,3,3,3
3,100,fixed_rank,B_G1_fixed_time,0.5202961494664207,0.5611273710570327,0.04083122159061209,0.13915626863810637,0.12204570039473059,0.17510469114792704,1.0,0.6863977763478933,3,3,3
3,100,fixed_rank,B_G1_time_average,0.6194092605722917,0.6130317231710276,-0.006377537401264122,0.04047341139953783,0.05895599348383741,0.035491259304244786,1.0,0.13912318000458376,3,3,3
3,100,fixed_rank,B_G2_fixed_time,0.5246295969984943,0.5978845817135674,0.07325498471507318,0.19605890515619137,0.15008410709754652,0.18311049485447717,1.0,0.7177799502121642,3,3,3
3,100,fixed_rank,B_G2_minus_G1_fixed_time,0.004333447532073649,0.03675721065653471,0.032423763124461054,0.059714141377617075,0.07009520536265454,0.0369112865004943,0.6666666666666666,0.14468958432801662,3,3,3
3,100,fixed_rank,B_G2_minus_G1_time_average,0.009294305951367487,0.0377596129425156,0.028465306991148107,0.05831467012697398,0.08879006787911604,0.047865741854524226,1.0,0.18763026025631788,3,3,3
3,100,fixed_rank,B_G2_time_average,0.628703566523659,0.6507913361135435,0.02208776958988438,0.03984233394413346,0.054766224531694864,0.03412204337275824,1.0,0.13375595217903957,3,3,3
3,100,fixed_rank,B_entry,0.5898033819111007,0.742017922319724,0.15221454040862334,0.33717930234182913,0.044436637115287114,0.32009109343433256,1.0,1.2547340298066745,3,3,3
3,100,fixed_rank,B_fixed_time_mean,0.5224628732324574,0.5795059763853,0.0570431031528427,0.1673628872422023,0.1322189912242031,0.17837834799316035,1.0,0.6992302753766939,3,3,3
3,100,fixed_rank,B_full_mean,0.6240564135479755,0.6319115296422854,0.007855116094309925,0.027615287690183003,0.03559010002889279,0.02528288208640243,1.0,0.09910707662944333,3,3,3
3,100,selected_rank,A_G1_fixed_time,0.43505743585436035,0.0,-0.43505743585436035,0.43555542841037437,0.0,,,,3,0,3
3,100,selected_rank,A_G1_time_average,0.493823943685312,0.0,-0.493823943685312,0.49421365900901854,0.0,,,,3,0,3
3,100,selected_rank,A_G2_fixed_time,0.4396095376880531,0.0,-0.4396095376880531,0.4405066223069799,0.0,,,,3,0,3
3,100,selected_rank,A_G2_minus_G1_fixed_time,0.004552101833692775,0.0,-0.004552101833692775,0.012176161187526062,0.0,,,,3,0,3
3,100,selected_rank,A_G2_minus_G1_time_average,0.004373859962464575,0.0,-0.004373859962464575,0.012770910440625822,0.0,,,,3,0,3
3,100,selected_rank,A_G2_time_average,0.49819780364777655,0.0,-0.49819780364777655,0.4982595137554944,0.0,,,,3,0,3
3,100,selected_rank,A_entry,0.42826458199637557,0.0,-0.42826458199637557,0.42931200531551733,0.0,,,,3,0,3
3,100,selected_rank,A_fixed_time_mean,0.4373334867712067,0.0,-0.4373334867712067,0.4379957112024139,0.0,,,,3,0,3
3,100,selected_rank,A_full_mean,0.49601087366654434,0.0,-0.49601087366654434,0.4961996250110448,0.0,,,,3,0,3
3,100,selected_rank,B_G1_fixed_time,0.5202961494664207,0.0,-0.5202961494664207,0.5275004424700499,0.0,,,,3,0,3
3,100,selected_rank,B_G1_time_average,0.6194092605722917,0.0,-0.6194092605722917,0.6208994483420468,0.0,,,,3,0,3
3,100,selected_rank,B_G2_fixed_time,0.5246295969984943,0.0,-0.5246295969984943,0.5285040204059558,0.0,,,,3,0,3
3,100,selected_rank,B_G2_minus_G1_fixed_time,0.004333447532073649,0.0,-0.004333447532073649,0.05058740082965813,0.0,,,,3,0,3
3,100,selected_rank,B_G2_minus_G1_time_average,0.009294305951367487,0.0,-0.009294305951367487,0.06609927686064668,0.0,,,,3,0,3
3,100,selected_rank,B_G2_time_average,0.628703566523659,0.0,-0.628703566523659,0.6304536363628234,0.0,,,,3,0,3
3,100,selected_rank,B_entry,0.5898033819111007,0.0,-0.5898033819111007,0.6516895584574393,0.0,,,,3,0,3
3,100,selected_rank,B_fixed_time_mean,0.5224628732324574,0.0,-0.5224628732324574,0.5273962807178332,0.0,,,,3,0,3
3,100,selected_rank,B_full_mean,0.6240564135479755,0.0,-0.6240564135479755,0.62482131659932,0.0,,,,3,0,3
4,50,fixed_rank,A_G1_fixed_time,0.4654261417836151,0.40897130352878935,-0.05645483825482575,0.06286832969377502,0.09897671497068948,0.053418084782814776,1.0,0.20939504459484815,2,2,3
4,50,fixed_rank,A_G1_time_average,0.4199571320777955,0.3851026997019228,-0.034854432375872685,0.048067112158941966,0.0734091496619948,,,,2,0,3
4,50,fixed_rank,A_G2_fixed_time,0.5717873066601671,0.5843372685874176,0.012549961927250497,0.08159110480175495,0.17427263286035988,0.06762768834712082,1.0,0.2650956670361118,2,2,3
4,50,fixed_rank,A_G2_minus_G1_fixed_time,0.106361164876552,0.1753659650586283,0.0690048001820763,0.08698305049268677,0.07529591788967044,0.03239671218235261,0.5,0.12699277818984228,2,2,3
4,50,fixed_rank,A_G2_minus_G1_time_average,0.0963644989802399,0.1383751567310331,0.0420106577507932,0.0666798537773892,0.06728036230404928,,,,2,0,3
4,50,fixed_rank,A_G2_time_average,0.5163216310580354,0.5234778564329559,0.007156225374920389,0.08518256246904399,0.1406895119660442,,,,2,0,3
4,50,fixed_rank,A_entry,0.47882838645766657,0.4021850886016334,-0.07664329785603322,0.0766602271951205,0.12495687567109164,0.10986520901481783,1.0,0.4306637056460165,2,2,3
4,50,fixed_rank,A_fixed_time_mean,0.5186067242218911,0.49665428605810347,-0.02195243816378764,0.05842306789594979,0.13662467391552469,0.058704144787358664,1.0,0.23011601905289547,2,2,3
4,50,fixed_rank,A_full_mean,0.4681393815679154,0.4542902780674395,-0.013849103500475912,0.060594615149392225,0.10704933081401972,,,,2,0,3
4,50,fixed_rank,B_G1_fixed_time,0.4049968856225205,0.4804328743374093,0.07543598871488877,0.10134886469739336,0.09035016371097843,0.12092139264805786,1.0,0.47400314910123975,2,2,3
4,50,fixed_rank,B_G1_time_average,0.4574121871981486,0.4660279188811095,0.008615731682960925,0.031851085244081666,0.07778282493786033,,,,2,0,3
4,50,fixed_rank,B_G2_fixed_time,0.626999319216829,0.7470974285829903,0.12009810936616117,0.23104353969998626,0.26075651556304924,0.17532363342325888,1.0,0.6872560142965806,2,2,3
4,50,fixed_rank,B_G2_minus_G1_fixed_time,0.2220024335943086,0.266664554245581,0.0446621206512724,0.1371682577358069,0.17040635185207084,0.08579930301843365,1.0,0.33632708762953745,2,2,3
4,50,fixed_rank,B_G2_minus_G1_time_average,0.2510867046242462,0.3358663579846183,0.08477965336037208,0.16008683784090055,0.16181284925887165,,,,2,0,3
4,50,fixed_rank,B_G2_time_average,0.7084988918223949,0.8018942768657276,0.09339538504333256,0.1406244472843747,0.08403002432101132,,,,2,0,3
4,50,fixed_rank,B_entry,0.3708299943602174,0.302909990282491,-0.06792000407772641,0.27132485499662623,0.47233876559021587,0.20602109292346588,1.0,0.8075878443711457,2,2,3
4,50,fixed_rank,B_fixed_time_mean,0.5159981024196748,0.6137651514601998,0.09776704904052497,0.16468931985318797,0.17555333963701375,0.14430975642475588,1.0,0.5656838504205384,2,2,3
4,50,fixed_rank,B_full_mean,0.5829555395102717,0.6339610978734189,0.051005558363147185,0.06314993658077696,0.0031235996915748836,,,,2,0,3
4,50,selected_rank,A_G1_fixed_time,0.42876959910958606,0.0,-0.42876959910958606,0.4332723809220726,0.0,,,,3,0,3
4,50,selected_rank,A_G1_time_average,0.42163565261161584,0.0,-0.42163565261161584,0.4219218957958221,0.0,,,,3,0,3
4,50,selected_rank,A_G2_fixed_time,0.5254262118760815,0.0,-0.5254262118760815,0.5306427896171506,0.0,,,,3,0,3
4,50,selected_rank,A_G2_minus_G1_fixed_time,0.09665661276649545,0.0,-0.09665661276649545,0.09762638936226936,0.0,,,,3,0,3
4,50,selected_rank,A_G2_minus_G1_time_average,0.09502935007956999,0.0,-0.09502935007956999,0.09511015474225978,0.0,,,,3,0,3
4,50,selected_rank,A_G2_time_average,0.5166650026911858,0.0,-0.5166650026911858,0.5168027558357722,0.0,,,,3,0,3
4,50,selected_rank,A_entry,0.4446153431586608,0.0,-0.4446153431586608,0.45281402982885316,0.0,,,,3,0,3
4,50,selected_rank,A_fixed_time_mean,0.4770979054928339,0.0,-0.4770979054928339,0.48194463908865953,0.0,,,,3,0,3
4,50,selected_rank,A_full_mean,0.4691503276514008,0.0,-0.4691503276514008,0.4693507237790525,0.0,,,,3,0,3
4,50,selected_rank,B_G1_fixed_time,0.4591380536045501,0.0,-0.4591380536045501,0.46548887238939624,0.0,,,,3,0,3
4,50,selected_rank,B_G1_time_average,0.44520801816078626,0.0,-0.44520801816078626,0.4459853423302967,0.0,,,,3,0,3
4,50,selected_rank,B_G2_fixed_time,0.7411602964824796,0.0,-0.7411602964824796,0.7586149255132439,0.0,,,,3,0,3
4,50,selected_rank,B_G2_minus_G1_fixed_time,0.28202224287792954,0.0,-0.28202224287792954,0.2946145003651789,0.0,,,,3,0,3
4,50,selected_rank,B_G2_minus_G1_time_average,0.2667809984310288,0.0,-0.2667809984310288,0.268271016268874,0.0,,,,3,0,3
4,50,selected_rank,B_G2_time_average,0.7119890165918151,0.0,-0.7119890165918151,0.7129837524995265,0.0,,,,3,0,3
4,50,selected_rank,B_entry,0.5624528039076253,0.0,-0.5624528039076253,0.6270419602812121,0.0,,,,3,0,3
4,50,selected_rank,B_fixed_time_mean,0.600149175043515,0.0,-0.600149175043515,0.6118732072975186,0.0,,,,3,0,3
4,50,selected_rank,B_full_mean,0.5785985173763007,0.0,-0.5785985173763007,0.5793375906226054,0.0,,,,3,0,3
4,100,fixed_rank,A_G1_fixed_time,0.43448108948541725,0.423641933962738,-0.010839155522679259,0.07442482592706105,0.13760249788424259,0.07262766590038888,1.0,0.28469521889194005,3,3,3
4,100,fixed_rank,A_G1_time_average,0.44947415599072765,0.4421907128132212,-0.00728344317750651,0.015763285695440114,0.023882792458613526,0.015205664788701922,1.0,0.059605110693689234,3,3,3
4,100,fixed_rank,A_G2_fixed_time,0.5360308222055222,0.5107878276721325,-0.025242994533389757,0.08936806858544402,0.17291334958317559,0.08695098523941802,1.0,0.34084159897906635,3,3,3
4,100,fixed_rank,A_G2_minus_G1_fixed_time,0.10154973272010498,0.08714589370939448,-0.014403839010710498,0.018879824404015165,0.035418758160586566,0.0201907504482662,1.0,0.0791462873988754,3,3,3
4,100,fixed_rank,A_G2_minus_G1_time_average,0.10403972816524325,0.08766089662049463,-0.016378831544748628,0.016776181757508616,0.006971543439046789,0.01759373942838329,1.0,0.06896619126602714,3,3,3
4,100,fixed_rank,A_G2_time_average,0.553513884155971,0.5298516094337158,-0.02366227472225524,0.025836914956143136,0.029663734372013504,0.01326283144841424,0.6666666666666666,0.051989343943834226,3,3,3
4,100,fixed_rank,A_entry,0.4243327463121121,0.4620956913248051,0.037762945012692915,0.05032867994055897,0.0981711353003991,0.11239925209203454,1.0,0.440596971979252,3,3,3
4,100,fixed_rank,A_fixed_time_mean,0.4852559558454697,0.46721488081743523,-0.0180410750280345,0.08169296944108083,0.155251778851705,0.0794465662080348,1.0,0.3114248169262502,3,3,3
4,100,fixed_rank,A_full_mean,0.5014940200733493,0.48602116112346844,-0.015472858949880855,0.01968892090982327,0.02670228177097712,0.011235119670314148,0.6666666666666666,0.04404085983162651,3,3,3
4,100,fixed_rank,B_G1_fixed_time,0.399072109206894,0.14770060756021847,-0.25137150164667554,0.26166689276309124,0.2434868946837631,0.11855223000929681,0.3333333333333333,0.46471620221026066,3,3,3
4,100,fixed_rank,B_G1_time_average,0.45301014371363507,0.433795018624604,-0.019215125089031098,0.034554042794931975,0.012162251594001045,0.03035844565694525,1.0,0.11900292022845821,3,3,3
4,100,fixed_rank,B_G2_fixed_time,0.5975347552808917,0.23279102389211107,-0.3647437313887807,0.39387352393814,0.3913585272231278,0.1939061375210421,0.6666666666666666,0.7600980918450267,3,3,3
4,100,fixed_rank,B_G2_minus_G1_fixed_time,0.1984626460739977,0.08509041633189258,-0.11337222974210513,0.1365596924005705,0.14832694728147516,0.07761755428113871,0.6666666666666666,0.3042552219182291,3,3,3
4,100,fixed_rank,B_G2_minus_G1_time_average,0.23223019710021775,0.2899537522500332,0.05772355514981545,0.05893995755132377,0.03085892929563839,0.04219614618559816,1.0,0.16540585362031915,3,3,3
4,100,fixed_rank,B_G2_time_average,0.6852403408138527,0.7237487708746375,0.03850843006078464,0.049299165079782124,0.03299134104498728,0.03147258392429666,0.6666666666666666,0.12337026198407147,3,3,3
4,100,fixed_rank,B_entry,0.25422110879523435,-0.014093160718923699,-0.26831426951415804,0.2747852923271229,0.0738560439270391,0.11109059941208543,0.3333333333333333,0.43546714773730794,3,3,3
4,100,fixed_rank,B_fixed_time_mean,0.4983034322438929,0.19024581572616472,-0.30805761651772817,0.327323724188662,0.3173695976838967,0.15596519908562143,0.6666666666666666,0.6113723460988748,3,3,3
4,100,fixed_rank,B_full_mean,0.569125242263744,0.5787718947496204,0.00964665248587652,0.030719946720019483,0.019496309768080075,0.022606520721889237,0.6666666666666666,0.08861593286132267,3,3,3
4,100,selected_rank,A_G1_fixed_time,0.43448108948541725,0.0,-0.43448108948541725,0.4389343143597176,0.0,,,,3,0,3
4,100,selected_rank,A_G1_time_average,0.44947415599072765,0.0,-0.44947415599072765,0.4495180940769435,0.0,,,,3,0,3
4,100,selected_rank,A_G2_fixed_time,0.5360308222055222,0.0,-0.5360308222055222,0.5425831211410457,0.0,,,,3,0,3
4,100,selected_rank,A_G2_minus_G1_fixed_time,0.10154973272010498,0.0,-0.10154973272010498,0.10389196971828678,0.0,,,,3,0,3
4,100,selected_rank,A_G2_minus_G1_time_average,0.10403972816524325,0.0,-0.10403972816524325,0.10442314839142149,0.0,,,,3,0,3
4,100,selected_rank,A_G2_time_average,0.553513884155971,0.0,-0.553513884155971,0.553688157801757,0.0,,,,3,0,3
4,100,selected_rank,A_entry,0.4243327463121121,0.0,-0.4243327463121121,0.4323520726789825,0.0,,,,3,0,3
4,100,selected_rank,A_fixed_time_mean,0.4852559558454697,0.0,-0.4852559558454697,0.49074586344849674,0.0,,,,3,0,3
4,100,selected_rank,A_full_mean,0.5014940200733493,0.0,-0.5014940200733493,0.5015899700116035,0.0,,,,3,0,3
4,100,selected_rank,B_G1_fixed_time,0.399072109206894,0.0,-0.399072109206894,0.4185560015617578,0.0,,,,3,0,3
4,100,selected_rank,B_G1_time_average,0.45301014371363507,0.0,-0.45301014371363507,0.4534675248618464,0.0,,,,3,0,3
4,100,selected_rank,B_G2_fixed_time,0.5975347552808917,0.0,-0.5975347552808917,0.6215269330041809,0.0,,,,3,0,3
4,100,selected_rank,B_G2_minus_G1_fixed_time,0.1984626460739977,0.0,-0.1984626460739977,0.20355079293177467,0.0,,,,3,0,3
4,100,selected_rank,B_G2_minus_G1_time_average,0.23223019710021775,0.0,-0.23223019710021775,0.23275641421601678,0.0,,,,3,0,3
4,100,selected_rank,B_G2_time_average,0.6852403408138527,0.0,-0.6852403408138527,0.6853214714015031,0.0,,,,3,0,3
4,100,selected_rank,B_entry,0.25422110879523435,0.0,-0.25422110879523435,0.25422531765383183,0.0,,,,3,0,3
4,100,selected_rank,B_fixed_time_mean,0.4983034322438929,0.0,-0.4983034322438929,0.5199848037401539,0.0,,,,3,0,3
4,100,selected_rank,B_full_mean,0.569125242263744,0.0,-0.569125242263744,0.569302442067879,0.0,,,,3,0,3
