record_type,run_id,semantic_replication_id,dgp,N,T,replication,method,target,primary_status,target_tangent_norm,target_supported,riesz_iterations,riesz_residual,riesz_converged,riesz_target_rayleigh_quotient,tangent_gram_min_eigenvalue,tangent_gram_max_eigenvalue,tangent_gram_condition_number,variance_estimate,standard_error,interval_length,estimate_finite,standard_error_finite,phi_full,phi_time_sum,phi_unit_sum,phi_corrected,true_target_projection_ratio,true_entry_unit_leverage_scaled,true_entry_time_leverage_scaled,target_applicability,headline_theorem_target,dgp_realization_hash,time_split_0_status,time_split_1_status,unit_split_0_status,unit_split_1_status
inference_diagnostic,6e4214ce260ae6c3,dgp1_N50_T50_r00003_truth1-1-1,1,50,50,3,selected_rank,A_entry,success,0.1838883032068621,True,67,8.79830022675564e-09,True,5.11593384867878,0.18716860900497456,22.25973985441485,118.92880955173007,0.010385566145645824,0.10190959790738958,0.3994782831548841,True,True,0.4291399839738014,,,0.4291399839738014,0.15201475867070594,0.7608467256056991,0.40067465709766864,theorem_covered,True,67b3f9028ad66f677b71fe9f03e6982e2af1a6f7f48540b487ed98fb1958abcd,,,,
inference_diagnostic,6e4214ce260ae6c3,dgp1_N50_T50_r00003_truth1-1-1,1,50,50,3,selected_rank,B_entry,success,0.21043658468718024,True,72,7.361793947105122e-09,True,0.3832768532146288,0.18716860900497456,22.25973985441485,118.92880955173007,0.22749967028657875,0.4769692550747676,1.8696851233588858,True,True,0.5200391605786603,,,0.5200391605786603,0.1738792963798538,0.892466950278498,0.6304873170600718,entry_leverage_requires_author_choice,False,67b3f9028ad66f677b71fe9f03e6982e2af1a6f7f48540b487ed98fb1958abcd,,,,
inference_diagnostic,6e4214ce260ae6c3,dgp1_N50_T50_r00003_truth1-1-1,1,50,50,3,selected_rank,A_fixed_time_mean,success,0.13619633285938848,True,62,9.780918267715029e-09,True,6.960560237523126,0.18716860900497456,22.25973985441485,118.92880955173007,0.005860109560869097,0.07655135244310905,0.300075787512652,True,True,0.38288181118469633,,,0.38288181118469633,0.994475064258902,,,theorem_covered,True,67b3f9028ad66f677b71fe9f03e6982e2af1a6f7f48540b487ed98fb1958abcd,,,,
inference_diagnostic,6e4214ce260ae6c3,dgp1_N50_T50_r00003_truth1-1-1,1,50,50,3,selected_rank,B_fixed_time_mean,success,0.1262889571876817,True,69,9.088521077326677e-09,True,0.9003033173908523,0.18716860900497456,22.25973985441485,118.92880955173007,0.054603009944876574,0.23367286950965568,0.9159808168061058,True,True,1.0146934131725822,,,1.0146934131725822,0.9444209272563087,,,theorem_covered,True,67b3f9028ad66f677b71fe9f03e6982e2af1a6f7f48540b487ed98fb1958abcd,,,,
inference_diagnostic,6e4214ce260ae6c3,dgp1_N50_T50_r00003_truth1-1-1,1,50,50,3,selected_rank,A_full_mean,split_fit_failure,0.01991894914272499,True,71,9.83973108943986e-09,True,1.1771175511738694,0.18716860900497456,22.25973985441485,118.92880955173007,0.000603048204589045,0.02455703981731196,0.09626182721769502,True,True,0.4918311584354767,0.47973576857935374,0.4977969655670049,0.4979607411600715,0.9998042153496232,,,theorem_covered,True,67b3f9028ad66f677b71fe9f03e6982e2af1a6f7f48540b487ed98fb1958abcd,success,success,success,success
inference_diagnostic,6e4214ce260ae6c3,dgp1_N50_T50_r00003_truth1-1-1,1,50,50,3,selected_rank,B_full_mean,split_fit_failure,0.019538447604136117,True,74,8.998969917992011e-09,True,0.6065757141987896,0.18716860900497456,22.25973985441485,118.92880955173007,0.003798715335845646,0.061633719146629844,0.2415997395213025,True,True,0.6328181950493476,0.6188041724914877,0.5902074834250737,0.6894429292314812,0.9932376819422609,,,theorem_covered,True,67b3f9028ad66f677b71fe9f03e6982e2af1a6f7f48540b487ed98fb1958abcd,success,success,success,success
inference_diagnostic,6e4214ce260ae6c3,dgp1_N50_T50_r00003_truth1-1-1,1,50,50,3,selected_rank,A_G1_fixed_time,success,0.14079850691298526,True,64,9.921071989988543e-09,True,6.969583780937813,0.18716860900497456,22.25973985441485,118.92880955173007,0.006297597836343599,0.07935740568052611,0.31107531408073097,True,True,0.39378573641420644,,,0.39378573641420644,0.7172709221124497,,,theorem_covered,True,67b3f9028ad66f677b71fe9f03e6982e2af1a6f7f48540b487ed98fb1958abcd,,,,
inference_diagnostic,6e4214ce260ae6c3,dgp1_N50_T50_r00003_truth1-1-1,1,50,50,3,selected_rank,A_G2_fixed_time,success,0.13317560390845068,True,65,8.92159350194744e-09,True,6.510026812876401,0.18716860900497456,22.25973985441485,118.92880955173007,0.0056415635721191425,0.07511034264413352,0.2944271328979293,True,True,0.3719778859551863,,,0.3719778859551863,0.6948184983594908,,,theorem_covered,True,67b3f9028ad66f677b71fe9f03e6982e2af1a6f7f48540b487ed98fb1958abcd,,,,
inference_diagnostic,6e4214ce260ae6c3,dgp1_N50_T50_r00003_truth1-1-1,1,50,50,3,selected_rank,A_G2_minus_G1_fixed_time,success,0.03036704979466503,True,70,6.740762727596161e-09,True,2.87722446892988,0.18716860900497456,22.25973985441485,118.92880955173007,0.0004378844884978634,0.020925689677950006,0.08202719624088715,True,True,-0.02180785045902015,,,-0.02180785045902015,0.09093771460639707,,,weak_target_stress_outside_assumption9,False,67b3f9028ad66f677b71fe9f03e6982e2af1a6f7f48540b487ed98fb1958abcd,,,,
inference_diagnostic,6e4214ce260ae6c3,dgp1_N50_T50_r00003_truth1-1-1,1,50,50,3,selected_rank,A_G1_time_average,split_fit_failure,0.027477227183026618,True,70,8.950290772358154e-09,True,1.917343859627292,0.18716860900497456,22.25973985441485,118.92880955173007,0.0009789652129488697,0.031288419789897826,0.12264835184274005,True,True,0.5058378049265444,0.49059899926159567,0.500573080723675,0.5263413347943624,0.9913368699243088,,,theorem_covered,True,67b3f9028ad66f677b71fe9f03e6982e2af1a6f7f48540b487ed98fb1958abcd,success,success,success,success
inference_diagnostic,6e4214ce260ae6c3,dgp1_N50_T50_r00003_truth1-1-1,1,50,50,3,selected_rank,A_G2_time_average,split_fit_failure,0.02739232872258935,True,71,9.941792028197201e-09,True,1.3375025063410821,0.18716860900497456,22.25973985441485,118.92880955173007,0.0011037629520048511,0.03322292810702951,0.13023148510148264,True,True,0.47782451194440906,0.46887253789711175,0.49502085041033483,0.4695801475257806,0.9907685289568811,,,theorem_covered,True,67b3f9028ad66f677b71fe9f03e6982e2af1a6f7f48540b487ed98fb1958abcd,success,success,success,success
inference_diagnostic,6e4214ce260ae6c3,dgp1_N50_T50_r00003_truth1-1-1,1,50,50,3,selected_rank,A_G2_minus_G1_time_average,split_fit_failure,0.03773085253776068,True,69,7.3264412500151645e-09,True,2.863018663115469,0.18716860900497456,22.25973985441485,118.92880955173007,0.0017532635065523302,0.04187198952226094,0.1641351828493399,True,True,-0.028013292982135323,-0.02172646136448401,-0.005552230313340151,-0.0567611872685818,0.9822232936618026,,,theorem_covered,True,67b3f9028ad66f677b71fe9f03e6982e2af1a6f7f48540b487ed98fb1958abcd,success,success,success,success
inference_diagnostic,6e4214ce260ae6c3,dgp1_N50_T50_r00003_truth1-1-1,1,50,50,3,selected_rank,B_G1_fixed_time,success,0.1335499200855636,True,70,9.832181204599842e-09,True,0.8865219765987462,0.18716860900497456,22.25973985441485,118.92880955173007,0.05942871508095955,0.24378005472343212,0.9556002548142609,True,True,1.0502728916428317,,,1.0502728916428317,0.6704050603653307,,,theorem_covered,True,67b3f9028ad66f677b71fe9f03e6982e2af1a6f7f48540b487ed98fb1958abcd,,,,
inference_diagnostic,6e4214ce260ae6c3,dgp1_N50_T50_r00003_truth1-1-1,1,50,50,3,selected_rank,B_G2_fixed_time,success,0.1253463181827959,True,70,8.256607887948877e-09,True,0.8924313091050042,0.18716860900497456,22.25973985441485,118.92880955173007,0.054496227554139146,0.23344427076743424,0.9150847262027754,True,True,0.979113934702333,,,0.979113934702333,0.6746160461394966,,,theorem_covered,True,67b3f9028ad66f677b71fe9f03e6982e2af1a6f7f48540b487ed98fb1958abcd,,,,
inference_diagnostic,6e4214ce260ae6c3,dgp1_N50_T50_r00003_truth1-1-1,1,50,50,3,selected_rank,B_G2_minus_G1_fixed_time,success,0.057436560164044324,True,73,9.539247096624494e-09,True,0.7260594233895279,0.18716860900497456,22.25973985441485,118.92880955173007,0.009437845483374813,0.09714857427350548,0.38081541345097036,True,True,-0.0711589569404986,,,-0.0711589569404986,0.11233372971936678,,,weak_target_stress_outside_assumption9,False,67b3f9028ad66f677b71fe9f03e6982e2af1a6f7f48540b487ed98fb1958abcd,,,,
inference_diagnostic,6e4214ce260ae6c3,dgp1_N50_T50_r00003_truth1-1-1,1,50,50,3,selected_rank,B_G1_time_average,split_fit_failure,0.026460451892836807,True,74,7.54438978982543e-09,True,0.6385770659163268,0.18716860900497456,22.25973985441485,118.92880955173007,0.006720615414347303,0.08197935968490669,0.32135318491614395,True,True,0.6550074997733656,0.6255855318567942,0.5998330461607368,0.7396039213025656,0.9650553542390056,,,theorem_covered,True,67b3f9028ad66f677b71fe9f03e6982e2af1a6f7f48540b487ed98fb1958abcd,success,success,success,success
inference_diagnostic,6e4214ce260ae6c3,dgp1_N50_T50_r00003_truth1-1-1,1,50,50,3,selected_rank,B_G2_time_average,split_fit_failure,0.02627904152710656,True,73,9.321158660513715e-09,True,0.6679642041002603,0.18716860900497456,22.25973985441485,118.92880955173007,0.006774560856809401,0.08230772051763674,0.3226403357283129,True,True,0.6106288903253297,0.6120228131261811,0.5805819206894105,0.6392819371603977,0.9654212871086832,,,theorem_covered,True,67b3f9028ad66f677b71fe9f03e6982e2af1a6f7f48540b487ed98fb1958abcd,success,success,success,success
inference_diagnostic,6e4214ce260ae6c3,dgp1_N50_T50_r00003_truth1-1-1,1,50,50,3,selected_rank,B_G2_minus_G1_time_average,split_fit_failure,0.03541868626579415,True,73,9.720262462654307e-09,True,0.724332213022112,0.18716860900497456,22.25973985441485,118.92880955173007,0.011795491210186094,0.10860704954185108,0.425731811138371,True,True,-0.0443786094480359,-0.01356271873061311,-0.019251125471326326,-0.10032198414216825,0.9364021601416406,,,theorem_covered,True,67b3f9028ad66f677b71fe9f03e6982e2af1a6f7f48540b487ed98fb1958abcd,success,success,success,success
inference_diagnostic,6e4214ce260ae6c3,dgp1_N50_T50_r00004_truth1-1-1,1,50,50,4,selected_rank,A_entry,success,0.20210025141954896,True,90,9.63856800648178e-09,True,1.5054482115612895,0.10827431458301065,33.69510699815837,311.20129578216216,0.01287149871509187,0.11345262762533034,0.44472612819416296,True,True,0.5531659899555282,,,0.5531659899555282,0.2176679385099783,1.0198722526837916,1.377185383259147,theorem_covered,True,33dd02dca6cb6561052f2690ad45ef239ce14390894585434045c8d5364227d9,,,,
inference_diagnostic,6e4214ce260ae6c3,dgp1_N50_T50_r00004_truth1-1-1,1,50,50,4,selected_rank,B_entry,success,0.24280049028174483,True,91,8.834607385477076e-09,True,0.8094681265002804,0.10827431458301065,33.69510699815837,311.20129578216216,0.0990639894866199,0.3147443239942857,1.233775078734412,True,True,1.2649237198391352,,,1.2649237198391352,0.24699821296690463,0.9229309405090546,2.1674836748647843,entry_leverage_requires_author_choice,False,33dd02dca6cb6561052f2690ad45ef239ce14390894585434045c8d5364227d9,,,,
inference_diagnostic,6e4214ce260ae6c3,dgp1_N50_T50_r00004_truth1-1-1,1,50,50,4,selected_rank,A_fixed_time_mean,success,0.13896674430568645,True,90,8.974082875113442e-09,True,0.9688819693510288,0.10827431458301065,33.69510699815837,311.20129578216216,0.005461113053767922,0.0738993440685905,0.2896801057111421,True,True,0.552768551351231,,,0.552768551351231,0.9954116973727525,,,theorem_covered,True,33dd02dca6cb6561052f2690ad45ef239ce14390894585434045c8d5364227d9,,,,
inference_diagnostic,6e4214ce260ae6c3,dgp1_N50_T50_r00004_truth1-1-1,1,50,50,4,selected_rank,B_fixed_time_mean,success,0.1261488680408917,True,95,8.545995920206697e-09,True,0.644654298277125,0.10827431458301065,33.69510699815837,311.20129578216216,0.0371663706845972,0.1927858155689811,0.7557065104907684,True,True,1.0201279988366603,,,1.0201279988366603,0.9425681107327527,,,theorem_covered,True,33dd02dca6cb6561052f2690ad45ef239ce14390894585434045c8d5364227d9,,,,
inference_diagnostic,6e4214ce260ae6c3,dgp1_N50_T50_r00004_truth1-1-1,1,50,50,4,selected_rank,A_full_mean,success,0.01996622248884757,True,95,8.849118393909109e-09,True,0.7464220342361141,0.10827431458301065,33.69510699815837,311.20129578216216,0.0005563330029729337,0.023586712424009705,0.09245821372952491,True,True,0.5017631944341898,0.4951692455968635,0.5116957798333297,0.4984245578723763,0.9998386832893814,,,theorem_covered,True,33dd02dca6cb6561052f2690ad45ef239ce14390894585434045c8d5364227d9,success,success,success,success
inference_diagnostic,6e4214ce260ae6c3,dgp1_N50_T50_r00004_truth1-1-1,1,50,50,4,selected_rank,B_full_mean,success,0.019585558512859938,True,97,6.7285416381731285e-09,True,0.610393759625734,0.10827431458301065,33.69510699815837,311.20129578216216,0.003061093036460359,0.05532714556581027,0.21687842535278615,True,True,0.6868327445725555,0.641549154943144,0.6590879899308011,0.7598610888437214,0.9943217776246794,,,theorem_covered,True,33dd02dca6cb6561052f2690ad45ef239ce14390894585434045c8d5364227d9,success,success,success,success
inference_diagnostic,6e4214ce260ae6c3,dgp1_N50_T50_r00004_truth1-1-1,1,50,50,4,selected_rank,A_G1_fixed_time,success,0.13972709792724522,True,91,8.614260449134402e-09,True,0.9782325617897888,0.10827431458301065,33.69510699815837,311.20129578216216,0.005558123405108088,0.07455282291843876,0.2922416957318646,True,True,0.5494344209482266,,,0.5494344209482266,0.7148088173548424,,,theorem_covered,True,33dd02dca6cb6561052f2690ad45ef239ce14390894585434045c8d5364227d9,,,,
inference_diagnostic,6e4214ce260ae6c3,dgp1_N50_T50_r00004_truth1-1-1,1,50,50,4,selected_rank,A_G2_fixed_time,success,0.14134710205641152,True,91,8.77258481496555e-09,True,0.9893276285307113,0.10827431458301065,33.69510699815837,311.20129578216216,0.005728106841463872,0.07568425755375996,0.2966768380040461,True,True,0.5561026817542356,,,0.5561026817542356,0.7123480262171988,,,theorem_covered,True,33dd02dca6cb6561052f2690ad45ef239ce14390894585434045c8d5364227d9,,,,
inference_diagnostic,6e4214ce260ae6c3,dgp1_N50_T50_r00004_truth1-1-1,1,50,50,4,selected_rank,A_G2_minus_G1_fixed_time,success,0.041932162097165986,True,91,8.04735555015691e-09,True,2.1612605222143286,0.10827431458301065,33.69510699815837,311.20129578216216,0.0007280082718218677,0.026981628413086333,0.10576603986778364,True,True,0.00666826080600897,,,0.00666826080600897,0.16597261387729792,,,weak_target_stress_outside_assumption9,False,33dd02dca6cb6561052f2690ad45ef239ce14390894585434045c8d5364227d9,,,,
inference_diagnostic,6e4214ce260ae6c3,dgp1_N50_T50_r00004_truth1-1-1,1,50,50,4,selected_rank,A_G1_time_average,success,0.027565133523226395,True,95,6.396950604915566e-09,True,0.8382857103533209,0.10827431458301065,33.69510699815837,311.20129578216216,0.0009309835124650823,0.030512022425022604,0.11960493009704556,True,True,0.49873671270402953,0.4778114852479763,0.5142947782725317,0.5041038745915806,0.991346441500074,,,theorem_covered,True,33dd02dca6cb6561052f2690ad45ef239ce14390894585434045c8d5364227d9,success,success,success,success
inference_diagnostic,6e4214ce260ae6c3,dgp1_N50_T50_r00004_truth1-1-1,1,50,50,4,selected_rank,A_G2_time_average,success,0.027581329150479023,True,94,9.299342724434384e-09,True,1.2842630666018,0.10827431458301065,33.69510699815837,311.20129578216216,0.0009452023175768097,0.030744142817401978,0.12051482531532733,True,True,0.5047896761643502,0.5125270059457508,0.5090967813941276,0.4927452411531723,0.9912840257150838,,,theorem_covered,True,33dd02dca6cb6561052f2690ad45ef239ce14390894585434045c8d5364227d9,success,success,success,success
inference_diagnostic,6e4214ce260ae6c3,dgp1_N50_T50_r00004_truth1-1-1,1,50,50,4,selected_rank,A_G2_minus_G1_time_average,success,0.03803330705873572,True,91,8.023709608550246e-09,True,2.1749729220201712,0.10827431458301065,33.69510699815837,311.20129578216216,0.0015270396514483267,0.0390773547140582,0.15318041570130117,True,True,0.00605296346032061,0.03471552069777448,-0.005197996878403948,-0.011358633438408696,0.9827178608893428,,,theorem_covered,True,33dd02dca6cb6561052f2690ad45ef239ce14390894585434045c8d5364227d9,success,success,success,success
inference_diagnostic,6e4214ce260ae6c3,dgp1_N50_T50_r00004_truth1-1-1,1,50,50,4,selected_rank,B_G1_fixed_time,success,0.13257512987038547,True,95,7.539224134970717e-09,True,0.6619328705276477,0.10827431458301065,33.69510699815837,311.20129578216216,0.039418092970621904,0.19853990271636054,0.7782621176363054,True,True,1.0515541083469557,,,1.0515541083469557,0.701441636821887,,,theorem_covered,True,33dd02dca6cb6561052f2690ad45ef239ce14390894585434045c8d5364227d9,,,,
inference_diagnostic,6e4214ce260ae6c3,dgp1_N50_T50_r00004_truth1-1-1,1,50,50,4,selected_rank,B_G2_fixed_time,success,0.1253112762576146,True,96,8.103209170539043e-09,True,0.6262841909966126,0.10827431458301065,33.69510699815837,311.20129578216216,0.039648027320272526,0.1991181240376489,0.7805287035659421,True,True,0.9887018893263649,,,0.9887018893263649,0.6637376922994842,,,theorem_covered,True,33dd02dca6cb6561052f2690ad45ef239ce14390894585434045c8d5364227d9,,,,
inference_diagnostic,6e4214ce260ae6c3,dgp1_N50_T50_r00004_truth1-1-1,1,50,50,4,selected_rank,B_G2_minus_G1_fixed_time,success,0.05388890797678452,True,94,7.995137932102859e-09,True,0.635104784313715,0.10827431458301065,33.69510699815837,311.20129578216216,0.00946675784483281,0.09729726535125646,0.3813982717653991,True,True,-0.06285221902059095,,,-0.06285221902059095,0.21007962936968028,,,weak_target_stress_outside_assumption9,False,33dd02dca6cb6561052f2690ad45ef239ce14390894585434045c8d5364227d9,,,,
inference_diagnostic,6e4214ce260ae6c3,dgp1_N50_T50_r00004_truth1-1-1,1,50,50,4,selected_rank,B_G1_time_average,success,0.026645359268383476,True,95,7.907579761260735e-09,True,0.7108686088355728,0.10827431458301065,33.69510699815837,311.20129578216216,0.004990931580912499,0.07064652561104827,0.27692929166108227,True,True,0.7079913453273712,0.6781858908480254,0.6704460951512223,0.775342049982866,0.9738781318949087,,,theorem_covered,True,33dd02dca6cb6561052f2690ad45ef239ce14390894585434045c8d5364227d9,success,success,success,success
inference_diagnostic,6e4214ce260ae6c3,dgp1_N50_T50_r00004_truth1-1-1,1,50,50,4,selected_rank,B_G2_time_average,success,0.026503861022872797,True,96,9.673637118280956e-09,True,0.5570437294055034,0.10827431458301065,33.69510699815837,311.20129578216216,0.007219878578211978,0.08496986864890388,0.33307576464590133,True,True,0.6656741438177399,0.6049124190382624,0.6477298847103798,0.7443801277045774,0.9711920485371212,,,theorem_covered,True,33dd02dca6cb6561052f2690ad45ef239ce14390894585434045c8d5364227d9,success,success,success,success
inference_diagnostic,6e4214ce260ae6c3,dgp1_N50_T50_r00004_truth1-1-1,1,50,50,4,selected_rank,B_G2_minus_G1_time_average,success,0.0359232964840273,True,95,9.24670199296837e-09,True,0.627221261216577,0.10827431458301065,33.69510699815837,311.20129578216216,0.012177248199025862,0.11035056954554363,0.43256628396549607,True,True,-0.042317201509631294,-0.07327347180976289,-0.02271621044084253,-0.03096192227828845,0.9502509213182334,,,theorem_covered,True,33dd02dca6cb6561052f2690ad45ef239ce14390894585434045c8d5364227d9,success,success,success,success
inference_diagnostic,6e4214ce260ae6c3,dgp1_N50_T50_r00005_truth1-1-1,1,50,50,5,selected_rank,A_entry,success,0.1829423373300269,True,89,8.729475694019032e-09,True,0.9973234553519039,0.24942402587155088,40.72063080118434,163.258654249109,0.015643430138343455,0.12507369882730524,0.49027989022945573,True,True,0.4301604327827545,,,0.4301604327827545,0.20619121203258373,0.7875812239944849,1.3595750882206739,theorem_covered,True,be9cc050acbe752601ada9c4338c9c0208ae9befc72ddcac866f4f1f5703c3a5,,,,
inference_diagnostic,6e4214ce260ae6c3,dgp1_N50_T50_r00005_truth1-1-1,1,50,50,5,selected_rank,B_entry,success,0.2657776940546541,True,95,7.172536051606595e-09,True,0.5823250916979957,0.24942402587155088,40.72063080118434,163.258654249109,0.2132103855481805,0.4617471012883356,1.8100153769818124,True,True,1.8273550128844105,,,1.8273550128844105,0.22627919653783693,0.4720099627263762,2.108003752012365,entry_leverage_requires_author_choice,False,be9cc050acbe752601ada9c4338c9c0208ae9befc72ddcac866f4f1f5703c3a5,,,,
inference_diagnostic,6e4214ce260ae6c3,dgp1_N50_T50_r00005_truth1-1-1,1,50,50,5,selected_rank,A_fixed_time_mean,success,0.13794702303313244,True,90,7.738445674672864e-09,True,0.41187186842360596,0.24942402587155088,40.72063080118434,163.258654249109,0.008587871111023732,0.09267076729489042,0.3632627326353551,True,True,0.5288089900568488,,,0.5288089900568488,0.9954122404010747,,,theorem_covered,True,be9cc050acbe752601ada9c4338c9c0208ae9befc72ddcac866f4f1f5703c3a5,,,,
inference_diagnostic,6e4214ce260ae6c3,dgp1_N50_T50_r00005_truth1-1-1,1,50,50,5,selected_rank,B_fixed_time_mean,success,0.12101949687320966,True,93,8.289713734582858e-09,True,0.44971315037402804,0.24942402587155088,40.72063080118434,163.258654249109,0.050030162130145925,0.2236742321550382,0.8767868785870515,True,True,1.135994678284785,,,1.135994678284785,0.9468870087733902,,,theorem_covered,True,be9cc050acbe752601ada9c4338c9c0208ae9befc72ddcac866f4f1f5703c3a5,,,,
inference_diagnostic,6e4214ce260ae6c3,dgp1_N50_T50_r00005_truth1-1-1,1,50,50,5,selected_rank,A_full_mean,split_fit_failure,0.019967987644208447,True,90,8.450754339382632e-09,True,0.8745934353206796,0.24942402587155088,40.72063080118434,163.258654249109,0.0005436153960794614,0.023315561243072436,0.09139532063151981,True,True,0.4972955133393749,0.5101227879834527,0.4850045910904148,0.4967591609442572,0.9998857784023523,,,theorem_covered,True,be9cc050acbe752601ada9c4338c9c0208ae9befc72ddcac866f4f1f5703c3a5,success,success,success,success
inference_diagnostic,6e4214ce260ae6c3,dgp1_N50_T50_r00005_truth1-1-1,1,50,50,5,selected_rank,B_full_mean,split_fit_failure,0.019493759823603417,True,95,9.754101844686312e-09,True,0.6515712610330802,0.24942402587155088,40.72063080118434,163.258654249109,0.0031500864815482733,0.05612563123518766,0.22000843166108824,True,True,0.7827913448874428,0.7432685952015665,0.7731224014103113,0.8319830380504509,0.9952295051712595,,,theorem_covered,True,be9cc050acbe752601ada9c4338c9c0208ae9befc72ddcac866f4f1f5703c3a5,success,success,success,success
inference_diagnostic,6e4214ce260ae6c3,dgp1_N50_T50_r00005_truth1-1-1,1,50,50,5,selected_rank,A_G1_fixed_time,success,0.1317844841585107,True,91,7.081076322001829e-09,True,0.4206001733884521,0.24942402587155088,40.72063080118434,163.258654249109,0.007523683529381547,0.08673916952208816,0.34001129662441426,True,True,0.4982946648613408,,,0.4982946648613408,0.7073542416145463,,,theorem_covered,True,be9cc050acbe752601ada9c4338c9c0208ae9befc72ddcac866f4f1f5703c3a5,,,,
inference_diagnostic,6e4214ce260ae6c3,dgp1_N50_T50_r00005_truth1-1-1,1,50,50,5,selected_rank,A_G2_fixed_time,success,0.1471793566035673,True,90,8.2009306734585e-09,True,0.4152035982224199,0.24942402587155088,40.72063080118434,163.258654249109,0.010096606010665844,0.10048186906435332,0.39388168893080383,True,True,0.5593233152523568,,,0.5593233152523568,0.7195593744073198,,,theorem_covered,True,be9cc050acbe752601ada9c4338c9c0208ae9befc72ddcac866f4f1f5703c3a5,,,,
inference_diagnostic,6e4214ce260ae6c3,dgp1_N50_T50_r00005_truth1-1-1,1,50,50,5,selected_rank,A_G2_minus_G1_fixed_time,success,0.0440488580500711,True,90,9.945027559068668e-09,True,1.2137922688514733,0.24942402587155088,40.72063080118434,163.258654249109,0.0008890946162591728,0.029817689653277513,0.11688319564523307,True,True,0.061028650391016015,,,0.061028650391016015,0.16513687682421813,,,weak_target_stress_outside_assumption9,False,be9cc050acbe752601ada9c4338c9c0208ae9befc72ddcac866f4f1f5703c3a5,,,,
inference_diagnostic,6e4214ce260ae6c3,dgp1_N50_T50_r00005_truth1-1-1,1,50,50,5,selected_rank,A_G1_time_average,split_fit_failure,0.027751853716296127,True,88,9.867439285816793e-09,True,1.327003914541771,0.24942402587155088,40.72063080118434,163.258654249109,0.00089135192759569,0.02985551754024187,0.11703147823735587,True,True,0.468599637706335,0.48117587596204714,0.4575312659902976,0.46709177116666023,0.9937466023032702,,,theorem_covered,True,be9cc050acbe752601ada9c4338c9c0208ae9befc72ddcac866f4f1f5703c3a5,success,success,success,success
inference_diagnostic,6e4214ce260ae6c3,dgp1_N50_T50_r00005_truth1-1-1,1,50,50,5,selected_rank,A_G2_time_average,split_fit_failure,0.027853662987894195,True,89,8.295387478029458e-09,True,1.0698139955235493,0.24942402587155088,40.72063080118434,163.258654249109,0.0010097496648846676,0.03177655841787571,0.12456182010333894,True,True,0.5259913889724149,0.5390697000048583,0.5124779161905322,0.5264265507218542,0.9939652308691143,,,theorem_covered,True,be9cc050acbe752601ada9c4338c9c0208ae9befc72ddcac866f4f1f5703c3a5,success,success,success,success
inference_diagnostic,6e4214ce260ae6c3,dgp1_N50_T50_r00005_truth1-1-1,1,50,50,5,selected_rank,A_G2_minus_G1_time_average,split_fit_failure,0.03869239887666215,True,87,8.70569721906895e-09,True,2.5543167667513207,0.24942402587155088,40.72063080118434,163.258654249109,0.0016277415998128203,0.04034527977115564,0.1581505905953149,True,True,0.057391751266079864,0.05789382404281106,0.05494665020023466,0.05933477955519387,0.9877892588577357,,,theorem_covered,True,be9cc050acbe752601ada9c4338c9c0208ae9befc72ddcac866f4f1f5703c3a5,success,success,success,success
inference_diagnostic,6e4214ce260ae6c3,dgp1_N50_T50_r00005_truth1-1-1,1,50,50,5,selected_rank,B_G1_fixed_time,success,0.13740798000888982,True,93,9.926563521299304e-09,True,0.4560468113785289,0.24942402587155088,40.72063080118434,163.258654249109,0.06438254970268821,0.2537371665773231,0.9946314160615872,True,True,1.27211364612537,,,1.27211364612537,0.7091542470002049,,,theorem_covered,True,be9cc050acbe752601ada9c4338c9c0208ae9befc72ddcac866f4f1f5703c3a5,,,,
inference_diagnostic,6e4214ce260ae6c3,dgp1_N50_T50_r00005_truth1-1-1,1,50,50,5,selected_rank,B_G2_fixed_time,success,0.11041884408880964,True,92,7.242174000495483e-09,True,0.4610952246934793,0.24942402587155088,40.72063080118434,163.258654249109,0.041072253635838774,0.2026629064131835,0.7944239951441023,True,True,0.9998757104442002,,,0.9998757104442002,0.6611515103758012,,,theorem_covered,True,be9cc050acbe752601ada9c4338c9c0208ae9befc72ddcac866f4f1f5703c3a5,,,,
inference_diagnostic,6e4214ce260ae6c3,dgp1_N50_T50_r00005_truth1-1-1,1,50,50,5,selected_rank,B_G2_minus_G1_fixed_time,success,0.05969651335116158,True,95,9.235084800118668e-09,True,0.6534159014768868,0.24942402587155088,40.72063080118434,163.258654249109,0.01078895819724629,0.1038699099703388,0.40716256523856387,True,True,-0.27223793568116983,,,-0.27223793568116983,0.20838919916063836,,,weak_target_stress_outside_assumption9,False,be9cc050acbe752601ada9c4338c9c0208ae9befc72ddcac866f4f1f5703c3a5,,,,
inference_diagnostic,6e4214ce260ae6c3,dgp1_N50_T50_r00005_truth1-1-1,1,50,50,5,selected_rank,B_G1_time_average,split_fit_failure,0.02685404509265797,True,93,8.306692920394114e-09,True,0.7591845005812068,0.24942402587155088,40.72063080118434,163.258654249109,0.0052725379312088365,0.07261224367287404,0.28463476487095907,True,True,0.8765882190607478,0.8375105474577058,0.8748204300393558,0.9174336796851819,0.9768535566959627,,,theorem_covered,True,be9cc050acbe752601ada9c4338c9c0208ae9befc72ddcac866f4f1f5703c3a5,success,success,success,success
inference_diagnostic,6e4214ce260ae6c3,dgp1_N50_T50_r00005_truth1-1-1,1,50,50,5,selected_rank,B_G2_time_average,split_fit_failure,0.02638491681426005,True,93,8.72042566012935e-09,True,0.6436149751617946,0.24942402587155088,40.72063080118434,163.258654249109,0.006275912459445973,0.07922065677237203,0.3105392682109166,True,True,0.688994470714138,0.649026642945427,0.671424372781267,0.74653239641572,0.9737495020479104,,,theorem_covered,True,be9cc050acbe752601ada9c4338c9c0208ae9befc72ddcac866f4f1f5703c3a5,success,success,success,success
inference_diagnostic,6e4214ce260ae6c3,dgp1_N50_T50_r00005_truth1-1-1,1,50,50,5,selected_rank,B_G2_minus_G1_time_average,split_fit_failure,0.036257143544776424,True,93,8.75912189636233e-09,True,0.7596184815419547,0.24942402587155088,40.72063080118434,163.258654249109,0.010496554826584634,0.10245269555548372,0.40160718681558993,True,True,-0.18759374834660994,-0.18848390451227887,-0.20339605725808896,-0.17090128326946202,0.954960311219625,,,theorem_covered,True,be9cc050acbe752601ada9c4338c9c0208ae9befc72ddcac866f4f1f5703c3a5,success,success,success,success
inference_diagnostic,6e4214ce260ae6c3,dgp2_N50_T50_r00003_truth1-1-1,2,50,50,3,selected_rank,A_entry,success,0.12497255194395966,True,72,9.260276987596267e-09,True,2.3933946131048516,0.280368349240712,29.633791252712154,105.69592228568523,0.010114563001124616,0.10057118375123471,0.39423179606995984,True,True,0.15617621984769217,,,0.15617621984769217,0.17907253031718995,0.7067751841405667,0.9094286029355284,theorem_covered,True,4798e093f0b798bdf4b500d5634878b5a46a8c1d7def3f8d1eedd27805947fbe,,,,
inference_diagnostic,6e4214ce260ae6c3,dgp2_N50_T50_r00003_truth1-1-1,2,50,50,3,selected_rank,B_entry,success,0.19521052662891583,True,76,7.3310183659817205e-09,True,0.771746768757958,0.280368349240712,29.633791252712154,105.69592228568523,0.12675962350903638,0.3560331775397293,1.3956244105584485,True,True,0.740908188085199,,,0.740908188085199,0.20629411288066116,0.4348700647474538,1.7078468148122181,entry_leverage_requires_author_choice,False,4798e093f0b798bdf4b500d5634878b5a46a8c1d7def3f8d1eedd27805947fbe,,,,
inference_diagnostic,6e4214ce260ae6c3,dgp2_N50_T50_r00003_truth1-1-1,2,50,50,3,selected_rank,A_fixed_time_mean,success,0.13652032810818285,True,72,9.193755494102799e-09,True,1.1576930119914077,0.280368349240712,29.633791252712154,105.69592228568523,0.008846842374700733,0.09405765452476865,0.3686992306777148,True,True,0.341735805705082,,,0.341735805705082,0.9951025190635985,,,theorem_covered,True,4798e093f0b798bdf4b500d5634878b5a46a8c1d7def3f8d1eedd27805947fbe,,,,
inference_diagnostic,6e4214ce260ae6c3,dgp2_N50_T50_r00003_truth1-1-1,2,50,50,3,selected_rank,B_fixed_time_mean,success,0.12631918846620113,True,76,9.591834026921704e-09,True,0.6259971412269081,0.280368349240712,29.633791252712154,105.69592228568523,0.07594679223039776,0.2755844557125778,1.080271215791452,True,True,0.7226461120720318,,,0.7226461120720318,0.9296720975688718,,,theorem_covered,True,4798e093f0b798bdf4b500d5634878b5a46a8c1d7def3f8d1eedd27805947fbe,,,,
inference_diagnostic,6e4214ce260ae6c3,dgp2_N50_T50_r00003_truth1-1-1,2,50,50,3,selected_rank,A_full_mean,success,0.01990943702736262,True,76,7.612557004117933e-09,True,0.9665707082513623,0.280368349240712,29.633791252712154,105.69592228568523,0.000612164942653362,0.02474196723491004,0.0969867293741875,True,True,0.4151595057487901,0.4138299287908546,0.42265697705236016,0.40899161140315565,0.9997850316779229,,,theorem_covered,True,4798e093f0b798bdf4b500d5634878b5a46a8c1d7def3f8d1eedd27805947fbe,success,success,success,success
inference_diagnostic,6e4214ce260ae6c3,dgp2_N50_T50_r00003_truth1-1-1,2,50,50,3,selected_rank,B_full_mean,success,0.01964291087571132,True,78,8.625708339253469e-09,True,0.7084714892335493,0.280368349240712,29.633791252712154,105.69592228568523,0.004851900134748349,0.06965558222244897,0.2730448649563369,True,True,0.6302417725654368,0.5628345261715147,0.5741067593852962,0.7537840321394993,0.9942688035504545,,,theorem_covered,True,4798e093f0b798bdf4b500d5634878b5a46a8c1d7def3f8d1eedd27805947fbe,success,success,success,success
inference_diagnostic,6e4214ce260ae6c3,dgp2_N50_T50_r00003_truth1-1-1,2,50,50,3,selected_rank,A_G1_fixed_time,success,0.13718940201589522,True,72,8.728664490532004e-09,True,1.1657272760372563,0.280368349240712,29.633791252712154,105.69592228568523,0.0090129024691858,0.0949363074339096,0.37214348679137005,True,True,0.3412492733317353,,,0.3412492733317353,0.7086789560302806,,,theorem_covered,True,4798e093f0b798bdf4b500d5634878b5a46a8c1d7def3f8d1eedd27805947fbe,,,,
inference_diagnostic,6e4214ce260ae6c3,dgp2_N50_T50_r00003_truth1-1-1,2,50,50,3,selected_rank,A_G2_fixed_time,success,0.13757081866422644,True,73,7.951361969210795e-09,True,1.170435517040179,0.280368349240712,29.633791252712154,105.69592228568523,0.008931423201934754,0.0945062072137844,0.37045752490899375,True,True,0.3422223380784286,,,0.3422223380784286,0.7114743749353944,,,theorem_covered,True,4798e093f0b798bdf4b500d5634878b5a46a8c1d7def3f8d1eedd27805947fbe,,,,
inference_diagnostic,6e4214ce260ae6c3,dgp2_N50_T50_r00003_truth1-1-1,2,50,50,3,selected_rank,A_G2_minus_G1_fixed_time,success,0.03069404502155469,True,73,9.479344992756455e-09,True,2.0834100677615743,0.280368349240712,29.633791252712154,105.69592228568523,0.0005012818084163578,0.022389323536372373,0.08776453553900962,True,True,0.0009730647466932446,,,0.0009730647466932446,0.13488004101110646,,,weak_target_stress_outside_assumption9,False,4798e093f0b798bdf4b500d5634878b5a46a8c1d7def3f8d1eedd27805947fbe,,,,
inference_diagnostic,6e4214ce260ae6c3,dgp2_N50_T50_r00003_truth1-1-1,2,50,50,3,selected_rank,A_G1_time_average,success,0.02727280154241639,True,76,7.608751713409624e-09,True,1.1864230151898467,0.280368349240712,29.633791252712154,105.69592228568523,0.001340467464163262,0.03661239495257394,0.143517950989602,True,True,0.41456843938618704,0.3975730709380332,0.4338224099386063,0.4123098372819216,0.9889891786347317,,,theorem_covered,True,4798e093f0b798bdf4b500d5634878b5a46a8c1d7def3f8d1eedd27805947fbe,success,success,success,success
inference_diagnostic,6e4214ce260ae6c3,dgp2_N50_T50_r00003_truth1-1-1,2,50,50,3,selected_rank,A_G2_time_average,success,0.027277898823254397,True,75,8.380093937880475e-09,True,1.2922816217415725,0.280368349240712,29.633791252712154,105.69592228568523,0.0008631662317326451,0.029379690803897938,0.11516627170512517,True,True,0.41575057211139343,0.4300867866436761,0.41149154416611394,0.4056733855243902,0.9890774786992884,,,theorem_covered,True,4798e093f0b798bdf4b500d5634878b5a46a8c1d7def3f8d1eedd27805947fbe,success,success,success,success
inference_diagnostic,6e4214ce260ae6c3,dgp2_N50_T50_r00003_truth1-1-1,2,50,50,3,selected_rank,A_G2_minus_G1_time_average,success,0.03728587139093567,True,73,9.518925860998438e-09,True,2.0832437638814607,0.280368349240712,29.633791252712154,105.69592228568523,0.00195860762372712,0.04425615916148983,0.17348095610118486,True,True,0.0011821327252063841,0.03251371570564293,-0.02233086577249242,-0.006636451757531362,0.978163455031686,,,theorem_covered,True,4798e093f0b798bdf4b500d5634878b5a46a8c1d7def3f8d1eedd27805947fbe,success,success,success,success
inference_diagnostic,6e4214ce260ae6c3,dgp2_N50_T50_r00003_truth1-1-1,2,50,50,3,selected_rank,B_G1_fixed_time,success,0.12402906122752316,True,76,8.754636724893135e-09,True,0.6320555443884303,0.280368349240712,29.633791252712154,105.69592228568523,0.07433516812661171,0.2726447654487643,1.068747841705897,True,True,0.6987576865278589,,,0.6987576865278589,0.6479004505595899,,,theorem_covered,True,4798e093f0b798bdf4b500d5634878b5a46a8c1d7def3f8d1eedd27805947fbe,,,,
inference_diagnostic,6e4214ce260ae6c3,dgp2_N50_T50_r00003_truth1-1-1,2,50,50,3,selected_rank,B_G2_fixed_time,success,0.13204344393714132,True,74,9.517695748712514e-09,True,0.624278739157918,0.280368349240712,29.633791252712154,105.69592228568523,0.07954224611602823,0.28203234941408445,1.1055464946536435,True,True,0.7465345376162047,,,0.7465345376162047,0.6926439305243531,,,theorem_covered,True,4798e093f0b798bdf4b500d5634878b5a46a8c1d7def3f8d1eedd27805947fbe,,,,
inference_diagnostic,6e4214ce260ae6c3,dgp2_N50_T50_r00003_truth1-1-1,2,50,50,3,selected_rank,B_G2_minus_G1_fixed_time,success,0.042558298044973464,True,78,7.360807121868359e-09,True,0.7718367979072883,0.280368349240712,29.633791252712154,105.69592228568523,0.003967659594707044,0.06298936096442831,0.2469137577989453,True,True,0.04777685108834578,,,0.04777685108834578,0.1877242640934794,,,weak_target_stress_outside_assumption9,False,4798e093f0b798bdf4b500d5634878b5a46a8c1d7def3f8d1eedd27805947fbe,,,,
inference_diagnostic,6e4214ce260ae6c3,dgp2_N50_T50_r00003_truth1-1-1,2,50,50,3,selected_rank,B_G1_time_average,success,0.026717359206247526,True,77,9.663940138784574e-09,True,0.6642820785046571,0.280368349240712,29.633791252712154,105.69592228568523,0.012185173502215691,0.11038647336614976,0.4327070243560869,True,True,0.60940794614992,0.5260282619057761,0.5043415940648543,0.7978539824791295,0.9752605603535565,,,theorem_covered,True,4798e093f0b798bdf4b500d5634878b5a46a8c1d7def3f8d1eedd27805947fbe,success,success,success,success
inference_diagnostic,6e4214ce260ae6c3,dgp2_N50_T50_r00003_truth1-1-1,2,50,50,3,selected_rank,B_G2_time_average,success,0.026851484128944083,True,77,8.909706109966658e-09,True,0.8891647949041936,0.280368349240712,29.633791252712154,105.69592228568523,0.003966874231007575,0.06298312655789307,0.24688931937439718,True,True,0.6510755989809538,0.5996407904372534,0.6438719247057378,0.7097140817998702,0.9778470015137742,,,theorem_covered,True,4798e093f0b798bdf4b500d5634878b5a46a8c1d7def3f8d1eedd27805947fbe,success,success,success,success
inference_diagnostic,6e4214ce260ae6c3,dgp2_N50_T50_r00003_truth1-1-1,2,50,50,3,selected_rank,B_G2_minus_G1_time_average,success,0.03641789635715713,True,77,9.816887788810204e-09,True,0.8086009320990695,0.280368349240712,29.633791252712154,105.69592228568523,0.012896494883162126,0.11356273545121272,0.44515774294045385,True,True,0.041667652831034005,0.07361252853147723,0.13953033064088347,-0.0881399006792587,0.9585131533979943,,,theorem_covered,True,4798e093f0b798bdf4b500d5634878b5a46a8c1d7def3f8d1eedd27805947fbe,success,success,success,success
inference_diagnostic,6e4214ce260ae6c3,dgp2_N50_T50_r00004_truth1-1-1,2,50,50,4,selected_rank,A_entry,success,0.1497062740881547,True,91,7.625532089655173e-09,True,3.1397854082620413,0.14993937430519147,38.37424565513823,255.9317446332012,0.006684152437521589,0.08175666601275756,0.32048024176214945,True,True,0.2099898897760097,,,0.2099898897760097,0.19179172892373206,1.0845060861202074,0.7714296817550501,theorem_covered,True,d5a8ffb771ffb430fb61637f84bcbe534f544c1cbf94ca967be81324d9842131,,,,
inference_diagnostic,6e4214ce260ae6c3,dgp2_N50_T50_r00004_truth1-1-1,2,50,50,4,selected_rank,B_entry,success,0.3278618007715793,True,92,8.808129728009436e-09,True,1.163115829759494,0.14993937430519147,38.37424565513823,255.9317446332012,0.14552385047408362,0.3814758845249377,1.4953579892788769,True,True,1.990184725808403,,,1.990184725808403,0.26956503937163884,1.6777921275853167,2.0233692551356377,entry_leverage_requires_author_choice,False,d5a8ffb771ffb430fb61637f84bcbe534f544c1cbf94ca967be81324d9842131,,,,
inference_diagnostic,6e4214ce260ae6c3,dgp2_N50_T50_r00004_truth1-1-1,2,50,50,4,selected_rank,A_fixed_time_mean,success,0.1374793942986051,True,91,8.282424305557412e-09,True,2.636168698264633,0.14993937430519147,38.37424565513823,255.9317446332012,0.006362963180116441,0.07976818400914265,0.3126855355401669,True,True,0.21225034763960784,,,0.21225034763960784,0.9947458414436842,,,theorem_covered,True,d5a8ffb771ffb430fb61637f84bcbe534f544c1cbf94ca967be81324d9842131,,,,
inference_diagnostic,6e4214ce260ae6c3,dgp2_N50_T50_r00004_truth1-1-1,2,50,50,4,selected_rank,B_fixed_time_mean,success,0.12626239225211736,True,95,5.977199303325516e-09,True,0.9879353239707271,0.14993937430519147,38.37424565513823,255.9317446332012,0.029140755343616608,0.17070663532392819,0.6691577143138244,True,True,0.8789791108910319,,,0.8789791108910319,0.9414681520843339,,,theorem_covered,True,d5a8ffb771ffb430fb61637f84bcbe534f544c1cbf94ca967be81324d9842131,,,,
inference_diagnostic,6e4214ce260ae6c3,dgp2_N50_T50_r00004_truth1-1-1,2,50,50,4,selected_rank,A_full_mean,split_fit_failure,0.019943873531530838,True,97,8.92131801694095e-09,True,0.5512649296482771,0.14993937430519147,38.37424565513823,255.9317446332012,0.0005431847897845529,0.02330632510252427,0.0913591156258587,True,True,0.4504298827050807,0.43888750109359476,0.4557132148032368,0.45668893221841056,0.9998751943684874,,,theorem_covered,True,d5a8ffb771ffb430fb61637f84bcbe534f544c1cbf94ca967be81324d9842131,success,success,success,success
inference_diagnostic,6e4214ce260ae6c3,dgp2_N50_T50_r00004_truth1-1-1,2,50,50,4,selected_rank,B_full_mean,split_fit_failure,0.01970217581590998,True,99,7.538711021330352e-09,True,0.7181938290232379,0.14993937430519147,38.37424565513823,255.9317446332012,0.0019313619571774434,0.04394726336391657,0.1722701068247461,True,True,0.679770118564941,0.704902984041184,0.6665262376323671,0.6678811340212718,0.9950178371354026,,,theorem_covered,True,d5a8ffb771ffb430fb61637f84bcbe534f544c1cbf94ca967be81324d9842131,success,success,success,success
inference_diagnostic,6e4214ce260ae6c3,dgp2_N50_T50_r00004_truth1-1-1,2,50,50,4,selected_rank,A_G1_fixed_time,success,0.13551229051220046,True,90,8.746536320035186e-09,True,2.6455872033075734,0.14993937430519147,38.37424565513823,255.9317446332012,0.006177395795572527,0.07859641083136383,0.30809226908717385,True,True,0.20874340304739497,,,0.20874340304739497,0.7160792782671072,,,theorem_covered,True,d5a8ffb771ffb430fb61637f84bcbe534f544c1cbf94ca967be81324d9842131,,,,
inference_diagnostic,6e4214ce260ae6c3,dgp2_N50_T50_r00004_truth1-1-1,2,50,50,4,selected_rank,A_G2_fixed_time,success,0.14002664080519311,True,85,8.496880336516335e-09,True,2.62794875125903,0.14993937430519147,38.37424565513823,255.9317446332012,0.006604841607645567,0.0812701766187669,0.31857323837998464,True,True,0.21575729223182072,,,0.21575729223182072,0.7016309809157815,,,theorem_covered,True,d5a8ffb771ffb430fb61637f84bcbe534f544c1cbf94ca967be81324d9842131,,,,
inference_diagnostic,6e4214ce260ae6c3,dgp2_N50_T50_r00004_truth1-1-1,2,50,50,4,selected_rank,A_G2_minus_G1_fixed_time,success,0.018432216449843365,True,91,9.017221891839576e-09,True,2.696689537033784,0.14993937430519147,38.37424565513823,255.9317446332012,0.00011262210927124439,0.010612356442903922,0.04159967283838657,True,True,0.007013889184425753,,,0.007013889184425753,0.12464460307160974,,,weak_target_stress_outside_assumption9,False,d5a8ffb771ffb430fb61637f84bcbe534f544c1cbf94ca967be81324d9842131,,,,
inference_diagnostic,6e4214ce260ae6c3,dgp2_N50_T50_r00004_truth1-1-1,2,50,50,4,selected_rank,A_G1_time_average,split_fit_failure,0.027493261434052518,True,95,8.68360535743256e-09,True,0.8962030322796414,0.14993937430519147,38.37424565513823,255.9317446332012,0.0008150899936223971,0.02854978097328239,0.11191308494828074,True,True,0.4429875738519248,0.4314619876942336,0.4492240487398587,0.4482766851216821,0.9941814321595135,,,theorem_covered,True,d5a8ffb771ffb430fb61637f84bcbe534f544c1cbf94ca967be81324d9842131,success,success,success,success
inference_diagnostic,6e4214ce260ae6c3,dgp2_N50_T50_r00004_truth1-1-1,2,50,50,4,selected_rank,A_G2_time_average,split_fit_failure,0.027539352194251212,True,95,9.209873198857027e-09,True,0.6790254475724598,0.14993937430519147,38.37424565513823,255.9317446332012,0.000807792161270473,0.0284216847014823,0.11141095678971669,True,True,0.4578721915582365,0.4463130144929559,0.4622023808666149,0.4651011793151387,0.9939360695185278,,,theorem_covered,True,d5a8ffb771ffb430fb61637f84bcbe534f544c1cbf94ca967be81324d9842131,success,success,success,success
inference_diagnostic,6e4214ce260ae6c3,dgp2_N50_T50_r00004_truth1-1-1,2,50,50,4,selected_rank,A_G2_minus_G1_time_average,split_fit_failure,0.03791514633169114,True,91,8.747503255313752e-09,True,2.68592493008417,0.14993937430519147,38.37424565513823,255.9317446332012,0.001073025170348652,0.0327570629078471,0.12840532707738642,True,True,0.014884617706311734,0.01485102679872237,0.012978332126756127,0.016824494193456704,0.9882080884243297,,,theorem_covered,True,d5a8ffb771ffb430fb61637f84bcbe534f544c1cbf94ca967be81324d9842131,success,success,success,success
inference_diagnostic,6e4214ce260ae6c3,dgp2_N50_T50_r00004_truth1-1-1,2,50,50,4,selected_rank,B_G1_fixed_time,success,0.13226036646128686,True,93,9.85349780753375e-09,True,0.9994121755159867,0.14993937430519147,38.37424565513823,255.9317446332012,0.031201816087010885,0.17664035803578662,0.6924174799328042,True,True,0.9064736095300036,,,0.9064736095300036,0.6477529385070544,,,theorem_covered,True,d5a8ffb771ffb430fb61637f84bcbe534f544c1cbf94ca967be81324d9842131,,,,
inference_diagnostic,6e4214ce260ae6c3,dgp2_N50_T50_r00004_truth1-1-1,2,50,50,4,selected_rank,B_G2_fixed_time,success,0.12477961756487906,True,95,7.2091287021376885e-09,True,0.9706734297419879,0.14993937430519147,38.37424565513823,255.9317446332012,0.02906845959423207,0.17049474946235754,0.6683271369988011,True,True,0.8514846122520601,,,0.8514846122520601,0.7138927442416405,,,theorem_covered,True,d5a8ffb771ffb430fb61637f84bcbe534f544c1cbf94ca967be81324d9842131,,,,
inference_diagnostic,6e4214ce260ae6c3,dgp2_N50_T50_r00004_truth1-1-1,2,50,50,4,selected_rank,B_G2_minus_G1_fixed_time,success,0.04854635108133822,True,96,8.502758906367437e-09,True,0.9209716978844298,0.14993937430519147,38.37424565513823,255.9317446332012,0.003977530008706591,0.0630676621471463,0.24722069279509362,True,True,-0.05498899727794334,,,-0.05498899727794334,0.20703728706755464,,,weak_target_stress_outside_assumption9,False,d5a8ffb771ffb430fb61637f84bcbe534f544c1cbf94ca967be81324d9842131,,,,
inference_diagnostic,6e4214ce260ae6c3,dgp2_N50_T50_r00004_truth1-1-1,2,50,50,4,selected_rank,B_G1_time_average,split_fit_failure,0.027100093359145906,True,98,8.610473148741978e-09,True,0.7610295824587157,0.14993937430519147,38.37424565513823,255.9317446332012,0.003648393352819826,0.060401931697751404,0.23677122144848206,True,True,0.7010333526601759,0.7182227032842795,0.6919214168203482,0.6929559378758996,0.9742858821032399,,,theorem_covered,True,d5a8ffb771ffb430fb61637f84bcbe534f544c1cbf94ca967be81324d9842131,success,success,success,success
inference_diagnostic,6e4214ce260ae6c3,dgp2_N50_T50_r00004_truth1-1-1,2,50,50,4,selected_rank,B_G2_time_average,split_fit_failure,0.026996517523097795,True,99,6.794499991140239e-09,True,0.8173749721538305,0.14993937430519147,38.37424565513823,255.9317446332012,0.003591704222028734,0.059930828644602724,0.23492453141412553,True,True,0.6585068844697063,0.6915832647980886,0.6411310584443859,0.6428063301666442,0.9783200560444698,,,theorem_covered,True,d5a8ffb771ffb430fb61637f84bcbe534f544c1cbf94ca967be81324d9842131,success,success,success,success
inference_diagnostic,6e4214ce260ae6c3,dgp2_N50_T50_r00004_truth1-1-1,2,50,50,4,selected_rank,B_G2_minus_G1_time_average,split_fit_failure,0.03706414857209845,True,96,8.59843456322113e-09,True,0.905899484432506,0.14993937430519147,38.37424565513823,255.9317446332012,0.006754747316610986,0.08218726979655053,0.3221681775778312,True,True,-0.04252646819046963,-0.02663943848619093,-0.050790358375962324,-0.05014960770925564,0.9572265227765767,,,theorem_covered,True,d5a8ffb771ffb430fb61637f84bcbe534f544c1cbf94ca967be81324d9842131,success,success,success,success
inference_diagnostic,6e4214ce260ae6c3,dgp2_N50_T50_r00005_truth1-1-1,2,50,50,5,selected_rank,A_entry,success,0.18264748822454988,True,68,9.546870247285496e-09,True,2.1632831305120943,0.23789602915243788,21.351174815307452,89.75002605708121,0.019930368918939404,0.14117495854059744,0.5533956685170126,True,True,0.34139602449321493,,,0.34139602449321493,0.21157339626211133,0.9197388140701699,1.3431329157250003,theorem_covered,True,074d506be7d0aae5cc43f2ff174fbac2d11a69bcdb1e114c4696b90866183689,,,,
inference_diagnostic,6e4214ce260ae6c3,dgp2_N50_T50_r00005_truth1-1-1,2,50,50,5,selected_rank,B_entry,success,0.18213428426244369,True,70,9.58197373340693e-09,True,0.9793835199196124,0.23789602915243788,21.351174815307452,89.75002605708121,0.04202082813355503,0.20498982446344752,0.8035453462910896,True,True,0.575933093933948,,,0.575933093933948,0.16580726956089203,0.620244567081687,0.7638332331404653,entry_leverage_requires_author_choice,False,074d506be7d0aae5cc43f2ff174fbac2d11a69bcdb1e114c4696b90866183689,,,,
inference_diagnostic,6e4214ce260ae6c3,dgp2_N50_T50_r00005_truth1-1-1,2,50,50,5,selected_rank,A_fixed_time_mean,success,0.1353359222515269,True,69,9.371987000238958e-09,True,1.2482281661522283,0.23789602915243788,21.351174815307452,89.75002605708121,0.009087201343089183,0.09532681334802492,0.3736742418462019,True,True,0.5029418272743303,,,0.5029418272743303,0.9955768129739367,,,theorem_covered,True,074d506be7d0aae5cc43f2ff174fbac2d11a69bcdb1e114c4696b90866183689,,,,
inference_diagnostic,6e4214ce260ae6c3,dgp2_N50_T50_r00005_truth1-1-1,2,50,50,5,selected_rank,B_fixed_time_mean,success,0.11541879729009018,True,69,9.399653348615006e-09,True,0.9686531117878573,0.23789602915243788,21.351174815307452,89.75002605708121,0.01129946636233282,0.10629894807726377,0.4166842196518604,True,True,0.42004056109486726,,,0.42004056109486726,0.9291157344864032,,,theorem_covered,True,074d506be7d0aae5cc43f2ff174fbac2d11a69bcdb1e114c4696b90866183689,,,,
inference_diagnostic,6e4214ce260ae6c3,dgp2_N50_T50_r00005_truth1-1-1,2,50,50,5,selected_rank,A_full_mean,success,0.01984946752086333,True,74,9.719131432363706e-09,True,1.0256070252774623,0.23789602915243788,21.351174815307452,89.75002605708121,0.0009073942275401916,0.03012298503701437,0.11807993155877422,True,True,0.4076943609913837,0.43162502419566645,0.41406026057362594,0.3773977982048586,0.999860810573174,,,theorem_covered,True,074d506be7d0aae5cc43f2ff174fbac2d11a69bcdb1e114c4696b90866183689,success,success,success,success
inference_diagnostic,6e4214ce260ae6c3,dgp2_N50_T50_r00005_truth1-1-1,2,50,50,5,selected_rank,B_full_mean,success,0.019013882073291858,True,75,8.090955324206326e-09,True,0.5788566239541214,0.23789602915243788,21.351174815307452,89.75002605708121,0.003408528128919234,0.05838260125173624,0.22885559155433222,True,True,0.5463316475191848,0.5123981020839039,0.4499968027389102,0.6766000377347404,0.994940274399535,,,theorem_covered,True,074d506be7d0aae5cc43f2ff174fbac2d11a69bcdb1e114c4696b90866183689,success,success,success,success
inference_diagnostic,6e4214ce260ae6c3,dgp2_N50_T50_r00005_truth1-1-1,2,50,50,5,selected_rank,A_G1_fixed_time,success,0.13704235963192005,True,69,8.921881279038203e-09,True,1.2775004313994538,0.23789602915243788,21.351174815307452,89.75002605708121,0.009494075838786982,0.09743754840300008,0.3819481712235168,True,True,0.5024014741979546,,,0.5024014741979546,0.725299236422785,,,theorem_covered,True,074d506be7d0aae5cc43f2ff174fbac2d11a69bcdb1e114c4696b90866183689,,,,
inference_diagnostic,6e4214ce260ae6c3,dgp2_N50_T50_r00005_truth1-1-1,2,50,50,5,selected_rank,A_G2_fixed_time,success,0.1373213725998667,True,69,9.538490586992752e-09,True,1.2483769139546095,0.23789602915243788,21.351174815307452,89.75002605708121,0.009227991140099482,0.09606243355286957,0.37655782006179284,True,True,0.5034821803507061,,,0.5034821803507061,0.7016215538450635,,,theorem_covered,True,074d506be7d0aae5cc43f2ff174fbac2d11a69bcdb1e114c4696b90866183689,,,,
inference_diagnostic,6e4214ce260ae6c3,dgp2_N50_T50_r00005_truth1-1-1,2,50,50,5,selected_rank,A_G2_minus_G1_fixed_time,success,0.044858533254069896,True,69,9.57442402113983e-09,True,2.6683690447010027,0.23789602915243788,21.351174815307452,89.75002605708121,0.001095328571080994,0.03309574853483441,0.1297329503393394,True,True,0.001080706152751544,,,0.001080706152751544,0.164798654861304,,,weak_target_stress_outside_assumption9,False,074d506be7d0aae5cc43f2ff174fbac2d11a69bcdb1e114c4696b90866183689,,,,
inference_diagnostic,6e4214ce260ae6c3,dgp2_N50_T50_r00005_truth1-1-1,2,50,50,5,selected_rank,A_G1_time_average,success,0.026915089791898057,True,74,8.488335803279054e-09,True,1.440159824954505,0.23789602915243788,21.351174815307452,89.75002605708121,0.001497702631028568,0.03870016319123949,0.15170185210130419,True,True,0.40725634034916225,0.4317229014362352,0.42053484614563386,0.36951127346561774,0.9924988390522566,,,theorem_covered,True,074d506be7d0aae5cc43f2ff174fbac2d11a69bcdb1e114c4696b90866183689,success,success,success,success
inference_diagnostic,6e4214ce260ae6c3,dgp2_N50_T50_r00005_truth1-1-1,2,50,50,5,selected_rank,A_G2_time_average,success,0.02692015440802284,True,74,8.016531197376348e-09,True,1.2445402631283424,0.23789602915243788,21.351174815307452,89.75002605708121,0.0012948744623340828,0.03598436413685926,0.14105611542963778,True,True,0.40813238163360516,0.43152714695509764,0.40758567500161796,0.3852843229440999,0.9919619323741444,,,theorem_covered,True,074d506be7d0aae5cc43f2ff174fbac2d11a69bcdb1e114c4696b90866183689,success,success,success,success
inference_diagnostic,6e4214ce260ae6c3,dgp2_N50_T50_r00005_truth1-1-1,2,50,50,5,selected_rank,A_G2_minus_G1_time_average,success,0.03636245454130154,True,69,8.207751826388335e-09,True,2.669618587572156,0.23789602915243788,21.351174815307452,89.75002605708121,0.001955577258411289,0.04422190925787001,0.1733466989460472,True,True,0.0008760412844429756,-0.00019575448113754237,-0.012949171144015892,0.015773049478482362,0.9845408982259124,,,theorem_covered,True,074d506be7d0aae5cc43f2ff174fbac2d11a69bcdb1e114c4696b90866183689,success,success,success,success
inference_diagnostic,6e4214ce260ae6c3,dgp2_N50_T50_r00005_truth1-1-1,2,50,50,5,selected_rank,B_G1_fixed_time,success,0.12656667751647568,True,70,9.53136760574209e-09,True,0.9476778257716882,0.23789602915243788,21.351174815307452,89.75002605708121,0.014394975580171464,0.11997906309090542,0.47030928511406705,True,True,0.458644954980882,,,0.458644954980882,0.6952182564566253,,,theorem_covered,True,074d506be7d0aae5cc43f2ff174fbac2d11a69bcdb1e114c4696b90866183689,,,,
inference_diagnostic,6e4214ce260ae6c3,dgp2_N50_T50_r00005_truth1-1-1,2,50,50,5,selected_rank,B_G2_fixed_time,success,0.10575396298206974,True,71,7.622325651516883e-09,True,0.9740288412341382,0.23789602915243788,21.351174815307452,89.75002605708121,0.009473850851748443,0.09733370871259578,0.3815411271168004,True,True,0.38143616720885243,,,0.38143616720885243,0.630382461540242,,,theorem_covered,True,074d506be7d0aae5cc43f2ff174fbac2d11a69bcdb1e114c4696b90866183689,,,,
inference_diagnostic,6e4214ce260ae6c3,dgp2_N50_T50_r00005_truth1-1-1,2,50,50,5,selected_rank,B_G2_minus_G1_fixed_time,success,0.03346720807568751,True,74,8.681604237225947e-09,True,0.6517387605971171,0.23789602915243788,21.351174815307452,89.75002605708121,0.002539787413992606,0.050396303574692915,0.1975498799206906,True,True,-0.07720878777202955,,,-0.07720878777202955,0.1321151916242662,,,weak_target_stress_outside_assumption9,False,074d506be7d0aae5cc43f2ff174fbac2d11a69bcdb1e114c4696b90866183689,,,,
inference_diagnostic,6e4214ce260ae6c3,dgp2_N50_T50_r00005_truth1-1-1,2,50,50,5,selected_rank,B_G1_time_average,success,0.025726549602529576,True,73,9.847452789829507e-09,True,0.6744238182390944,0.23789602915243788,21.351174815307452,89.75002605708121,0.005151814305582785,0.071776140224888,0.28135729958015426,True,True,0.5965429939145216,0.5774235852444867,0.561953799657313,0.650251596841765,0.9807453933310484,,,theorem_covered,True,074d506be7d0aae5cc43f2ff174fbac2d11a69bcdb1e114c4696b90866183689,success,success,success,success
inference_diagnostic,6e4214ce260ae6c3,dgp2_N50_T50_r00005_truth1-1-1,2,50,50,5,selected_rank,B_G2_time_average,success,0.025179386114337617,True,76,8.370080784009403e-09,True,0.5269085815180911,0.23789602915243788,21.351174815307452,89.75002605708121,0.007922308158277134,0.08900734890039773,0.34890239640834064,True,True,0.49612030112384803,0.4473726189233209,0.3380398058205075,0.7029484786277157,0.9775056699113103,,,theorem_covered,True,074d506be7d0aae5cc43f2ff174fbac2d11a69bcdb1e114c4696b90866183689,success,success,success,success
inference_diagnostic,6e4214ce260ae6c3,dgp2_N50_T50_r00005_truth1-1-1,2,50,50,5,selected_rank,B_G2_minus_G1_time_average,success,0.033846755134051304,True,76,9.962477381859158e-09,True,0.5940102639700087,0.23789602915243788,21.351174815307452,89.75002605708121,0.012514132392393327,0.11186658300132943,0.4385089475123326,True,True,-0.10042269279067345,-0.13005096632116575,-0.22391399383680538,0.05269688178595078,0.9630538466911478,,,theorem_covered,True,074d506be7d0aae5cc43f2ff174fbac2d11a69bcdb1e114c4696b90866183689,success,success,success,success
inference_diagnostic,6e4214ce260ae6c3,dgp3_N50_T50_r00003_truth1-1-1,3,50,50,3,selected_rank,A_entry,success,0.1799320941327231,True,103,7.21618017694429e-09,True,1.4724793241503367,0.1652971035477101,47.13674582473515,285.16377367211373,0.01734962384259646,0.13171797084147804,0.516324957931988,True,True,0.43213293244061973,,,0.43213293244061973,0.21318389967635867,1.3142978783502584,0.9839345372043957,theorem_covered,True,971c4074dcc2cb1b4f8b7c513d64f7682d921def42fa236c709d0fb0cf18a2aa,,,,
inference_diagnostic,6e4214ce260ae6c3,dgp3_N50_T50_r00003_truth1-1-1,3,50,50,3,selected_rank,B_entry,success,0.2184514019657929,True,108,5.547887112825318e-09,True,1.016481810346928,0.1652971035477101,47.13674582473515,285.16377367211373,0.2120258541457422,0.46046265228109673,1.8049804293934795,True,True,0.9160827940134266,,,0.9160827940134266,0.17602672355073218,1.1185247541202223,0.44060210326444654,entry_leverage_requires_author_choice,False,971c4074dcc2cb1b4f8b7c513d64f7682d921def42fa236c709d0fb0cf18a2aa,,,,
inference_diagnostic,6e4214ce260ae6c3,dgp3_N50_T50_r00003_truth1-1-1,3,50,50,3,selected_rank,A_fixed_time_mean,success,0.13801217100253213,True,101,8.80241374493367e-09,True,1.0135319728382997,0.1652971035477101,47.13674582473515,285.16377367211373,0.011899442517347557,0.10908456589888213,0.42760364086199026,True,True,0.4606782797230152,,,0.4606782797230152,0.9947249312808392,,,theorem_covered,True,971c4074dcc2cb1b4f8b7c513d64f7682d921def42fa236c709d0fb0cf18a2aa,,,,
inference_diagnostic,6e4214ce260ae6c3,dgp3_N50_T50_r00003_truth1-1-1,3,50,50,3,selected_rank,B_fixed_time_mean,success,0.1228634239437852,True,105,8.072565812407055e-09,True,1.1262389272995652,0.1652971035477101,47.13674582473515,285.16377367211373,0.0239752984980798,0.15483958956959232,0.6069600378747295,True,True,0.5903135963692911,,,0.5903135963692911,0.9299652695679133,,,theorem_covered,True,971c4074dcc2cb1b4f8b7c513d64f7682d921def42fa236c709d0fb0cf18a2aa,,,,
inference_diagnostic,6e4214ce260ae6c3,dgp3_N50_T50_r00003_truth1-1-1,3,50,50,3,selected_rank,A_full_mean,split_fit_failure,0.019946937732718217,True,108,7.721104840507619e-09,True,0.5512967445654798,0.1652971035477101,47.13674582473515,285.16377367211373,0.0008633481511341854,0.029382786646847937,0.11517840718649275,True,True,0.4876400422328296,0.4670348204054863,0.483422402900309,0.5124629033926935,0.9998091277761231,,,theorem_covered,True,971c4074dcc2cb1b4f8b7c513d64f7682d921def42fa236c709d0fb0cf18a2aa,success,success,success,success
inference_diagnostic,6e4214ce260ae6c3,dgp3_N50_T50_r00003_truth1-1-1,3,50,50,3,selected_rank,B_full_mean,split_fit_failure,0.01938981738471353,True,112,6.4425604342270205e-09,True,0.5849080217557201,0.1652971035477101,47.13674582473515,285.16377367211373,0.0048136826094284,0.0693807077610801,0.2719673768672312,True,True,0.6650532631738623,0.6520578669478799,0.6642998384569907,0.6788020841167164,0.9962746140361122,,,theorem_covered,True,971c4074dcc2cb1b4f8b7c513d64f7682d921def42fa236c709d0fb0cf18a2aa,success,success,success,success
inference_diagnostic,6e4214ce260ae6c3,dgp3_N50_T50_r00003_truth1-1-1,3,50,50,3,selected_rank,A_G1_fixed_time,success,0.13809497246439975,True,101,9.020175403454401e-09,True,1.036686667980185,0.1652971035477101,47.13674582473515,285.16377367211373,0.011944058328432285,0.109288875593229,0.42840452014721475,True,True,0.45703536110719745,,,0.45703536110719745,0.7140530525051639,,,theorem_covered,True,971c4074dcc2cb1b4f8b7c513d64f7682d921def42fa236c709d0fb0cf18a2aa,,,,
inference_diagnostic,6e4214ce260ae6c3,dgp3_N50_T50_r00003_truth1-1-1,3,50,50,3,selected_rank,A_G2_fixed_time,success,0.1402235755231223,True,104,7.022037924006677e-09,True,1.0156328972930986,0.1652971035477101,47.13674582473515,285.16377367211373,0.012099231093136868,0.10999650491327835,0.4311783761106173,True,True,0.46432119833883306,,,0.46432119833883306,0.7066210835812888,,,theorem_covered,True,971c4074dcc2cb1b4f8b7c513d64f7682d921def42fa236c709d0fb0cf18a2aa,,,,
inference_diagnostic,6e4214ce260ae6c3,dgp3_N50_T50_r00003_truth1-1-1,3,50,50,3,selected_rank,A_G2_minus_G1_fixed_time,success,0.03572544926989037,True,105,8.083060396924582e-09,True,2.2052613262172156,0.1652971035477101,47.13674582473515,285.16377367211373,0.0004888087706123457,0.022109020118773824,0.08666576633253632,True,True,0.00728583723163563,,,0.00728583723163563,0.14038314942280933,,,weak_target_stress_outside_assumption9,False,971c4074dcc2cb1b4f8b7c513d64f7682d921def42fa236c709d0fb0cf18a2aa,,,,
inference_diagnostic,6e4214ce260ae6c3,dgp3_N50_T50_r00003_truth1-1-1,3,50,50,3,selected_rank,A_G1_time_average,split_fit_failure,0.027448682159433902,True,108,5.6774626773605915e-09,True,0.8138544754248734,0.1652971035477101,47.13674582473515,285.16377367211373,0.001368074603787028,0.036987492531760355,0.14498830648138902,True,True,0.4837839173277521,0.453324990387967,0.4744139192537644,0.5236128423415249,0.991070167726467,,,theorem_covered,True,971c4074dcc2cb1b4f8b7c513d64f7682d921def42fa236c709d0fb0cf18a2aa,success,success,success,success
inference_diagnostic,6e4214ce260ae6c3,dgp3_N50_T50_r00003_truth1-1-1,3,50,50,3,selected_rank,A_G2_time_average,split_fit_failure,0.027472683510418067,True,108,5.2494516528403864e-09,True,0.7161606759175473,0.1652971035477101,47.13674582473515,285.16377367211373,0.0012009592563323496,0.03465485905803614,0.135844551286125,True,True,0.49149616713790706,0.4807446504230057,0.49243088654685374,0.5013129644438618,0.990876914636445,,,theorem_covered,True,971c4074dcc2cb1b4f8b7c513d64f7682d921def42fa236c709d0fb0cf18a2aa,success,success,success,success
inference_diagnostic,6e4214ce260ae6c3,dgp3_N50_T50_r00003_truth1-1-1,3,50,50,3,selected_rank,A_G2_minus_G1_time_average,split_fit_failure,0.03774699568779868,True,104,9.992966198734018e-09,True,2.2162129139938345,0.1652971035477101,47.13674582473515,285.16377367211373,0.0016846751225732687,0.04104479409831737,0.1608926363711284,True,True,0.007712249810154859,0.027419660035038644,0.018016967293089367,-0.022299877897663432,0.9820584734792344,,,theorem_covered,True,971c4074dcc2cb1b4f8b7c513d64f7682d921def42fa236c709d0fb0cf18a2aa,success,success,success,success
inference_diagnostic,6e4214ce260ae6c3,dgp3_N50_T50_r00003_truth1-1-1,3,50,50,3,selected_rank,B_G1_fixed_time,success,0.13594369691713518,True,105,6.530178436503293e-09,True,1.120408898289266,0.1652971035477101,47.13674582473515,285.16377367211373,0.030128304560163584,0.17357506894759853,0.6804017675026997,True,True,0.6498240834746166,,,0.6498240834746166,0.6654915245489537,,,theorem_covered,True,971c4074dcc2cb1b4f8b7c513d64f7682d921def42fa236c709d0fb0cf18a2aa,,,,
inference_diagnostic,6e4214ce260ae6c3,dgp3_N50_T50_r00003_truth1-1-1,3,50,50,3,selected_rank,B_G2_fixed_time,success,0.11175789440993529,True,106,9.405684308707509e-09,True,1.1063941000033166,0.1652971035477101,47.13674582473515,285.16377367211373,0.019986199793370543,0.14137255671936666,0.5541702391446094,True,True,0.5308031092639658,,,0.5308031092639658,0.6563619489640029,,,theorem_covered,True,971c4074dcc2cb1b4f8b7c513d64f7682d921def42fa236c709d0fb0cf18a2aa,,,,
inference_diagnostic,6e4214ce260ae6c3,dgp3_N50_T50_r00003_truth1-1-1,3,50,50,3,selected_rank,B_G2_minus_G1_fixed_time,success,0.039488575767165086,True,108,9.518333134186944e-09,True,0.8260304004946576,0.1652971035477101,47.13674582473515,285.16377367211373,0.004327814719860307,0.06578612862800415,0.2578768855864151,True,True,-0.11902097421065091,,,-0.11902097421065091,0.09409874968241473,,,weak_target_stress_outside_assumption9,False,971c4074dcc2cb1b4f8b7c513d64f7682d921def42fa236c709d0fb0cf18a2aa,,,,
inference_diagnostic,6e4214ce260ae6c3,dgp3_N50_T50_r00003_truth1-1-1,3,50,50,3,selected_rank,B_G1_time_average,split_fit_failure,0.026354206703015616,True,112,7.90951622379089e-09,True,0.5826171261299402,0.1652971035477101,47.13674582473515,285.16377367211373,0.011044184748684453,0.10509131623823376,0.411950389829695,True,True,0.7320983793390397,0.7325518202678094,0.7713080957810414,0.6924352219682679,0.9845540285095021,,,theorem_covered,True,971c4074dcc2cb1b4f8b7c513d64f7682d921def42fa236c709d0fb0cf18a2aa,success,success,success,success
inference_diagnostic,6e4214ce260ae6c3,dgp3_N50_T50_r00003_truth1-1-1,3,50,50,3,selected_rank,B_G2_time_average,split_fit_failure,0.025791197729573345,True,111,6.905128109395129e-09,True,0.6895247521430664,0.1652971035477101,47.13674582473515,285.16377367211373,0.007220666506515802,0.08497450503836902,0.3330939389586413,True,True,0.598008147008685,0.5715639136279503,0.55729158113294,0.6651689462651647,0.9842167665572717,,,theorem_covered,True,971c4074dcc2cb1b4f8b7c513d64f7682d921def42fa236c709d0fb0cf18a2aa,success,success,success,success
inference_diagnostic,6e4214ce260ae6c3,dgp3_N50_T50_r00003_truth1-1-1,3,50,50,3,selected_rank,B_G2_minus_G1_time_average,split_fit_failure,0.034865457256320176,True,110,9.004336852030735e-09,True,0.7000753216890444,0.1652971035477101,47.13674582473515,285.16377367211373,0.017274972076757576,0.13143428805588583,0.5152129418463984,True,True,-0.1340902323303546,-0.160987906639859,-0.21401651464810148,-0.027266275703103332,0.9723508482301765,,,theorem_covered,True,971c4074dcc2cb1b4f8b7c513d64f7682d921def42fa236c709d0fb0cf18a2aa,success,success,success,success
inference_diagnostic,6e4214ce260ae6c3,dgp3_N50_T50_r00005_truth1-1-1,3,50,50,5,selected_rank,A_entry,success,0.1776837002199035,True,125,6.601090785703649e-09,True,1.4410973871796608,0.10681653296952158,62.39216241785701,584.1058559320553,0.009192810100991764,0.09587914320117678,0.37583933508572975,True,True,0.371454495080406,,,0.371454495080406,0.17780996834039547,0.7831543829771516,0.8103575605905732,theorem_covered,True,12802173bc53e65c341c53140db3ab05ee23464fe1fdddcfead9a330cedf0012,,,,
inference_diagnostic,6e4214ce260ae6c3,dgp3_N50_T50_r00005_truth1-1-1,3,50,50,5,selected_rank,B_entry,success,0.16844484602671095,True,130,9.839444645102343e-09,True,0.8341499185820911,0.10681653296952158,62.39216241785701,584.1058559320553,0.09501053332326975,0.3082377869815279,1.2082699223162476,True,True,0.541383698520662,,,0.541383698520662,0.18967538603938405,0.7839199312205059,1.0310834089393295,entry_leverage_requires_author_choice,False,12802173bc53e65c341c53140db3ab05ee23464fe1fdddcfead9a330cedf0012,,,,
inference_diagnostic,6e4214ce260ae6c3,dgp3_N50_T50_r00005_truth1-1-1,3,50,50,5,selected_rank,A_fixed_time_mean,success,0.13752383903480558,True,126,9.09779138678656e-09,True,0.9083573287947274,0.10681653296952158,62.39216241785701,584.1058559320553,0.005438387539723172,0.07374542385614968,0.2890767495653886,True,True,0.37855783713062874,,,0.37855783713062874,0.9960473354307965,,,theorem_covered,True,12802173bc53e65c341c53140db3ab05ee23464fe1fdddcfead9a330cedf0012,,,,
inference_diagnostic,6e4214ce260ae6c3,dgp3_N50_T50_r00005_truth1-1-1,3,50,50,5,selected_rank,B_fixed_time_mean,success,0.1257176757684255,True,132,8.76486285931472e-09,True,1.1296873873010962,0.10681653296952158,62.39216241785701,584.1058559320553,0.03616870979695107,0.19018072929966134,0.7454947599617953,True,True,0.865208555599188,,,0.865208555599188,0.9271614075510827,,,theorem_covered,True,12802173bc53e65c341c53140db3ab05ee23464fe1fdddcfead9a330cedf0012,,,,
inference_diagnostic,6e4214ce260ae6c3,dgp3_N50_T50_r00005_truth1-1-1,3,50,50,5,selected_rank,A_full_mean,split_fit_failure,0.019919940916326775,True,131,6.027583015878727e-09,True,0.41624016293953575,0.10681653296952158,62.39216241785701,584.1058559320553,0.0009617473855798647,0.031012052263271205,0.12156501104537086,True,True,0.4241122288450073,0.3894340108192388,0.39430814555407734,0.48859453016170573,0.9998680579507344,,,theorem_covered,True,12802173bc53e65c341c53140db3ab05ee23464fe1fdddcfead9a330cedf0012,success,success,success,success
inference_diagnostic,6e4214ce260ae6c3,dgp3_N50_T50_r00005_truth1-1-1,3,50,50,5,selected_rank,B_full_mean,split_fit_failure,0.019404330651596018,True,136,9.72137181492194e-09,True,0.5351040760071695,0.10681653296952158,62.39216241785701,584.1058559320553,0.004443548389634053,0.06665994591682514,0.2613021864167302,True,True,0.6974474518086387,0.7138780209363905,0.6967899883592901,0.681674346130235,0.9924185208029528,,,theorem_covered,True,12802173bc53e65c341c53140db3ab05ee23464fe1fdddcfead9a330cedf0012,success,success,success,success
inference_diagnostic,6e4214ce260ae6c3,dgp3_N50_T50_r00005_truth1-1-1,3,50,50,5,selected_rank,A_G1_fixed_time,success,0.15294236323826832,True,128,9.727552813089401e-09,True,0.9409887073121833,0.10681653296952158,62.39216241785701,584.1058559320553,0.006552405558677007,0.08094693050806193,0.3173061369097358,True,True,0.41909686628930837,,,0.41909686628930837,0.7170968569185363,,,theorem_covered,True,12802173bc53e65c341c53140db3ab05ee23464fe1fdddcfead9a330cedf0012,,,,
inference_diagnostic,6e4214ce260ae6c3,dgp3_N50_T50_r00005_truth1-1-1,3,50,50,5,selected_rank,A_G2_fixed_time,success,0.1241238950259961,True,128,8.63999105835199e-09,True,0.8803103815163397,0.10681653296952158,62.39216241785701,584.1058559320553,0.004684683290586072,0.06844474625992905,0.268298475200887,True,True,0.338018807971949,,,0.338018807971949,0.7029881769709908,,,theorem_covered,True,12802173bc53e65c341c53140db3ab05ee23464fe1fdddcfead9a330cedf0012,,,,
inference_diagnostic,6e4214ce260ae6c3,dgp3_N50_T50_r00005_truth1-1-1,3,50,50,5,selected_rank,A_G2_minus_G1_fixed_time,success,0.04410204493192313,True,130,7.426784800872256e-09,True,1.184897860195914,0.10681653296952158,62.39216241785701,584.1058559320553,0.000720627540470047,0.02684450670938185,0.10522853266626453,True,True,-0.08107805831735937,,,-0.08107805831735937,0.12771055063952622,,,weak_target_stress_outside_assumption9,False,12802173bc53e65c341c53140db3ab05ee23464fe1fdddcfead9a330cedf0012,,,,
inference_diagnostic,6e4214ce260ae6c3,dgp3_N50_T50_r00005_truth1-1-1,3,50,50,5,selected_rank,A_G1_time_average,split_fit_failure,0.027407602239962733,True,131,8.492410537261867e-09,True,0.6676250799673159,0.10681653296952158,62.39216241785701,584.1058559320553,0.0013037723265196483,0.03610778761596518,0.14153992657742626,True,True,0.4695295900123778,0.4423889556678088,0.4411582747768992,0.5250415395924256,0.9918435512099443,,,theorem_covered,True,12802173bc53e65c341c53140db3ab05ee23464fe1fdddcfead9a330cedf0012,success,success,success,success
inference_diagnostic,6e4214ce260ae6c3,dgp3_N50_T50_r00005_truth1-1-1,3,50,50,5,selected_rank,A_G2_time_average,split_fit_failure,0.026976003555378516,True,131,9.4828812257703e-09,True,0.4591808268592669,0.10681653296952158,62.39216241785701,584.1058559320553,0.001826585132100339,0.04273856726775407,0.16753210519128078,True,True,0.37869486767763677,0.3364790659706687,0.3474580163312554,0.4521475207309863,0.991505700133108,,,theorem_covered,True,12802173bc53e65c341c53140db3ab05ee23464fe1fdddcfead9a330cedf0012,success,success,success,success
inference_diagnostic,6e4214ce260ae6c3,dgp3_N50_T50_r00005_truth1-1-1,3,50,50,5,selected_rank,A_G2_minus_G1_time_average,split_fit_failure,0.037020895076805074,True,131,8.962551579159093e-09,True,1.341726750622324,0.10681653296952158,62.39216241785701,584.1058559320553,0.0024137253779034297,0.04912967919601582,0.19258480359239552,True,True,-0.09083472233474103,-0.10590988969714013,-0.09370025844564377,-0.07289401886143919,0.9834129601357878,,,theorem_covered,True,12802173bc53e65c341c53140db3ab05ee23464fe1fdddcfead9a330cedf0012,success,success,success,success
inference_diagnostic,6e4214ce260ae6c3,dgp3_N50_T50_r00005_truth1-1-1,3,50,50,5,selected_rank,B_G1_fixed_time,success,0.12321133467970516,True,134,7.619226878158352e-09,True,1.0535316757114348,0.10681653296952158,62.39216241785701,584.1058559320553,0.036226270236358236,0.19033200003246495,0.7460877303382154,True,True,0.8344916236851505,,,0.8344916236851505,0.6713493725086119,,,theorem_covered,True,12802173bc53e65c341c53140db3ab05ee23464fe1fdddcfead9a330cedf0012,,,,
inference_diagnostic,6e4214ce260ae6c3,dgp3_N50_T50_r00005_truth1-1-1,3,50,50,5,selected_rank,B_G2_fixed_time,success,0.1317648416847253,True,132,6.6058328419852735e-09,True,1.125739730390956,0.10681653296952158,62.39216241785701,584.1058559320553,0.03917747440498651,0.1979330048399875,0.7758831216763353,True,True,0.8959254875132254,,,0.8959254875132254,0.6554935903006531,,,theorem_covered,True,12802173bc53e65c341c53140db3ab05ee23464fe1fdddcfead9a330cedf0012,,,,
inference_diagnostic,6e4214ce260ae6c3,dgp3_N50_T50_r00005_truth1-1-1,3,50,50,5,selected_rank,B_G2_minus_G1_fixed_time,success,0.043200428158181675,True,135,9.231531138175898e-09,True,0.6639429866669727,0.10681653296952158,62.39216241785701,584.1058559320553,0.006132650171415493,0.07831123911301298,0.3069744164924197,True,True,0.061433863828074996,,,0.061433863828074996,0.14406092891843292,,,weak_target_stress_outside_assumption9,False,12802173bc53e65c341c53140db3ab05ee23464fe1fdddcfead9a330cedf0012,,,,
inference_diagnostic,6e4214ce260ae6c3,dgp3_N50_T50_r00005_truth1-1-1,3,50,50,5,selected_rank,B_G1_time_average,split_fit_failure,0.025712537411474654,True,136,7.710706622156178e-09,True,0.5362771634967407,0.10681653296952158,62.39216241785701,584.1058559320553,0.007128376303932725,0.08442971221041042,0.3309583903149721,True,True,0.6726864323386121,0.6484672659204118,0.674089265355976,0.6955027657394486,0.9699951517960618,,,theorem_covered,True,12802173bc53e65c341c53140db3ab05ee23464fe1fdddcfead9a330cedf0012,success,success,success,success
inference_diagnostic,6e4214ce260ae6c3,dgp3_N50_T50_r00005_truth1-1-1,3,50,50,5,selected_rank,B_G2_time_average,split_fit_failure,0.02594874240171049,True,136,7.138125316174546e-09,True,0.6373946850087335,0.10681653296952158,62.39216241785701,584.1058559320553,0.008787432613476422,0.09374130686883142,0.3674591706532535,True,True,0.7222084712786648,0.7792887759523692,0.7194907113626039,0.6678459265210215,0.9688274713665316,,,theorem_covered,True,12802173bc53e65c341c53140db3ab05ee23464fe1fdddcfead9a330cedf0012,success,success,success,success
inference_diagnostic,6e4214ce260ae6c3,dgp3_N50_T50_r00005_truth1-1-1,3,50,50,5,selected_rank,B_G2_minus_G1_time_average,split_fit_failure,0.034100314259369366,True,136,9.615390670988173e-09,True,0.6570270000792353,0.10681653296952158,62.39216241785701,584.1058559320553,0.014057424250764415,0.11856400908692492,0.4647623753461051,True,True,0.04952203894005288,0.13082151003195733,0.04540144600662782,-0.027656839218426515,0.9458449890704175,,,theorem_covered,True,12802173bc53e65c341c53140db3ab05ee23464fe1fdddcfead9a330cedf0012,success,success,success,success
inference_diagnostic,6e4214ce260ae6c3,dgp4_N50_T50_r00003_truth1-1-1,4,50,50,3,selected_rank,A_entry,success,0.2559555806236402,True,90,6.363388059446697e-09,True,1.473273362547415,0.1744590011555595,31.657941385220024,181.46350245919183,0.04175954098490632,0.20435151329243031,0.801043212478843,True,True,0.8198477556252177,,,0.8198477556252177,0.18433329841357837,0.7290386432223126,0.9842507384379809,theorem_covered,True,7e7c359168029c70c974fc18a2ba61cb7b7c0ddec4ad56d28d885a6e417117d3,,,,
inference_diagnostic,6e4214ce260ae6c3,dgp4_N50_T50_r00003_truth1-1-1,4,50,50,3,selected_rank,B_entry,success,0.13385788800905854,True,95,7.814495948894501e-09,True,0.5833636335197532,0.1744590011555595,31.657941385220024,181.46350245919183,0.10082033893558608,0.31752218652495146,1.2446640997626282,True,True,-0.2098985784202758,,,-0.2098985784202758,0.15749992997296852,0.45142541003756154,0.7960733417311575,entry_leverage_requires_author_choice,False,7e7c359168029c70c974fc18a2ba61cb7b7c0ddec4ad56d28d885a6e417117d3,,,,
inference_diagnostic,6e4214ce260ae6c3,dgp4_N50_T50_r00003_truth1-1-1,4,50,50,3,selected_rank,A_fixed_time_mean,success,0.13645537746428113,True,90,7.824387671834047e-09,True,0.9191049120082531,0.1744590011555595,31.657941385220024,181.46350245919183,0.013694456151499858,0.11702331456380757,0.4587229637931289,True,True,0.6742632150670049,,,0.6742632150670049,0.9907169390452789,,,theorem_covered,True,7e7c359168029c70c974fc18a2ba61cb7b7c0ddec4ad56d28d885a6e417117d3,,,,
inference_diagnostic,6e4214ce260ae6c3,dgp4_N50_T50_r00003_truth1-1-1,4,50,50,3,selected_rank,B_fixed_time_mean,success,0.12506833204232343,True,93,7.837337691450661e-09,True,0.8709750714734558,0.1744590011555595,31.657941385220024,181.46350245919183,0.029354636083359607,0.1713319470599678,0.6716088912773202,True,True,0.6756534655395448,,,0.6756534655395448,0.9530293525546514,,,theorem_covered,True,7e7c359168029c70c974fc18a2ba61cb7b7c0ddec4ad56d28d885a6e417117d3,,,,
inference_diagnostic,6e4214ce260ae6c3,dgp4_N50_T50_r00003_truth1-1-1,4,50,50,3,selected_rank,A_full_mean,split_fit_failure,0.01988774207083878,True,96,6.645886846765334e-09,True,0.5745956510183675,0.1744590011555595,31.657941385220024,181.46350245919183,0.0007786105590277853,0.027903594016323155,0.10938007862244148,True,True,0.4428155994343393,0.4276743276946011,0.4453747934458136,0.4553976771626032,0.9996954238477972,,,theorem_covered,True,7e7c359168029c70c974fc18a2ba61cb7b7c0ddec4ad56d28d885a6e417117d3,success,success,success,success
inference_diagnostic,6e4214ce260ae6c3,dgp4_N50_T50_r00003_truth1-1-1,4,50,50,3,selected_rank,B_full_mean,split_fit_failure,0.01930725711229061,True,97,8.26433433985948e-09,True,0.5860823252698766,0.1744590011555595,31.657941385220024,181.46350245919183,0.0034359809056693303,0.05861724068624631,0.2297753612363174,True,True,0.6202483538467016,0.6182800757229532,0.6115529299309763,0.6309120558861754,0.99531531049003,,,theorem_covered,True,7e7c359168029c70c974fc18a2ba61cb7b7c0ddec4ad56d28d885a6e417117d3,success,success,success,success
inference_diagnostic,6e4214ce260ae6c3,dgp4_N50_T50_r00003_truth1-1-1,4,50,50,3,selected_rank,A_G1_fixed_time,success,0.1321579599825588,True,90,8.926149860950136e-09,True,0.9428774068458029,0.1744590011555595,31.657941385220024,181.46350245919183,0.012962351335046909,0.1138523224842028,0.4462929032505546,True,True,0.6365976521464387,,,0.6365976521464387,0.6291422738330171,,,theorem_covered,True,7e7c359168029c70c974fc18a2ba61cb7b7c0ddec4ad56d28d885a6e417117d3,,,,
inference_diagnostic,6e4214ce260ae6c3,dgp4_N50_T50_r00003_truth1-1-1,4,50,50,3,selected_rank,A_G2_fixed_time,success,0.1464629893986006,True,90,7.129496955131271e-09,True,0.9398319198441177,0.1744590011555595,31.657941385220024,181.46350245919183,0.015261615267389379,0.12353791024373603,0.48425970960612885,True,True,0.7119287779875711,,,0.7119287779875711,0.7862848884504429,,,theorem_covered,True,7e7c359168029c70c974fc18a2ba61cb7b7c0ddec4ad56d28d885a6e417117d3,,,,
inference_diagnostic,6e4214ce260ae6c3,dgp4_N50_T50_r00003_truth1-1-1,4,50,50,3,selected_rank,A_G2_minus_G1_fixed_time,success,0.0579136179579092,True,90,7.633416161506943e-09,True,2.47562168746363,0.1744590011555595,31.657941385220024,181.46350245919183,0.0016701085812592716,0.04086696197736347,0.16019554726640037,True,True,0.07533112584113251,,,0.07533112584113251,0.18039920514807503,,,theorem_covered,True,7e7c359168029c70c974fc18a2ba61cb7b7c0ddec4ad56d28d885a6e417117d3,,,,
inference_diagnostic,6e4214ce260ae6c3,dgp4_N50_T50_r00003_truth1-1-1,4,50,50,3,selected_rank,A_G1_time_average,split_fit_failure,0.026960690875191474,True,94,8.889541149099821e-09,True,0.8216772161349543,0.1744590011555595,31.657941385220024,181.46350245919183,0.0014981998480746964,0.03870658662391579,0.15172703149470948,True,True,0.4180791190065216,0.39221916651106464,0.40799031365012417,0.4540278768583761,0.9899936963414947,,,theorem_covered,True,7e7c359168029c70c974fc18a2ba61cb7b7c0ddec4ad56d28d885a6e417117d3,success,success,success,success
inference_diagnostic,6e4214ce260ae6c3,dgp4_N50_T50_r00003_truth1-1-1,4,50,50,3,selected_rank,A_G2_time_average,split_fit_failure,0.027199484044580988,True,95,9.687610704594777e-09,True,0.7573547822887399,0.1744590011555595,31.657941385220024,181.46350245919183,0.0010322869349980227,0.03212922244620966,0.12594423769169366,True,True,0.4675520798621569,0.46312948887813754,0.48275927324150303,0.4567674774668302,0.9936891545573532,,,theorem_covered,True,7e7c359168029c70c974fc18a2ba61cb7b7c0ddec4ad56d28d885a6e417117d3,success,success,success,success
inference_diagnostic,6e4214ce260ae6c3,dgp4_N50_T50_r00003_truth1-1-1,4,50,50,3,selected_rank,A_G2_minus_G1_time_average,split_fit_failure,0.03675992968999335,True,87,9.619801154357473e-09,True,2.7754521681106947,0.1744590011555595,31.657941385220024,181.46350245919183,0.0019465313324075596,0.044119511923949924,0.17294530877285463,True,True,0.04947296085563536,0.07091032236707293,0.07476895959137883,0.0027396006084543234,0.9839282058252947,,,theorem_covered,True,7e7c359168029c70c974fc18a2ba61cb7b7c0ddec4ad56d28d885a6e417117d3,success,success,success,success
inference_diagnostic,6e4214ce260ae6c3,dgp4_N50_T50_r00003_truth1-1-1,4,50,50,3,selected_rank,B_G1_fixed_time,success,0.10421899972563178,True,94,7.674815294426483e-09,True,0.8495879016334527,0.1744590011555595,31.657941385220024,181.46350245919183,0.021717411666833747,0.14736828582443967,0.5776730653586127,True,True,0.551537416625502,,,0.551537416625502,0.5463387610250062,,,theorem_covered,True,7e7c359168029c70c974fc18a2ba61cb7b7c0ddec4ad56d28d885a6e417117d3,,,,
inference_diagnostic,6e4214ce260ae6c3,dgp4_N50_T50_r00003_truth1-1-1,4,50,50,3,selected_rank,B_G2_fixed_time,success,0.14870664941541537,True,92,7.925527691706615e-09,True,0.8764616649139253,0.1744590011555595,31.657941385220024,181.46350245919183,0.04074283852676802,0.20184855344234703,0.7912317901570171,True,True,0.7997695144535875,,,0.7997695144535875,0.8141906347940531,,,theorem_covered,True,7e7c359168029c70c974fc18a2ba61cb7b7c0ddec4ad56d28d885a6e417117d3,,,,
inference_diagnostic,6e4214ce260ae6c3,dgp4_N50_T50_r00003_truth1-1-1,4,50,50,3,selected_rank,B_G2_minus_G1_fixed_time,success,0.058156549493118416,True,95,8.436149354407866e-09,True,0.8046096083411103,0.1744590011555595,31.657941385220024,181.46350245919183,0.007501956109060597,0.08661383324308304,0.3395199874388017,True,True,0.24823209782808547,,,0.24823209782808547,0.2304940015574027,,,theorem_covered,True,7e7c359168029c70c974fc18a2ba61cb7b7c0ddec4ad56d28d885a6e417117d3,,,,
inference_diagnostic,6e4214ce260ae6c3,dgp4_N50_T50_r00003_truth1-1-1,4,50,50,3,selected_rank,B_G1_time_average,split_fit_failure,0.024858251497732627,True,96,9.481374219249849e-09,True,0.613323246446803,0.1744590011555595,31.657941385220024,181.46350245919183,0.006435759657907639,0.0802231865354876,0.3144691126691886,True,True,0.5063101015454026,0.5190969076041121,0.527472057883133,0.4723613391489626,0.963596674496998,,,theorem_covered,True,7e7c359168029c70c974fc18a2ba61cb7b7c0ddec4ad56d28d885a6e417117d3,success,success,success,success
inference_diagnostic,6e4214ce260ae6c3,dgp4_N50_T50_r00003_truth1-1-1,4,50,50,3,selected_rank,B_G2_time_average,split_fit_failure,0.02623432261384279,True,97,8.546759895350998e-09,True,0.6252218582712931,0.1744590011555595,31.657941385220024,181.46350245919183,0.005413669251621318,0.07357764097619139,0.28841905276150726,True,True,0.7341866061480009,0.7174632438417945,0.6956338019788199,0.7894627726233884,0.9826756931197219,,,theorem_covered,True,7e7c359168029c70c974fc18a2ba61cb7b7c0ddec4ad56d28d885a6e417117d3,success,success,success,success
inference_diagnostic,6e4214ce260ae6c3,dgp4_N50_T50_r00003_truth1-1-1,4,50,50,3,selected_rank,B_G2_minus_G1_time_average,split_fit_failure,0.03348528023270873,True,95,9.458336353946085e-09,True,0.674738894984055,0.1744590011555595,31.657941385220024,181.46350245919183,0.009954934143282926,0.09977441627633271,0.3911085249602382,True,True,0.22787650460259815,0.1983663362376824,0.16816174409568682,0.3171014334744252,0.9505353763296461,,,theorem_covered,True,7e7c359168029c70c974fc18a2ba61cb7b7c0ddec4ad56d28d885a6e417117d3,success,success,success,success
